key,reason,language,language_name,english,dutch,current_translation,previous_english,previous_dutch,comment,source_file
game.claw.grab,new_key,af,Afrikaans,Grab!,Pak!,,,,Label on the large physical grab button of the claw machine. Keep it short; longer translations shrink to fit the cap.,Localizable.xcstrings
game.claw.grab,new_key,am,Amharic,Grab!,Pak!,,,,Label on the large physical grab button of the claw machine. Keep it short; longer translations shrink to fit the cap.,Localizable.xcstrings
game.claw.grab,new_key,ar,Arabic,Grab!,Pak!,,,,Label on the large physical grab button of the claw machine. Keep it short; longer translations shrink to fit the cap.,Localizable.xcstrings
game.claw.grab,new_key,as,Assamese,Grab!,Pak!,,,,Label on the large physical grab button of the claw machine. Keep it short; longer translations shrink to fit the cap.,Localizable.xcstrings
game.claw.grab,new_key,az,Azerbaijani,Grab!,Pak!,,,,Label on the large physical grab button of the claw machine. Keep it short; longer translations shrink to fit the cap.,Localizable.xcstrings
game.claw.grab,new_key,be,Belarusian,Grab!,Pak!,,,,Label on the large physical grab button of the claw machine. Keep it short; longer translations shrink to fit the cap.,Localizable.xcstrings
game.claw.grab,new_key,bg,Bulgarian,Grab!,Pak!,,,,Label on the large physical grab button of the claw machine. Keep it short; longer translations shrink to fit the cap.,Localizable.xcstrings
game.claw.grab,new_key,bn,Bengali,Grab!,Pak!,,,,Label on the large physical grab button of the claw machine. Keep it short; longer translations shrink to fit the cap.,Localizable.xcstrings
game.claw.grab,new_key,bo,Tibetan,Grab!,Pak!,,,,Label on the large physical grab button of the claw machine. Keep it short; longer translations shrink to fit the cap.,Localizable.xcstrings
game.claw.grab,new_key,bs,Bosnian,Grab!,Pak!,,,,Label on the large physical grab button of the claw machine. Keep it short; longer translations shrink to fit the cap.,Localizable.xcstrings
game.claw.grab,new_key,ca,Catalan,Grab!,Pak!,,,,Label on the large physical grab button of the claw machine. Keep it short; longer translations shrink to fit the cap.,Localizable.xcstrings
game.claw.grab,new_key,cs,Czech,Grab!,Pak!,,,,Label on the large physical grab button of the claw machine. Keep it short; longer translations shrink to fit the cap.,Localizable.xcstrings
game.claw.grab,new_key,cy,Welsh,Grab!,Pak!,,,,Label on the large physical grab button of the claw machine. Keep it short; longer translations shrink to fit the cap.,Localizable.xcstrings
game.claw.grab,new_key,da,Danish,Grab!,Pak!,,,,Label on the large physical grab button of the claw machine. Keep it short; longer translations shrink to fit the cap.,Localizable.xcstrings
game.claw.grab,new_key,de,German,Grab!,Pak!,,,,Label on the large physical grab button of the claw machine. Keep it short; longer translations shrink to fit the cap.,Localizable.xcstrings
game.claw.grab,new_key,el,Greek,Grab!,Pak!,,,,Label on the large physical grab button of the claw machine. Keep it short; longer translations shrink to fit the cap.,Localizable.xcstrings
game.claw.grab,new_key,es,Spanish,Grab!,Pak!,,,,Label on the large physical grab button of the claw machine. Keep it short; longer translations shrink to fit the cap.,Localizable.xcstrings
game.claw.grab,new_key,et,Estonian,Grab!,Pak!,,,,Label on the large physical grab button of the claw machine. Keep it short; longer translations shrink to fit the cap.,Localizable.xcstrings
game.claw.grab,new_key,eu,Basque,Grab!,Pak!,,,,Label on the large physical grab button of the claw machine. Keep it short; longer translations shrink to fit the cap.,Localizable.xcstrings
game.claw.grab,new_key,fa,Persian,Grab!,Pak!,,,,Label on the large physical grab button of the claw machine. Keep it short; longer translations shrink to fit the cap.,Localizable.xcstrings
game.claw.grab,new_key,fi,Finnish,Grab!,Pak!,,,,Label on the large physical grab button of the claw machine. Keep it short; longer translations shrink to fit the cap.,Localizable.xcstrings
game.claw.grab,new_key,fo,Faroese,Grab!,Pak!,,,,Label on the large physical grab button of the claw machine. Keep it short; longer translations shrink to fit the cap.,Localizable.xcstrings
game.claw.grab,new_key,fr,French,Grab!,Pak!,,,,Label on the large physical grab button of the claw machine. Keep it short; longer translations shrink to fit the cap.,Localizable.xcstrings
game.claw.grab,new_key,ga,Irish,Grab!,Pak!,,,,Label on the large physical grab button of the claw machine. Keep it short; longer translations shrink to fit the cap.,Localizable.xcstrings
game.claw.grab,new_key,gl,Galician,Grab!,Pak!,,,,Label on the large physical grab button of the claw machine. Keep it short; longer translations shrink to fit the cap.,Localizable.xcstrings
game.claw.grab,new_key,gu,Gujarati,Grab!,Pak!,,,,Label on the large physical grab button of the claw machine. Keep it short; longer translations shrink to fit the cap.,Localizable.xcstrings
game.claw.grab,new_key,he,Hebrew,Grab!,Pak!,,,,Label on the large physical grab button of the claw machine. Keep it short; longer translations shrink to fit the cap.,Localizable.xcstrings
game.claw.grab,new_key,hi,Hindi,Grab!,Pak!,,,,Label on the large physical grab button of the claw machine. Keep it short; longer translations shrink to fit the cap.,Localizable.xcstrings
game.claw.grab,new_key,hr,Croatian,Grab!,Pak!,,,,Label on the large physical grab button of the claw machine. Keep it short; longer translations shrink to fit the cap.,Localizable.xcstrings
game.claw.grab,new_key,hu,Hungarian,Grab!,Pak!,,,,Label on the large physical grab button of the claw machine. Keep it short; longer translations shrink to fit the cap.,Localizable.xcstrings
game.claw.grab,new_key,hy,Armenian,Grab!,Pak!,,,,Label on the large physical grab button of the claw machine. Keep it short; longer translations shrink to fit the cap.,Localizable.xcstrings
game.claw.grab,new_key,id,Indonesian,Grab!,Pak!,,,,Label on the large physical grab button of the claw machine. Keep it short; longer translations shrink to fit the cap.,Localizable.xcstrings
game.claw.grab,new_key,is,Icelandic,Grab!,Pak!,,,,Label on the large physical grab button of the claw machine. Keep it short; longer translations shrink to fit the cap.,Localizable.xcstrings
game.claw.grab,new_key,it,Italian,Grab!,Pak!,,,,Label on the large physical grab button of the claw machine. Keep it short; longer translations shrink to fit the cap.,Localizable.xcstrings
game.claw.grab,new_key,ja,Japanese,Grab!,Pak!,,,,Label on the large physical grab button of the claw machine. Keep it short; longer translations shrink to fit the cap.,Localizable.xcstrings
game.claw.grab,new_key,ka,Georgian,Grab!,Pak!,,,,Label on the large physical grab button of the claw machine. Keep it short; longer translations shrink to fit the cap.,Localizable.xcstrings
game.claw.grab,new_key,kk,Kazakh,Grab!,Pak!,,,,Label on the large physical grab button of the claw machine. Keep it short; longer translations shrink to fit the cap.,Localizable.xcstrings
game.claw.grab,new_key,km,Khmer,Grab!,Pak!,,,,Label on the large physical grab button of the claw machine. Keep it short; longer translations shrink to fit the cap.,Localizable.xcstrings
game.claw.grab,new_key,kn,Kannada,Grab!,Pak!,,,,Label on the large physical grab button of the claw machine. Keep it short; longer translations shrink to fit the cap.,Localizable.xcstrings
game.claw.grab,new_key,ko,Korean,Grab!,Pak!,,,,Label on the large physical grab button of the claw machine. Keep it short; longer translations shrink to fit the cap.,Localizable.xcstrings
game.claw.grab,new_key,lo,Lao,Grab!,Pak!,,,,Label on the large physical grab button of the claw machine. Keep it short; longer translations shrink to fit the cap.,Localizable.xcstrings
game.claw.grab,new_key,lt,Lithuanian,Grab!,Pak!,,,,Label on the large physical grab button of the claw machine. Keep it short; longer translations shrink to fit the cap.,Localizable.xcstrings
game.claw.grab,new_key,lv,Latvian,Grab!,Pak!,,,,Label on the large physical grab button of the claw machine. Keep it short; longer translations shrink to fit the cap.,Localizable.xcstrings
game.claw.grab,new_key,mk,Macedonian,Grab!,Pak!,,,,Label on the large physical grab button of the claw machine. Keep it short; longer translations shrink to fit the cap.,Localizable.xcstrings
game.claw.grab,new_key,ml,Malayalam,Grab!,Pak!,,,,Label on the large physical grab button of the claw machine. Keep it short; longer translations shrink to fit the cap.,Localizable.xcstrings
game.claw.grab,new_key,mn,Mongolian,Grab!,Pak!,,,,Label on the large physical grab button of the claw machine. Keep it short; longer translations shrink to fit the cap.,Localizable.xcstrings
game.claw.grab,new_key,mr,Marathi,Grab!,Pak!,,,,Label on the large physical grab button of the claw machine. Keep it short; longer translations shrink to fit the cap.,Localizable.xcstrings
game.claw.grab,new_key,ms,Malay,Grab!,Pak!,,,,Label on the large physical grab button of the claw machine. Keep it short; longer translations shrink to fit the cap.,Localizable.xcstrings
game.claw.grab,new_key,my,Burmese,Grab!,Pak!,,,,Label on the large physical grab button of the claw machine. Keep it short; longer translations shrink to fit the cap.,Localizable.xcstrings
game.claw.grab,new_key,nb,Norwegian,Grab!,Pak!,,,,Label on the large physical grab button of the claw machine. Keep it short; longer translations shrink to fit the cap.,Localizable.xcstrings
game.claw.grab,new_key,ne,Nepali,Grab!,Pak!,,,,Label on the large physical grab button of the claw machine. Keep it short; longer translations shrink to fit the cap.,Localizable.xcstrings
game.claw.grab,new_key,or,Odia,Grab!,Pak!,,,,Label on the large physical grab button of the claw machine. Keep it short; longer translations shrink to fit the cap.,Localizable.xcstrings
game.claw.grab,new_key,pa,Punjabi,Grab!,Pak!,,,,Label on the large physical grab button of the claw machine. Keep it short; longer translations shrink to fit the cap.,Localizable.xcstrings
game.claw.grab,new_key,pl,Polish,Grab!,Pak!,,,,Label on the large physical grab button of the claw machine. Keep it short; longer translations shrink to fit the cap.,Localizable.xcstrings
game.claw.grab,new_key,pt,Portuguese,Grab!,Pak!,,,,Label on the large physical grab button of the claw machine. Keep it short; longer translations shrink to fit the cap.,Localizable.xcstrings
game.claw.grab,new_key,ro,Romanian,Grab!,Pak!,,,,Label on the large physical grab button of the claw machine. Keep it short; longer translations shrink to fit the cap.,Localizable.xcstrings
game.claw.grab,new_key,ru,Russian,Grab!,Pak!,,,,Label on the large physical grab button of the claw machine. Keep it short; longer translations shrink to fit the cap.,Localizable.xcstrings
game.claw.grab,new_key,si,Sinhala,Grab!,Pak!,,,,Label on the large physical grab button of the claw machine. Keep it short; longer translations shrink to fit the cap.,Localizable.xcstrings
game.claw.grab,new_key,sk,Slovak,Grab!,Pak!,,,,Label on the large physical grab button of the claw machine. Keep it short; longer translations shrink to fit the cap.,Localizable.xcstrings
game.claw.grab,new_key,sl,Slovenian,Grab!,Pak!,,,,Label on the large physical grab button of the claw machine. Keep it short; longer translations shrink to fit the cap.,Localizable.xcstrings
game.claw.grab,new_key,sq,Albanian,Grab!,Pak!,,,,Label on the large physical grab button of the claw machine. Keep it short; longer translations shrink to fit the cap.,Localizable.xcstrings
game.claw.grab,new_key,sr,Serbian,Grab!,Pak!,,,,Label on the large physical grab button of the claw machine. Keep it short; longer translations shrink to fit the cap.,Localizable.xcstrings
game.claw.grab,new_key,sv,Swedish,Grab!,Pak!,,,,Label on the large physical grab button of the claw machine. Keep it short; longer translations shrink to fit the cap.,Localizable.xcstrings
game.claw.grab,new_key,sw,Swahili,Grab!,Pak!,,,,Label on the large physical grab button of the claw machine. Keep it short; longer translations shrink to fit the cap.,Localizable.xcstrings
game.claw.grab,new_key,ta,Tamil,Grab!,Pak!,,,,Label on the large physical grab button of the claw machine. Keep it short; longer translations shrink to fit the cap.,Localizable.xcstrings
game.claw.grab,new_key,te,Telugu,Grab!,Pak!,,,,Label on the large physical grab button of the claw machine. Keep it short; longer translations shrink to fit the cap.,Localizable.xcstrings
game.claw.grab,new_key,th,Thai,Grab!,Pak!,,,,Label on the large physical grab button of the claw machine. Keep it short; longer translations shrink to fit the cap.,Localizable.xcstrings
game.claw.grab,new_key,tr,Turkish,Grab!,Pak!,,,,Label on the large physical grab button of the claw machine. Keep it short; longer translations shrink to fit the cap.,Localizable.xcstrings
game.claw.grab,new_key,ug,Uyghur,Grab!,Pak!,,,,Label on the large physical grab button of the claw machine. Keep it short; longer translations shrink to fit the cap.,Localizable.xcstrings
game.claw.grab,new_key,uk,Ukrainian,Grab!,Pak!,,,,Label on the large physical grab button of the claw machine. Keep it short; longer translations shrink to fit the cap.,Localizable.xcstrings
game.claw.grab,new_key,ur,Urdu,Grab!,Pak!,,,,Label on the large physical grab button of the claw machine. Keep it short; longer translations shrink to fit the cap.,Localizable.xcstrings
game.claw.grab,new_key,uz,Uzbek,Grab!,Pak!,,,,Label on the large physical grab button of the claw machine. Keep it short; longer translations shrink to fit the cap.,Localizable.xcstrings
game.claw.grab,new_key,vi,Vietnamese,Grab!,Pak!,,,,Label on the large physical grab button of the claw machine. Keep it short; longer translations shrink to fit the cap.,Localizable.xcstrings
game.claw.grab,new_key,zh,Chinese,Grab!,Pak!,,,,Label on the large physical grab button of the claw machine. Keep it short; longer translations shrink to fit the cap.,Localizable.xcstrings
game.claw.grab,new_key,zu,Zulu,Grab!,Pak!,,,,Label on the large physical grab button of the claw machine. Keep it short; longer translations shrink to fit the cap.,Localizable.xcstrings
game.claw.joystick,new_key,af,Afrikaans,Move the elephant,Beweeg de olifant,,,,VoiceOver label for the claw joystick.,Localizable.xcstrings
game.claw.joystick,new_key,am,Amharic,Move the elephant,Beweeg de olifant,,,,VoiceOver label for the claw joystick.,Localizable.xcstrings
game.claw.joystick,new_key,ar,Arabic,Move the elephant,Beweeg de olifant,,,,VoiceOver label for the claw joystick.,Localizable.xcstrings
game.claw.joystick,new_key,as,Assamese,Move the elephant,Beweeg de olifant,,,,VoiceOver label for the claw joystick.,Localizable.xcstrings
game.claw.joystick,new_key,az,Azerbaijani,Move the elephant,Beweeg de olifant,,,,VoiceOver label for the claw joystick.,Localizable.xcstrings
game.claw.joystick,new_key,be,Belarusian,Move the elephant,Beweeg de olifant,,,,VoiceOver label for the claw joystick.,Localizable.xcstrings
game.claw.joystick,new_key,bg,Bulgarian,Move the elephant,Beweeg de olifant,,,,VoiceOver label for the claw joystick.,Localizable.xcstrings
game.claw.joystick,new_key,bn,Bengali,Move the elephant,Beweeg de olifant,,,,VoiceOver label for the claw joystick.,Localizable.xcstrings
game.claw.joystick,new_key,bo,Tibetan,Move the elephant,Beweeg de olifant,,,,VoiceOver label for the claw joystick.,Localizable.xcstrings
game.claw.joystick,new_key,bs,Bosnian,Move the elephant,Beweeg de olifant,,,,VoiceOver label for the claw joystick.,Localizable.xcstrings
game.claw.joystick,new_key,ca,Catalan,Move the elephant,Beweeg de olifant,,,,VoiceOver label for the claw joystick.,Localizable.xcstrings
game.claw.joystick,new_key,cs,Czech,Move the elephant,Beweeg de olifant,,,,VoiceOver label for the claw joystick.,Localizable.xcstrings
game.claw.joystick,new_key,cy,Welsh,Move the elephant,Beweeg de olifant,,,,VoiceOver label for the claw joystick.,Localizable.xcstrings
game.claw.joystick,new_key,da,Danish,Move the elephant,Beweeg de olifant,,,,VoiceOver label for the claw joystick.,Localizable.xcstrings
game.claw.joystick,new_key,de,German,Move the elephant,Beweeg de olifant,,,,VoiceOver label for the claw joystick.,Localizable.xcstrings
game.claw.joystick,new_key,el,Greek,Move the elephant,Beweeg de olifant,,,,VoiceOver label for the claw joystick.,Localizable.xcstrings
game.claw.joystick,new_key,es,Spanish,Move the elephant,Beweeg de olifant,,,,VoiceOver label for the claw joystick.,Localizable.xcstrings
game.claw.joystick,new_key,et,Estonian,Move the elephant,Beweeg de olifant,,,,VoiceOver label for the claw joystick.,Localizable.xcstrings
game.claw.joystick,new_key,eu,Basque,Move the elephant,Beweeg de olifant,,,,VoiceOver label for the claw joystick.,Localizable.xcstrings
game.claw.joystick,new_key,fa,Persian,Move the elephant,Beweeg de olifant,,,,VoiceOver label for the claw joystick.,Localizable.xcstrings
game.claw.joystick,new_key,fi,Finnish,Move the elephant,Beweeg de olifant,,,,VoiceOver label for the claw joystick.,Localizable.xcstrings
game.claw.joystick,new_key,fo,Faroese,Move the elephant,Beweeg de olifant,,,,VoiceOver label for the claw joystick.,Localizable.xcstrings
game.claw.joystick,new_key,fr,French,Move the elephant,Beweeg de olifant,,,,VoiceOver label for the claw joystick.,Localizable.xcstrings
game.claw.joystick,new_key,ga,Irish,Move the elephant,Beweeg de olifant,,,,VoiceOver label for the claw joystick.,Localizable.xcstrings
game.claw.joystick,new_key,gl,Galician,Move the elephant,Beweeg de olifant,,,,VoiceOver label for the claw joystick.,Localizable.xcstrings
game.claw.joystick,new_key,gu,Gujarati,Move the elephant,Beweeg de olifant,,,,VoiceOver label for the claw joystick.,Localizable.xcstrings
game.claw.joystick,new_key,he,Hebrew,Move the elephant,Beweeg de olifant,,,,VoiceOver label for the claw joystick.,Localizable.xcstrings
game.claw.joystick,new_key,hi,Hindi,Move the elephant,Beweeg de olifant,,,,VoiceOver label for the claw joystick.,Localizable.xcstrings
game.claw.joystick,new_key,hr,Croatian,Move the elephant,Beweeg de olifant,,,,VoiceOver label for the claw joystick.,Localizable.xcstrings
game.claw.joystick,new_key,hu,Hungarian,Move the elephant,Beweeg de olifant,,,,VoiceOver label for the claw joystick.,Localizable.xcstrings
game.claw.joystick,new_key,hy,Armenian,Move the elephant,Beweeg de olifant,,,,VoiceOver label for the claw joystick.,Localizable.xcstrings
game.claw.joystick,new_key,id,Indonesian,Move the elephant,Beweeg de olifant,,,,VoiceOver label for the claw joystick.,Localizable.xcstrings
game.claw.joystick,new_key,is,Icelandic,Move the elephant,Beweeg de olifant,,,,VoiceOver label for the claw joystick.,Localizable.xcstrings
game.claw.joystick,new_key,it,Italian,Move the elephant,Beweeg de olifant,,,,VoiceOver label for the claw joystick.,Localizable.xcstrings
game.claw.joystick,new_key,ja,Japanese,Move the elephant,Beweeg de olifant,,,,VoiceOver label for the claw joystick.,Localizable.xcstrings
game.claw.joystick,new_key,ka,Georgian,Move the elephant,Beweeg de olifant,,,,VoiceOver label for the claw joystick.,Localizable.xcstrings
game.claw.joystick,new_key,kk,Kazakh,Move the elephant,Beweeg de olifant,,,,VoiceOver label for the claw joystick.,Localizable.xcstrings
game.claw.joystick,new_key,km,Khmer,Move the elephant,Beweeg de olifant,,,,VoiceOver label for the claw joystick.,Localizable.xcstrings
game.claw.joystick,new_key,kn,Kannada,Move the elephant,Beweeg de olifant,,,,VoiceOver label for the claw joystick.,Localizable.xcstrings
game.claw.joystick,new_key,ko,Korean,Move the elephant,Beweeg de olifant,,,,VoiceOver label for the claw joystick.,Localizable.xcstrings
game.claw.joystick,new_key,lo,Lao,Move the elephant,Beweeg de olifant,,,,VoiceOver label for the claw joystick.,Localizable.xcstrings
game.claw.joystick,new_key,lt,Lithuanian,Move the elephant,Beweeg de olifant,,,,VoiceOver label for the claw joystick.,Localizable.xcstrings
game.claw.joystick,new_key,lv,Latvian,Move the elephant,Beweeg de olifant,,,,VoiceOver label for the claw joystick.,Localizable.xcstrings
game.claw.joystick,new_key,mk,Macedonian,Move the elephant,Beweeg de olifant,,,,VoiceOver label for the claw joystick.,Localizable.xcstrings
game.claw.joystick,new_key,ml,Malayalam,Move the elephant,Beweeg de olifant,,,,VoiceOver label for the claw joystick.,Localizable.xcstrings
game.claw.joystick,new_key,mn,Mongolian,Move the elephant,Beweeg de olifant,,,,VoiceOver label for the claw joystick.,Localizable.xcstrings
game.claw.joystick,new_key,mr,Marathi,Move the elephant,Beweeg de olifant,,,,VoiceOver label for the claw joystick.,Localizable.xcstrings
game.claw.joystick,new_key,ms,Malay,Move the elephant,Beweeg de olifant,,,,VoiceOver label for the claw joystick.,Localizable.xcstrings
game.claw.joystick,new_key,my,Burmese,Move the elephant,Beweeg de olifant,,,,VoiceOver label for the claw joystick.,Localizable.xcstrings
game.claw.joystick,new_key,nb,Norwegian,Move the elephant,Beweeg de olifant,,,,VoiceOver label for the claw joystick.,Localizable.xcstrings
game.claw.joystick,new_key,ne,Nepali,Move the elephant,Beweeg de olifant,,,,VoiceOver label for the claw joystick.,Localizable.xcstrings
game.claw.joystick,new_key,or,Odia,Move the elephant,Beweeg de olifant,,,,VoiceOver label for the claw joystick.,Localizable.xcstrings
game.claw.joystick,new_key,pa,Punjabi,Move the elephant,Beweeg de olifant,,,,VoiceOver label for the claw joystick.,Localizable.xcstrings
game.claw.joystick,new_key,pl,Polish,Move the elephant,Beweeg de olifant,,,,VoiceOver label for the claw joystick.,Localizable.xcstrings
game.claw.joystick,new_key,pt,Portuguese,Move the elephant,Beweeg de olifant,,,,VoiceOver label for the claw joystick.,Localizable.xcstrings
game.claw.joystick,new_key,ro,Romanian,Move the elephant,Beweeg de olifant,,,,VoiceOver label for the claw joystick.,Localizable.xcstrings
game.claw.joystick,new_key,ru,Russian,Move the elephant,Beweeg de olifant,,,,VoiceOver label for the claw joystick.,Localizable.xcstrings
game.claw.joystick,new_key,si,Sinhala,Move the elephant,Beweeg de olifant,,,,VoiceOver label for the claw joystick.,Localizable.xcstrings
game.claw.joystick,new_key,sk,Slovak,Move the elephant,Beweeg de olifant,,,,VoiceOver label for the claw joystick.,Localizable.xcstrings
game.claw.joystick,new_key,sl,Slovenian,Move the elephant,Beweeg de olifant,,,,VoiceOver label for the claw joystick.,Localizable.xcstrings
game.claw.joystick,new_key,sq,Albanian,Move the elephant,Beweeg de olifant,,,,VoiceOver label for the claw joystick.,Localizable.xcstrings
game.claw.joystick,new_key,sr,Serbian,Move the elephant,Beweeg de olifant,,,,VoiceOver label for the claw joystick.,Localizable.xcstrings
game.claw.joystick,new_key,sv,Swedish,Move the elephant,Beweeg de olifant,,,,VoiceOver label for the claw joystick.,Localizable.xcstrings
game.claw.joystick,new_key,sw,Swahili,Move the elephant,Beweeg de olifant,,,,VoiceOver label for the claw joystick.,Localizable.xcstrings
game.claw.joystick,new_key,ta,Tamil,Move the elephant,Beweeg de olifant,,,,VoiceOver label for the claw joystick.,Localizable.xcstrings
game.claw.joystick,new_key,te,Telugu,Move the elephant,Beweeg de olifant,,,,VoiceOver label for the claw joystick.,Localizable.xcstrings
game.claw.joystick,new_key,th,Thai,Move the elephant,Beweeg de olifant,,,,VoiceOver label for the claw joystick.,Localizable.xcstrings
game.claw.joystick,new_key,tr,Turkish,Move the elephant,Beweeg de olifant,,,,VoiceOver label for the claw joystick.,Localizable.xcstrings
game.claw.joystick,new_key,ug,Uyghur,Move the elephant,Beweeg de olifant,,,,VoiceOver label for the claw joystick.,Localizable.xcstrings
game.claw.joystick,new_key,uk,Ukrainian,Move the elephant,Beweeg de olifant,,,,VoiceOver label for the claw joystick.,Localizable.xcstrings
game.claw.joystick,new_key,ur,Urdu,Move the elephant,Beweeg de olifant,,,,VoiceOver label for the claw joystick.,Localizable.xcstrings
game.claw.joystick,new_key,uz,Uzbek,Move the elephant,Beweeg de olifant,,,,VoiceOver label for the claw joystick.,Localizable.xcstrings
game.claw.joystick,new_key,vi,Vietnamese,Move the elephant,Beweeg de olifant,,,,VoiceOver label for the claw joystick.,Localizable.xcstrings
game.claw.joystick,new_key,zh,Chinese,Move the elephant,Beweeg de olifant,,,,VoiceOver label for the claw joystick.,Localizable.xcstrings
game.claw.joystick,new_key,zu,Zulu,Move the elephant,Beweeg de olifant,,,,VoiceOver label for the claw joystick.,Localizable.xcstrings
game.claw.progress %lld %lld,new_key,af,Afrikaans,SUM %lld / %lld,SOM %lld / %lld,,,,"Sum index out of the board target, shown above the question.",Localizable.xcstrings
game.claw.progress %lld %lld,new_key,am,Amharic,SUM %lld / %lld,SOM %lld / %lld,,,,"Sum index out of the board target, shown above the question.",Localizable.xcstrings
game.claw.progress %lld %lld,new_key,ar,Arabic,SUM %lld / %lld,SOM %lld / %lld,,,,"Sum index out of the board target, shown above the question.",Localizable.xcstrings
game.claw.progress %lld %lld,new_key,as,Assamese,SUM %lld / %lld,SOM %lld / %lld,,,,"Sum index out of the board target, shown above the question.",Localizable.xcstrings
game.claw.progress %lld %lld,new_key,az,Azerbaijani,SUM %lld / %lld,SOM %lld / %lld,,,,"Sum index out of the board target, shown above the question.",Localizable.xcstrings
game.claw.progress %lld %lld,new_key,be,Belarusian,SUM %lld / %lld,SOM %lld / %lld,,,,"Sum index out of the board target, shown above the question.",Localizable.xcstrings
game.claw.progress %lld %lld,new_key,bg,Bulgarian,SUM %lld / %lld,SOM %lld / %lld,,,,"Sum index out of the board target, shown above the question.",Localizable.xcstrings
game.claw.progress %lld %lld,new_key,bn,Bengali,SUM %lld / %lld,SOM %lld / %lld,,,,"Sum index out of the board target, shown above the question.",Localizable.xcstrings
game.claw.progress %lld %lld,new_key,bo,Tibetan,SUM %lld / %lld,SOM %lld / %lld,,,,"Sum index out of the board target, shown above the question.",Localizable.xcstrings
game.claw.progress %lld %lld,new_key,bs,Bosnian,SUM %lld / %lld,SOM %lld / %lld,,,,"Sum index out of the board target, shown above the question.",Localizable.xcstrings
game.claw.progress %lld %lld,new_key,ca,Catalan,SUM %lld / %lld,SOM %lld / %lld,,,,"Sum index out of the board target, shown above the question.",Localizable.xcstrings
game.claw.progress %lld %lld,new_key,cs,Czech,SUM %lld / %lld,SOM %lld / %lld,,,,"Sum index out of the board target, shown above the question.",Localizable.xcstrings
game.claw.progress %lld %lld,new_key,cy,Welsh,SUM %lld / %lld,SOM %lld / %lld,,,,"Sum index out of the board target, shown above the question.",Localizable.xcstrings
game.claw.progress %lld %lld,new_key,da,Danish,SUM %lld / %lld,SOM %lld / %lld,,,,"Sum index out of the board target, shown above the question.",Localizable.xcstrings
game.claw.progress %lld %lld,new_key,de,German,SUM %lld / %lld,SOM %lld / %lld,,,,"Sum index out of the board target, shown above the question.",Localizable.xcstrings
game.claw.progress %lld %lld,new_key,el,Greek,SUM %lld / %lld,SOM %lld / %lld,,,,"Sum index out of the board target, shown above the question.",Localizable.xcstrings
game.claw.progress %lld %lld,new_key,es,Spanish,SUM %lld / %lld,SOM %lld / %lld,,,,"Sum index out of the board target, shown above the question.",Localizable.xcstrings
game.claw.progress %lld %lld,new_key,et,Estonian,SUM %lld / %lld,SOM %lld / %lld,,,,"Sum index out of the board target, shown above the question.",Localizable.xcstrings
game.claw.progress %lld %lld,new_key,eu,Basque,SUM %lld / %lld,SOM %lld / %lld,,,,"Sum index out of the board target, shown above the question.",Localizable.xcstrings
game.claw.progress %lld %lld,new_key,fa,Persian,SUM %lld / %lld,SOM %lld / %lld,,,,"Sum index out of the board target, shown above the question.",Localizable.xcstrings
game.claw.progress %lld %lld,new_key,fi,Finnish,SUM %lld / %lld,SOM %lld / %lld,,,,"Sum index out of the board target, shown above the question.",Localizable.xcstrings
game.claw.progress %lld %lld,new_key,fo,Faroese,SUM %lld / %lld,SOM %lld / %lld,,,,"Sum index out of the board target, shown above the question.",Localizable.xcstrings
game.claw.progress %lld %lld,new_key,fr,French,SUM %lld / %lld,SOM %lld / %lld,,,,"Sum index out of the board target, shown above the question.",Localizable.xcstrings
game.claw.progress %lld %lld,new_key,ga,Irish,SUM %lld / %lld,SOM %lld / %lld,,,,"Sum index out of the board target, shown above the question.",Localizable.xcstrings
game.claw.progress %lld %lld,new_key,gl,Galician,SUM %lld / %lld,SOM %lld / %lld,,,,"Sum index out of the board target, shown above the question.",Localizable.xcstrings
game.claw.progress %lld %lld,new_key,gu,Gujarati,SUM %lld / %lld,SOM %lld / %lld,,,,"Sum index out of the board target, shown above the question.",Localizable.xcstrings
game.claw.progress %lld %lld,new_key,he,Hebrew,SUM %lld / %lld,SOM %lld / %lld,,,,"Sum index out of the board target, shown above the question.",Localizable.xcstrings
game.claw.progress %lld %lld,new_key,hi,Hindi,SUM %lld / %lld,SOM %lld / %lld,,,,"Sum index out of the board target, shown above the question.",Localizable.xcstrings
game.claw.progress %lld %lld,new_key,hr,Croatian,SUM %lld / %lld,SOM %lld / %lld,,,,"Sum index out of the board target, shown above the question.",Localizable.xcstrings
game.claw.progress %lld %lld,new_key,hu,Hungarian,SUM %lld / %lld,SOM %lld / %lld,,,,"Sum index out of the board target, shown above the question.",Localizable.xcstrings
game.claw.progress %lld %lld,new_key,hy,Armenian,SUM %lld / %lld,SOM %lld / %lld,,,,"Sum index out of the board target, shown above the question.",Localizable.xcstrings
game.claw.progress %lld %lld,new_key,id,Indonesian,SUM %lld / %lld,SOM %lld / %lld,,,,"Sum index out of the board target, shown above the question.",Localizable.xcstrings
game.claw.progress %lld %lld,new_key,is,Icelandic,SUM %lld / %lld,SOM %lld / %lld,,,,"Sum index out of the board target, shown above the question.",Localizable.xcstrings
game.claw.progress %lld %lld,new_key,it,Italian,SUM %lld / %lld,SOM %lld / %lld,,,,"Sum index out of the board target, shown above the question.",Localizable.xcstrings
game.claw.progress %lld %lld,new_key,ja,Japanese,SUM %lld / %lld,SOM %lld / %lld,,,,"Sum index out of the board target, shown above the question.",Localizable.xcstrings
game.claw.progress %lld %lld,new_key,ka,Georgian,SUM %lld / %lld,SOM %lld / %lld,,,,"Sum index out of the board target, shown above the question.",Localizable.xcstrings
game.claw.progress %lld %lld,new_key,kk,Kazakh,SUM %lld / %lld,SOM %lld / %lld,,,,"Sum index out of the board target, shown above the question.",Localizable.xcstrings
game.claw.progress %lld %lld,new_key,km,Khmer,SUM %lld / %lld,SOM %lld / %lld,,,,"Sum index out of the board target, shown above the question.",Localizable.xcstrings
game.claw.progress %lld %lld,new_key,kn,Kannada,SUM %lld / %lld,SOM %lld / %lld,,,,"Sum index out of the board target, shown above the question.",Localizable.xcstrings
game.claw.progress %lld %lld,new_key,ko,Korean,SUM %lld / %lld,SOM %lld / %lld,,,,"Sum index out of the board target, shown above the question.",Localizable.xcstrings
game.claw.progress %lld %lld,new_key,lo,Lao,SUM %lld / %lld,SOM %lld / %lld,,,,"Sum index out of the board target, shown above the question.",Localizable.xcstrings
game.claw.progress %lld %lld,new_key,lt,Lithuanian,SUM %lld / %lld,SOM %lld / %lld,,,,"Sum index out of the board target, shown above the question.",Localizable.xcstrings
game.claw.progress %lld %lld,new_key,lv,Latvian,SUM %lld / %lld,SOM %lld / %lld,,,,"Sum index out of the board target, shown above the question.",Localizable.xcstrings
game.claw.progress %lld %lld,new_key,mk,Macedonian,SUM %lld / %lld,SOM %lld / %lld,,,,"Sum index out of the board target, shown above the question.",Localizable.xcstrings
game.claw.progress %lld %lld,new_key,ml,Malayalam,SUM %lld / %lld,SOM %lld / %lld,,,,"Sum index out of the board target, shown above the question.",Localizable.xcstrings
game.claw.progress %lld %lld,new_key,mn,Mongolian,SUM %lld / %lld,SOM %lld / %lld,,,,"Sum index out of the board target, shown above the question.",Localizable.xcstrings
game.claw.progress %lld %lld,new_key,mr,Marathi,SUM %lld / %lld,SOM %lld / %lld,,,,"Sum index out of the board target, shown above the question.",Localizable.xcstrings
game.claw.progress %lld %lld,new_key,ms,Malay,SUM %lld / %lld,SOM %lld / %lld,,,,"Sum index out of the board target, shown above the question.",Localizable.xcstrings
game.claw.progress %lld %lld,new_key,my,Burmese,SUM %lld / %lld,SOM %lld / %lld,,,,"Sum index out of the board target, shown above the question.",Localizable.xcstrings
game.claw.progress %lld %lld,new_key,nb,Norwegian,SUM %lld / %lld,SOM %lld / %lld,,,,"Sum index out of the board target, shown above the question.",Localizable.xcstrings
game.claw.progress %lld %lld,new_key,ne,Nepali,SUM %lld / %lld,SOM %lld / %lld,,,,"Sum index out of the board target, shown above the question.",Localizable.xcstrings
game.claw.progress %lld %lld,new_key,or,Odia,SUM %lld / %lld,SOM %lld / %lld,,,,"Sum index out of the board target, shown above the question.",Localizable.xcstrings
game.claw.progress %lld %lld,new_key,pa,Punjabi,SUM %lld / %lld,SOM %lld / %lld,,,,"Sum index out of the board target, shown above the question.",Localizable.xcstrings
game.claw.progress %lld %lld,new_key,pl,Polish,SUM %lld / %lld,SOM %lld / %lld,,,,"Sum index out of the board target, shown above the question.",Localizable.xcstrings
game.claw.progress %lld %lld,new_key,pt,Portuguese,SUM %lld / %lld,SOM %lld / %lld,,,,"Sum index out of the board target, shown above the question.",Localizable.xcstrings
game.claw.progress %lld %lld,new_key,ro,Romanian,SUM %lld / %lld,SOM %lld / %lld,,,,"Sum index out of the board target, shown above the question.",Localizable.xcstrings
game.claw.progress %lld %lld,new_key,ru,Russian,SUM %lld / %lld,SOM %lld / %lld,,,,"Sum index out of the board target, shown above the question.",Localizable.xcstrings
game.claw.progress %lld %lld,new_key,si,Sinhala,SUM %lld / %lld,SOM %lld / %lld,,,,"Sum index out of the board target, shown above the question.",Localizable.xcstrings
game.claw.progress %lld %lld,new_key,sk,Slovak,SUM %lld / %lld,SOM %lld / %lld,,,,"Sum index out of the board target, shown above the question.",Localizable.xcstrings
game.claw.progress %lld %lld,new_key,sl,Slovenian,SUM %lld / %lld,SOM %lld / %lld,,,,"Sum index out of the board target, shown above the question.",Localizable.xcstrings
game.claw.progress %lld %lld,new_key,sq,Albanian,SUM %lld / %lld,SOM %lld / %lld,,,,"Sum index out of the board target, shown above the question.",Localizable.xcstrings
game.claw.progress %lld %lld,new_key,sr,Serbian,SUM %lld / %lld,SOM %lld / %lld,,,,"Sum index out of the board target, shown above the question.",Localizable.xcstrings
game.claw.progress %lld %lld,new_key,sv,Swedish,SUM %lld / %lld,SOM %lld / %lld,,,,"Sum index out of the board target, shown above the question.",Localizable.xcstrings
game.claw.progress %lld %lld,new_key,sw,Swahili,SUM %lld / %lld,SOM %lld / %lld,,,,"Sum index out of the board target, shown above the question.",Localizable.xcstrings
game.claw.progress %lld %lld,new_key,ta,Tamil,SUM %lld / %lld,SOM %lld / %lld,,,,"Sum index out of the board target, shown above the question.",Localizable.xcstrings
game.claw.progress %lld %lld,new_key,te,Telugu,SUM %lld / %lld,SOM %lld / %lld,,,,"Sum index out of the board target, shown above the question.",Localizable.xcstrings
game.claw.progress %lld %lld,new_key,th,Thai,SUM %lld / %lld,SOM %lld / %lld,,,,"Sum index out of the board target, shown above the question.",Localizable.xcstrings
game.claw.progress %lld %lld,new_key,tr,Turkish,SUM %lld / %lld,SOM %lld / %lld,,,,"Sum index out of the board target, shown above the question.",Localizable.xcstrings
game.claw.progress %lld %lld,new_key,ug,Uyghur,SUM %lld / %lld,SOM %lld / %lld,,,,"Sum index out of the board target, shown above the question.",Localizable.xcstrings
game.claw.progress %lld %lld,new_key,uk,Ukrainian,SUM %lld / %lld,SOM %lld / %lld,,,,"Sum index out of the board target, shown above the question.",Localizable.xcstrings
game.claw.progress %lld %lld,new_key,ur,Urdu,SUM %lld / %lld,SOM %lld / %lld,,,,"Sum index out of the board target, shown above the question.",Localizable.xcstrings
game.claw.progress %lld %lld,new_key,uz,Uzbek,SUM %lld / %lld,SOM %lld / %lld,,,,"Sum index out of the board target, shown above the question.",Localizable.xcstrings
game.claw.progress %lld %lld,new_key,vi,Vietnamese,SUM %lld / %lld,SOM %lld / %lld,,,,"Sum index out of the board target, shown above the question.",Localizable.xcstrings
game.claw.progress %lld %lld,new_key,zh,Chinese,SUM %lld / %lld,SOM %lld / %lld,,,,"Sum index out of the board target, shown above the question.",Localizable.xcstrings
game.claw.progress %lld %lld,new_key,zu,Zulu,SUM %lld / %lld,SOM %lld / %lld,,,,"Sum index out of the board target, shown above the question.",Localizable.xcstrings
game.claw.timeRemaining %lld,new_key,af,Afrikaans,%lld seconds left,Nog %lld seconden,,,,VoiceOver label for the countdown timer.,Localizable.xcstrings
game.claw.timeRemaining %lld,new_key,am,Amharic,%lld seconds left,Nog %lld seconden,,,,VoiceOver label for the countdown timer.,Localizable.xcstrings
game.claw.timeRemaining %lld,new_key,ar,Arabic,%lld seconds left,Nog %lld seconden,,,,VoiceOver label for the countdown timer.,Localizable.xcstrings
game.claw.timeRemaining %lld,new_key,as,Assamese,%lld seconds left,Nog %lld seconden,,,,VoiceOver label for the countdown timer.,Localizable.xcstrings
game.claw.timeRemaining %lld,new_key,az,Azerbaijani,%lld seconds left,Nog %lld seconden,,,,VoiceOver label for the countdown timer.,Localizable.xcstrings
game.claw.timeRemaining %lld,new_key,be,Belarusian,%lld seconds left,Nog %lld seconden,,,,VoiceOver label for the countdown timer.,Localizable.xcstrings
game.claw.timeRemaining %lld,new_key,bg,Bulgarian,%lld seconds left,Nog %lld seconden,,,,VoiceOver label for the countdown timer.,Localizable.xcstrings
game.claw.timeRemaining %lld,new_key,bn,Bengali,%lld seconds left,Nog %lld seconden,,,,VoiceOver label for the countdown timer.,Localizable.xcstrings
game.claw.timeRemaining %lld,new_key,bo,Tibetan,%lld seconds left,Nog %lld seconden,,,,VoiceOver label for the countdown timer.,Localizable.xcstrings
game.claw.timeRemaining %lld,new_key,bs,Bosnian,%lld seconds left,Nog %lld seconden,,,,VoiceOver label for the countdown timer.,Localizable.xcstrings
game.claw.timeRemaining %lld,new_key,ca,Catalan,%lld seconds left,Nog %lld seconden,,,,VoiceOver label for the countdown timer.,Localizable.xcstrings
game.claw.timeRemaining %lld,new_key,cs,Czech,%lld seconds left,Nog %lld seconden,,,,VoiceOver label for the countdown timer.,Localizable.xcstrings
game.claw.timeRemaining %lld,new_key,cy,Welsh,%lld seconds left,Nog %lld seconden,,,,VoiceOver label for the countdown timer.,Localizable.xcstrings
game.claw.timeRemaining %lld,new_key,da,Danish,%lld seconds left,Nog %lld seconden,,,,VoiceOver label for the countdown timer.,Localizable.xcstrings
game.claw.timeRemaining %lld,new_key,de,German,%lld seconds left,Nog %lld seconden,,,,VoiceOver label for the countdown timer.,Localizable.xcstrings
game.claw.timeRemaining %lld,new_key,el,Greek,%lld seconds left,Nog %lld seconden,,,,VoiceOver label for the countdown timer.,Localizable.xcstrings
game.claw.timeRemaining %lld,new_key,es,Spanish,%lld seconds left,Nog %lld seconden,,,,VoiceOver label for the countdown timer.,Localizable.xcstrings
game.claw.timeRemaining %lld,new_key,et,Estonian,%lld seconds left,Nog %lld seconden,,,,VoiceOver label for the countdown timer.,Localizable.xcstrings
game.claw.timeRemaining %lld,new_key,eu,Basque,%lld seconds left,Nog %lld seconden,,,,VoiceOver label for the countdown timer.,Localizable.xcstrings
game.claw.timeRemaining %lld,new_key,fa,Persian,%lld seconds left,Nog %lld seconden,,,,VoiceOver label for the countdown timer.,Localizable.xcstrings
game.claw.timeRemaining %lld,new_key,fi,Finnish,%lld seconds left,Nog %lld seconden,,,,VoiceOver label for the countdown timer.,Localizable.xcstrings
game.claw.timeRemaining %lld,new_key,fo,Faroese,%lld seconds left,Nog %lld seconden,,,,VoiceOver label for the countdown timer.,Localizable.xcstrings
game.claw.timeRemaining %lld,new_key,fr,French,%lld seconds left,Nog %lld seconden,,,,VoiceOver label for the countdown timer.,Localizable.xcstrings
game.claw.timeRemaining %lld,new_key,ga,Irish,%lld seconds left,Nog %lld seconden,,,,VoiceOver label for the countdown timer.,Localizable.xcstrings
game.claw.timeRemaining %lld,new_key,gl,Galician,%lld seconds left,Nog %lld seconden,,,,VoiceOver label for the countdown timer.,Localizable.xcstrings
game.claw.timeRemaining %lld,new_key,gu,Gujarati,%lld seconds left,Nog %lld seconden,,,,VoiceOver label for the countdown timer.,Localizable.xcstrings
game.claw.timeRemaining %lld,new_key,he,Hebrew,%lld seconds left,Nog %lld seconden,,,,VoiceOver label for the countdown timer.,Localizable.xcstrings
game.claw.timeRemaining %lld,new_key,hi,Hindi,%lld seconds left,Nog %lld seconden,,,,VoiceOver label for the countdown timer.,Localizable.xcstrings
game.claw.timeRemaining %lld,new_key,hr,Croatian,%lld seconds left,Nog %lld seconden,,,,VoiceOver label for the countdown timer.,Localizable.xcstrings
game.claw.timeRemaining %lld,new_key,hu,Hungarian,%lld seconds left,Nog %lld seconden,,,,VoiceOver label for the countdown timer.,Localizable.xcstrings
game.claw.timeRemaining %lld,new_key,hy,Armenian,%lld seconds left,Nog %lld seconden,,,,VoiceOver label for the countdown timer.,Localizable.xcstrings
game.claw.timeRemaining %lld,new_key,id,Indonesian,%lld seconds left,Nog %lld seconden,,,,VoiceOver label for the countdown timer.,Localizable.xcstrings
game.claw.timeRemaining %lld,new_key,is,Icelandic,%lld seconds left,Nog %lld seconden,,,,VoiceOver label for the countdown timer.,Localizable.xcstrings
game.claw.timeRemaining %lld,new_key,it,Italian,%lld seconds left,Nog %lld seconden,,,,VoiceOver label for the countdown timer.,Localizable.xcstrings
game.claw.timeRemaining %lld,new_key,ja,Japanese,%lld seconds left,Nog %lld seconden,,,,VoiceOver label for the countdown timer.,Localizable.xcstrings
game.claw.timeRemaining %lld,new_key,ka,Georgian,%lld seconds left,Nog %lld seconden,,,,VoiceOver label for the countdown timer.,Localizable.xcstrings
game.claw.timeRemaining %lld,new_key,kk,Kazakh,%lld seconds left,Nog %lld seconden,,,,VoiceOver label for the countdown timer.,Localizable.xcstrings
game.claw.timeRemaining %lld,new_key,km,Khmer,%lld seconds left,Nog %lld seconden,,,,VoiceOver label for the countdown timer.,Localizable.xcstrings
game.claw.timeRemaining %lld,new_key,kn,Kannada,%lld seconds left,Nog %lld seconden,,,,VoiceOver label for the countdown timer.,Localizable.xcstrings
game.claw.timeRemaining %lld,new_key,ko,Korean,%lld seconds left,Nog %lld seconden,,,,VoiceOver label for the countdown timer.,Localizable.xcstrings
game.claw.timeRemaining %lld,new_key,lo,Lao,%lld seconds left,Nog %lld seconden,,,,VoiceOver label for the countdown timer.,Localizable.xcstrings
game.claw.timeRemaining %lld,new_key,lt,Lithuanian,%lld seconds left,Nog %lld seconden,,,,VoiceOver label for the countdown timer.,Localizable.xcstrings
game.claw.timeRemaining %lld,new_key,lv,Latvian,%lld seconds left,Nog %lld seconden,,,,VoiceOver label for the countdown timer.,Localizable.xcstrings
game.claw.timeRemaining %lld,new_key,mk,Macedonian,%lld seconds left,Nog %lld seconden,,,,VoiceOver label for the countdown timer.,Localizable.xcstrings
game.claw.timeRemaining %lld,new_key,ml,Malayalam,%lld seconds left,Nog %lld seconden,,,,VoiceOver label for the countdown timer.,Localizable.xcstrings
game.claw.timeRemaining %lld,new_key,mn,Mongolian,%lld seconds left,Nog %lld seconden,,,,VoiceOver label for the countdown timer.,Localizable.xcstrings
game.claw.timeRemaining %lld,new_key,mr,Marathi,%lld seconds left,Nog %lld seconden,,,,VoiceOver label for the countdown timer.,Localizable.xcstrings
game.claw.timeRemaining %lld,new_key,ms,Malay,%lld seconds left,Nog %lld seconden,,,,VoiceOver label for the countdown timer.,Localizable.xcstrings
game.claw.timeRemaining %lld,new_key,my,Burmese,%lld seconds left,Nog %lld seconden,,,,VoiceOver label for the countdown timer.,Localizable.xcstrings
game.claw.timeRemaining %lld,new_key,nb,Norwegian,%lld seconds left,Nog %lld seconden,,,,VoiceOver label for the countdown timer.,Localizable.xcstrings
game.claw.timeRemaining %lld,new_key,ne,Nepali,%lld seconds left,Nog %lld seconden,,,,VoiceOver label for the countdown timer.,Localizable.xcstrings
game.claw.timeRemaining %lld,new_key,or,Odia,%lld seconds left,Nog %lld seconden,,,,VoiceOver label for the countdown timer.,Localizable.xcstrings
game.claw.timeRemaining %lld,new_key,pa,Punjabi,%lld seconds left,Nog %lld seconden,,,,VoiceOver label for the countdown timer.,Localizable.xcstrings
game.claw.timeRemaining %lld,new_key,pl,Polish,%lld seconds left,Nog %lld seconden,,,,VoiceOver label for the countdown timer.,Localizable.xcstrings
game.claw.timeRemaining %lld,new_key,pt,Portuguese,%lld seconds left,Nog %lld seconden,,,,VoiceOver label for the countdown timer.,Localizable.xcstrings
game.claw.timeRemaining %lld,new_key,ro,Romanian,%lld seconds left,Nog %lld seconden,,,,VoiceOver label for the countdown timer.,Localizable.xcstrings
game.claw.timeRemaining %lld,new_key,ru,Russian,%lld seconds left,Nog %lld seconden,,,,VoiceOver label for the countdown timer.,Localizable.xcstrings
game.claw.timeRemaining %lld,new_key,si,Sinhala,%lld seconds left,Nog %lld seconden,,,,VoiceOver label for the countdown timer.,Localizable.xcstrings
game.claw.timeRemaining %lld,new_key,sk,Slovak,%lld seconds left,Nog %lld seconden,,,,VoiceOver label for the countdown timer.,Localizable.xcstrings
game.claw.timeRemaining %lld,new_key,sl,Slovenian,%lld seconds left,Nog %lld seconden,,,,VoiceOver label for the countdown timer.,Localizable.xcstrings
game.claw.timeRemaining %lld,new_key,sq,Albanian,%lld seconds left,Nog %lld seconden,,,,VoiceOver label for the countdown timer.,Localizable.xcstrings
game.claw.timeRemaining %lld,new_key,sr,Serbian,%lld seconds left,Nog %lld seconden,,,,VoiceOver label for the countdown timer.,Localizable.xcstrings
game.claw.timeRemaining %lld,new_key,sv,Swedish,%lld seconds left,Nog %lld seconden,,,,VoiceOver label for the countdown timer.,Localizable.xcstrings
game.claw.timeRemaining %lld,new_key,sw,Swahili,%lld seconds left,Nog %lld seconden,,,,VoiceOver label for the countdown timer.,Localizable.xcstrings
game.claw.timeRemaining %lld,new_key,ta,Tamil,%lld seconds left,Nog %lld seconden,,,,VoiceOver label for the countdown timer.,Localizable.xcstrings
game.claw.timeRemaining %lld,new_key,te,Telugu,%lld seconds left,Nog %lld seconden,,,,VoiceOver label for the countdown timer.,Localizable.xcstrings
game.claw.timeRemaining %lld,new_key,th,Thai,%lld seconds left,Nog %lld seconden,,,,VoiceOver label for the countdown timer.,Localizable.xcstrings
game.claw.timeRemaining %lld,new_key,tr,Turkish,%lld seconds left,Nog %lld seconden,,,,VoiceOver label for the countdown timer.,Localizable.xcstrings
game.claw.timeRemaining %lld,new_key,ug,Uyghur,%lld seconds left,Nog %lld seconden,,,,VoiceOver label for the countdown timer.,Localizable.xcstrings
game.claw.timeRemaining %lld,new_key,uk,Ukrainian,%lld seconds left,Nog %lld seconden,,,,VoiceOver label for the countdown timer.,Localizable.xcstrings
game.claw.timeRemaining %lld,new_key,ur,Urdu,%lld seconds left,Nog %lld seconden,,,,VoiceOver label for the countdown timer.,Localizable.xcstrings
game.claw.timeRemaining %lld,new_key,uz,Uzbek,%lld seconds left,Nog %lld seconden,,,,VoiceOver label for the countdown timer.,Localizable.xcstrings
game.claw.timeRemaining %lld,new_key,vi,Vietnamese,%lld seconds left,Nog %lld seconden,,,,VoiceOver label for the countdown timer.,Localizable.xcstrings
game.claw.timeRemaining %lld,new_key,zh,Chinese,%lld seconds left,Nog %lld seconden,,,,VoiceOver label for the countdown timer.,Localizable.xcstrings
game.claw.timeRemaining %lld,new_key,zu,Zulu,%lld seconds left,Nog %lld seconden,,,,VoiceOver label for the countdown timer.,Localizable.xcstrings
game.end.completionSubtitle,en_nl_changed,af,Afrikaans,You collected all the nuts.,Je hebt alle noten verzameld.,Jy het elke punt verdien.,You collected all the bubbles.,Je hebt alle bubbels verzameld.,Line under the title on the result screen when the level was completed by collecting every nut.,Localizable.xcstrings
game.end.completionSubtitle,en_nl_changed,am,Amharic,You collected all the nuts.,Je hebt alle noten verzameld.,እያንዳንዱን ነጥብ አግኝተሃል።,You collected all the bubbles.,Je hebt alle bubbels verzameld.,Line under the title on the result screen when the level was completed by collecting every nut.,Localizable.xcstrings
game.end.completionSubtitle,en_nl_changed,ar,Arabic,You collected all the nuts.,Je hebt alle noten verzameld.,كسبت كل النقاط.,You collected all the bubbles.,Je hebt alle bubbels verzameld.,Line under the title on the result screen when the level was completed by collecting every nut.,Localizable.xcstrings
game.end.completionSubtitle,en_nl_changed,as,Assamese,You collected all the nuts.,Je hebt alle noten verzameld.,তুমি প্ৰতিটো পইণ্ট অৰ্জন কৰিলা।,You collected all the bubbles.,Je hebt alle bubbels verzameld.,Line under the title on the result screen when the level was completed by collecting every nut.,Localizable.xcstrings
game.end.completionSubtitle,en_nl_changed,az,Azerbaijani,You collected all the nuts.,Je hebt alle noten verzameld.,Bütün xalları qazandın.,You collected all the bubbles.,Je hebt alle bubbels verzameld.,Line under the title on the result screen when the level was completed by collecting every nut.,Localizable.xcstrings
game.end.completionSubtitle,en_nl_changed,be,Belarusian,You collected all the nuts.,Je hebt alle noten verzameld.,Ты заслужыў кожны бал.,You collected all the bubbles.,Je hebt alle bubbels verzameld.,Line under the title on the result screen when the level was completed by collecting every nut.,Localizable.xcstrings
game.end.completionSubtitle,en_nl_changed,bg,Bulgarian,You collected all the nuts.,Je hebt alle noten verzameld.,Спечели всяка точка.,You collected all the bubbles.,Je hebt alle bubbels verzameld.,Line under the title on the result screen when the level was completed by collecting every nut.,Localizable.xcstrings
game.end.completionSubtitle,en_nl_changed,bn,Bengali,You collected all the nuts.,Je hebt alle noten verzameld.,প্রতিটি পয়েন্ট তুমি অর্জন করেছ।,You collected all the bubbles.,Je hebt alle bubbels verzameld.,Line under the title on the result screen when the level was completed by collecting every nut.,Localizable.xcstrings
game.end.completionSubtitle,en_nl_changed,bo,Tibetan,You collected all the nuts.,Je hebt alle noten verzameld.,སྐར་མ་ཚང་མ་ཁྱེད་ཀྱིས་ཐོབ་སོང་།,You collected all the bubbles.,Je hebt alle bubbels verzameld.,Line under the title on the result screen when the level was completed by collecting every nut.,Localizable.xcstrings
game.end.completionSubtitle,en_nl_changed,bs,Bosnian,You collected all the nuts.,Je hebt alle noten verzameld.,Osvojio/la si svaki bod.,You collected all the bubbles.,Je hebt alle bubbels verzameld.,Line under the title on the result screen when the level was completed by collecting every nut.,Localizable.xcstrings
game.end.completionSubtitle,en_nl_changed,ca,Catalan,You collected all the nuts.,Je hebt alle noten verzameld.,Has guanyat tots els punts.,You collected all the bubbles.,Je hebt alle bubbels verzameld.,Line under the title on the result screen when the level was completed by collecting every nut.,Localizable.xcstrings
game.end.completionSubtitle,en_nl_changed,cs,Czech,You collected all the nuts.,Je hebt alle noten verzameld.,Získal jsi všechny body.,You collected all the bubbles.,Je hebt alle bubbels verzameld.,Line under the title on the result screen when the level was completed by collecting every nut.,Localizable.xcstrings
game.end.completionSubtitle,en_nl_changed,cy,Welsh,You collected all the nuts.,Je hebt alle noten verzameld.,Enillaist ti bob pwynt.,You collected all the bubbles.,Je hebt alle bubbels verzameld.,Line under the title on the result screen when the level was completed by collecting every nut.,Localizable.xcstrings
game.end.completionSubtitle,en_nl_changed,da,Danish,You collected all the nuts.,Je hebt alle noten verzameld.,Du har fortjent hvert point.,You collected all the bubbles.,Je hebt alle bubbels verzameld.,Line under the title on the result screen when the level was completed by collecting every nut.,Localizable.xcstrings
game.end.completionSubtitle,en_nl_changed,de,German,You collected all the nuts.,Je hebt alle noten verzameld.,Du hast jeden Punkt verdient.,You collected all the bubbles.,Je hebt alle bubbels verzameld.,Line under the title on the result screen when the level was completed by collecting every nut.,Localizable.xcstrings
game.end.completionSubtitle,en_nl_changed,el,Greek,You collected all the nuts.,Je hebt alle noten verzameld.,Κέρδισες κάθε πόντο.,You collected all the bubbles.,Je hebt alle bubbels verzameld.,Line under the title on the result screen when the level was completed by collecting every nut.,Localizable.xcstrings
game.end.completionSubtitle,en_nl_changed,es,Spanish,You collected all the nuts.,Je hebt alle noten verzameld.,Te ganaste cada punto.,You collected all the bubbles.,Je hebt alle bubbels verzameld.,Line under the title on the result screen when the level was completed by collecting every nut.,Localizable.xcstrings
game.end.completionSubtitle,en_nl_changed,et,Estonian,You collected all the nuts.,Je hebt alle noten verzameld.,Sa teenisid kõik punktid välja.,You collected all the bubbles.,Je hebt alle bubbels verzameld.,Line under the title on the result screen when the level was completed by collecting every nut.,Localizable.xcstrings
game.end.completionSubtitle,en_nl_changed,eu,Basque,You collected all the nuts.,Je hebt alle noten verzameld.,Puntu guztiak irabazi dituzu.,You collected all the bubbles.,Je hebt alle bubbels verzameld.,Line under the title on the result screen when the level was completed by collecting every nut.,Localizable.xcstrings
game.end.completionSubtitle,en_nl_changed,fa,Persian,You collected all the nuts.,Je hebt alle noten verzameld.,همهٔ امتیازها را به دست آوردی.,You collected all the bubbles.,Je hebt alle bubbels verzameld.,Line under the title on the result screen when the level was completed by collecting every nut.,Localizable.xcstrings
game.end.completionSubtitle,en_nl_changed,fi,Finnish,You collected all the nuts.,Je hebt alle noten verzameld.,Ansaitsit jokaisen pisteen.,You collected all the bubbles.,Je hebt alle bubbels verzameld.,Line under the title on the result screen when the level was completed by collecting every nut.,Localizable.xcstrings
game.end.completionSubtitle,en_nl_changed,fo,Faroese,You collected all the nuts.,Je hebt alle noten verzameld.,Tú vann hvørt einasta stig.,You collected all the bubbles.,Je hebt alle bubbels verzameld.,Line under the title on the result screen when the level was completed by collecting every nut.,Localizable.xcstrings
game.end.completionSubtitle,en_nl_changed,fr,French,You collected all the nuts.,Je hebt alle noten verzameld.,Tu as gagné chaque point.,You collected all the bubbles.,Je hebt alle bubbels verzameld.,Line under the title on the result screen when the level was completed by collecting every nut.,Localizable.xcstrings
game.end.completionSubtitle,en_nl_changed,ga,Irish,You collected all the nuts.,Je hebt alle noten verzameld.,Thuill tú gach pointe.,You collected all the bubbles.,Je hebt alle bubbels verzameld.,Line under the title on the result screen when the level was completed by collecting every nut.,Localizable.xcstrings
game.end.completionSubtitle,en_nl_changed,gl,Galician,You collected all the nuts.,Je hebt alle noten verzameld.,Gañaches cada punto.,You collected all the bubbles.,Je hebt alle bubbels verzameld.,Line under the title on the result screen when the level was completed by collecting every nut.,Localizable.xcstrings
game.end.completionSubtitle,en_nl_changed,gu,Gujarati,You collected all the nuts.,Je hebt alle noten verzameld.,તમે દરેક પોઈન્ટ મેળવ્યો.,You collected all the bubbles.,Je hebt alle bubbels verzameld.,Line under the title on the result screen when the level was completed by collecting every nut.,Localizable.xcstrings
game.end.completionSubtitle,en_nl_changed,he,Hebrew,You collected all the nuts.,Je hebt alle noten verzameld.,הרווחתם כל נקודה.,You collected all the bubbles.,Je hebt alle bubbels verzameld.,Line under the title on the result screen when the level was completed by collecting every nut.,Localizable.xcstrings
game.end.completionSubtitle,en_nl_changed,hi,Hindi,You collected all the nuts.,Je hebt alle noten verzameld.,तुमने हर अंक कमाया।,You collected all the bubbles.,Je hebt alle bubbels verzameld.,Line under the title on the result screen when the level was completed by collecting every nut.,Localizable.xcstrings
game.end.completionSubtitle,en_nl_changed,hr,Croatian,You collected all the nuts.,Je hebt alle noten verzameld.,Svaki bod je tvoj.,You collected all the bubbles.,Je hebt alle bubbels verzameld.,Line under the title on the result screen when the level was completed by collecting every nut.,Localizable.xcstrings
game.end.completionSubtitle,en_nl_changed,hu,Hungarian,You collected all the nuts.,Je hebt alle noten verzameld.,Minden pontot megszereztél.,You collected all the bubbles.,Je hebt alle bubbels verzameld.,Line under the title on the result screen when the level was completed by collecting every nut.,Localizable.xcstrings
game.end.completionSubtitle,en_nl_changed,hy,Armenian,You collected all the nuts.,Je hebt alle noten verzameld.,Դու վաստակեցիր բոլոր միավորները։,You collected all the bubbles.,Je hebt alle bubbels verzameld.,Line under the title on the result screen when the level was completed by collecting every nut.,Localizable.xcstrings
game.end.completionSubtitle,en_nl_changed,id,Indonesian,You collected all the nuts.,Je hebt alle noten verzameld.,Kamu meraih semua poin.,You collected all the bubbles.,Je hebt alle bubbels verzameld.,Line under the title on the result screen when the level was completed by collecting every nut.,Localizable.xcstrings
game.end.completionSubtitle,en_nl_changed,is,Icelandic,You collected all the nuts.,Je hebt alle noten verzameld.,Þú vannst inn hvert stig.,You collected all the bubbles.,Je hebt alle bubbels verzameld.,Line under the title on the result screen when the level was completed by collecting every nut.,Localizable.xcstrings
game.end.completionSubtitle,en_nl_changed,it,Italian,You collected all the nuts.,Je hebt alle noten verzameld.,Hai conquistato ogni punto.,You collected all the bubbles.,Je hebt alle bubbels verzameld.,Line under the title on the result screen when the level was completed by collecting every nut.,Localizable.xcstrings
game.end.completionSubtitle,en_nl_changed,ja,Japanese,You collected all the nuts.,Je hebt alle noten verzameld.,ぜんぶのポイントをとったよ。,You collected all the bubbles.,Je hebt alle bubbels verzameld.,Line under the title on the result screen when the level was completed by collecting every nut.,Localizable.xcstrings
game.end.completionSubtitle,en_nl_changed,ka,Georgian,You collected all the nuts.,Je hebt alle noten verzameld.,ყველა ქულა დაიმსახურე.,You collected all the bubbles.,Je hebt alle bubbels verzameld.,Line under the title on the result screen when the level was completed by collecting every nut.,Localizable.xcstrings
game.end.completionSubtitle,en_nl_changed,kk,Kazakh,You collected all the nuts.,Je hebt alle noten verzameld.,Әр ұпайды өзің жинадың.,You collected all the bubbles.,Je hebt alle bubbels verzameld.,Line under the title on the result screen when the level was completed by collecting every nut.,Localizable.xcstrings
game.end.completionSubtitle,en_nl_changed,km,Khmer,You collected all the nuts.,Je hebt alle noten verzameld.,អ្នករកបានគ្រប់ពិន្ទុ។,You collected all the bubbles.,Je hebt alle bubbels verzameld.,Line under the title on the result screen when the level was completed by collecting every nut.,Localizable.xcstrings
game.end.completionSubtitle,en_nl_changed,kn,Kannada,You collected all the nuts.,Je hebt alle noten verzameld.,ಪ್ರತಿ ಅಂಕವನ್ನೂ ಗಳಿಸಿದ್ದೀಯ.,You collected all the bubbles.,Je hebt alle bubbels verzameld.,Line under the title on the result screen when the level was completed by collecting every nut.,Localizable.xcstrings
game.end.completionSubtitle,en_nl_changed,ko,Korean,You collected all the nuts.,Je hebt alle noten verzameld.,모든 점수를 얻었어요.,You collected all the bubbles.,Je hebt alle bubbels verzameld.,Line under the title on the result screen when the level was completed by collecting every nut.,Localizable.xcstrings
game.end.completionSubtitle,en_nl_changed,lo,Lao,You collected all the nuts.,Je hebt alle noten verzameld.,ເຈົ້າໄດ້ທຸກຄະແນນແລ້ວ.,You collected all the bubbles.,Je hebt alle bubbels verzameld.,Line under the title on the result screen when the level was completed by collecting every nut.,Localizable.xcstrings
game.end.completionSubtitle,en_nl_changed,lt,Lithuanian,You collected all the nuts.,Je hebt alle noten verzameld.,Uždirbai kiekvieną tašką.,You collected all the bubbles.,Je hebt alle bubbels verzameld.,Line under the title on the result screen when the level was completed by collecting every nut.,Localizable.xcstrings
game.end.completionSubtitle,en_nl_changed,lv,Latvian,You collected all the nuts.,Je hebt alle noten verzameld.,Tu nopelnīji katru punktu.,You collected all the bubbles.,Je hebt alle bubbels verzameld.,Line under the title on the result screen when the level was completed by collecting every nut.,Localizable.xcstrings
game.end.completionSubtitle,en_nl_changed,mk,Macedonian,You collected all the nuts.,Je hebt alle noten verzameld.,Го освои секој поен.,You collected all the bubbles.,Je hebt alle bubbels verzameld.,Line under the title on the result screen when the level was completed by collecting every nut.,Localizable.xcstrings
game.end.completionSubtitle,en_nl_changed,ml,Malayalam,You collected all the nuts.,Je hebt alle noten verzameld.,ഓരോ പോയിന്റും നീ നേടി.,You collected all the bubbles.,Je hebt alle bubbels verzameld.,Line under the title on the result screen when the level was completed by collecting every nut.,Localizable.xcstrings
game.end.completionSubtitle,en_nl_changed,mn,Mongolian,You collected all the nuts.,Je hebt alle noten verzameld.,Чи бүх оноогоо авлаа.,You collected all the bubbles.,Je hebt alle bubbels verzameld.,Line under the title on the result screen when the level was completed by collecting every nut.,Localizable.xcstrings
game.end.completionSubtitle,en_nl_changed,mr,Marathi,You collected all the nuts.,Je hebt alle noten verzameld.,तू प्रत्येक गुण कमावलास.,You collected all the bubbles.,Je hebt alle bubbels verzameld.,Line under the title on the result screen when the level was completed by collecting every nut.,Localizable.xcstrings
game.end.completionSubtitle,en_nl_changed,ms,Malay,You collected all the nuts.,Je hebt alle noten verzameld.,Kamu berjaya dapat semua mata.,You collected all the bubbles.,Je hebt alle bubbels verzameld.,Line under the title on the result screen when the level was completed by collecting every nut.,Localizable.xcstrings
game.end.completionSubtitle,en_nl_changed,my,Burmese,You collected all the nuts.,Je hebt alle noten verzameld.,အမှတ်တိုင်းကို ကိုယ်တိုင်ရခဲ့တယ်။,You collected all the bubbles.,Je hebt alle bubbels verzameld.,Line under the title on the result screen when the level was completed by collecting every nut.,Localizable.xcstrings
game.end.completionSubtitle,en_nl_changed,nb,Norwegian,You collected all the nuts.,Je hebt alle noten verzameld.,Du fortjente hvert poeng.,You collected all the bubbles.,Je hebt alle bubbels verzameld.,Line under the title on the result screen when the level was completed by collecting every nut.,Localizable.xcstrings
game.end.completionSubtitle,en_nl_changed,ne,Nepali,You collected all the nuts.,Je hebt alle noten verzameld.,तिमीले हरेक अङ्क कमायौ।,You collected all the bubbles.,Je hebt alle bubbels verzameld.,Line under the title on the result screen when the level was completed by collecting every nut.,Localizable.xcstrings
game.end.completionSubtitle,en_nl_changed,or,Odia,You collected all the nuts.,Je hebt alle noten verzameld.,ତୁମେ ପ୍ରତ୍ୟେକ ପଏଣ୍ଟ ଜିତିଛ।,You collected all the bubbles.,Je hebt alle bubbels verzameld.,Line under the title on the result screen when the level was completed by collecting every nut.,Localizable.xcstrings
game.end.completionSubtitle,en_nl_changed,pa,Punjabi,You collected all the nuts.,Je hebt alle noten verzameld.,ਤੁਸੀਂ ਹਰ ਅੰਕ ਕਮਾਇਆ।,You collected all the bubbles.,Je hebt alle bubbels verzameld.,Line under the title on the result screen when the level was completed by collecting every nut.,Localizable.xcstrings
game.end.completionSubtitle,en_nl_changed,pl,Polish,You collected all the nuts.,Je hebt alle noten verzameld.,Zdobywasz każdy punkt.,You collected all the bubbles.,Je hebt alle bubbels verzameld.,Line under the title on the result screen when the level was completed by collecting every nut.,Localizable.xcstrings
game.end.completionSubtitle,en_nl_changed,pt,Portuguese,You collected all the nuts.,Je hebt alle noten verzameld.,Ganhaste todos os pontos.,You collected all the bubbles.,Je hebt alle bubbels verzameld.,Line under the title on the result screen when the level was completed by collecting every nut.,Localizable.xcstrings
game.end.completionSubtitle,en_nl_changed,ro,Romanian,You collected all the nuts.,Je hebt alle noten verzameld.,Ai câștigat fiecare punct.,You collected all the bubbles.,Je hebt alle bubbels verzameld.,Line under the title on the result screen when the level was completed by collecting every nut.,Localizable.xcstrings
game.end.completionSubtitle,en_nl_changed,ru,Russian,You collected all the nuts.,Je hebt alle noten verzameld.,Каждое очко заслужено.,You collected all the bubbles.,Je hebt alle bubbels verzameld.,Line under the title on the result screen when the level was completed by collecting every nut.,Localizable.xcstrings
game.end.completionSubtitle,en_nl_changed,si,Sinhala,You collected all the nuts.,Je hebt alle noten verzameld.,හැම ලකුණක්ම ඔබ උපයාගත්තා.,You collected all the bubbles.,Je hebt alle bubbels verzameld.,Line under the title on the result screen when the level was completed by collecting every nut.,Localizable.xcstrings
game.end.completionSubtitle,en_nl_changed,sk,Slovak,You collected all the nuts.,Je hebt alle noten verzameld.,Získal si každý bod.,You collected all the bubbles.,Je hebt alle bubbels verzameld.,Line under the title on the result screen when the level was completed by collecting every nut.,Localizable.xcstrings
game.end.completionSubtitle,en_nl_changed,sl,Slovenian,You collected all the nuts.,Je hebt alle noten verzameld.,Prislužil si si vsako točko.,You collected all the bubbles.,Je hebt alle bubbels verzameld.,Line under the title on the result screen when the level was completed by collecting every nut.,Localizable.xcstrings
game.end.completionSubtitle,en_nl_changed,sq,Albanian,You collected all the nuts.,Je hebt alle noten verzameld.,I fitove të gjitha pikët.,You collected all the bubbles.,Je hebt alle bubbels verzameld.,Line under the title on the result screen when the level was completed by collecting every nut.,Localizable.xcstrings
game.end.completionSubtitle,en_nl_changed,sr,Serbian,You collected all the nuts.,Je hebt alle noten verzameld.,Zaslužio/la si svaki poen.,You collected all the bubbles.,Je hebt alle bubbels verzameld.,Line under the title on the result screen when the level was completed by collecting every nut.,Localizable.xcstrings
game.end.completionSubtitle,en_nl_changed,sv,Swedish,You collected all the nuts.,Je hebt alle noten verzameld.,Du fick alla poäng.,You collected all the bubbles.,Je hebt alle bubbels verzameld.,Line under the title on the result screen when the level was completed by collecting every nut.,Localizable.xcstrings
game.end.completionSubtitle,en_nl_changed,sw,Swahili,You collected all the nuts.,Je hebt alle noten verzameld.,Umeshinda kila pointi.,You collected all the bubbles.,Je hebt alle bubbels verzameld.,Line under the title on the result screen when the level was completed by collecting every nut.,Localizable.xcstrings
game.end.completionSubtitle,en_nl_changed,ta,Tamil,You collected all the nuts.,Je hebt alle noten verzameld.,ஒவ்வொரு புள்ளியையும் பெற்றாய்.,You collected all the bubbles.,Je hebt alle bubbels verzameld.,Line under the title on the result screen when the level was completed by collecting every nut.,Localizable.xcstrings
game.end.completionSubtitle,en_nl_changed,te,Telugu,You collected all the nuts.,Je hebt alle noten verzameld.,ప్రతి పాయింట్ సంపాదించావు.,You collected all the bubbles.,Je hebt alle bubbels verzameld.,Line under the title on the result screen when the level was completed by collecting every nut.,Localizable.xcstrings
game.end.completionSubtitle,en_nl_changed,th,Thai,You collected all the nuts.,Je hebt alle noten verzameld.,เธอได้ทุกคะแนนด้วยตัวเอง,You collected all the bubbles.,Je hebt alle bubbels verzameld.,Line under the title on the result screen when the level was completed by collecting every nut.,Localizable.xcstrings
game.end.completionSubtitle,en_nl_changed,tr,Turkish,You collected all the nuts.,Je hebt alle noten verzameld.,Her puanı hak ettin.,You collected all the bubbles.,Je hebt alle bubbels verzameld.,Line under the title on the result screen when the level was completed by collecting every nut.,Localizable.xcstrings
game.end.completionSubtitle,en_nl_changed,ug,Uyghur,You collected all the nuts.,Je hebt alle noten verzameld.,ھەر بىر نومۇرغا لايىق بولدۇڭ.,You collected all the bubbles.,Je hebt alle bubbels verzameld.,Line under the title on the result screen when the level was completed by collecting every nut.,Localizable.xcstrings
game.end.completionSubtitle,en_nl_changed,uk,Ukrainian,You collected all the nuts.,Je hebt alle noten verzameld.,Ти здобув усі бали.,You collected all the bubbles.,Je hebt alle bubbels verzameld.,Line under the title on the result screen when the level was completed by collecting every nut.,Localizable.xcstrings
game.end.completionSubtitle,en_nl_changed,ur,Urdu,You collected all the nuts.,Je hebt alle noten verzameld.,آپ نے ہر پوائنٹ کمایا۔,You collected all the bubbles.,Je hebt alle bubbels verzameld.,Line under the title on the result screen when the level was completed by collecting every nut.,Localizable.xcstrings
game.end.completionSubtitle,en_nl_changed,uz,Uzbek,You collected all the nuts.,Je hebt alle noten verzameld.,Har bir ballni qo‘lga kiritding.,You collected all the bubbles.,Je hebt alle bubbels verzameld.,Line under the title on the result screen when the level was completed by collecting every nut.,Localizable.xcstrings
game.end.completionSubtitle,en_nl_changed,vi,Vietnamese,You collected all the nuts.,Je hebt alle noten verzameld.,Bạn đã giành mọi điểm.,You collected all the bubbles.,Je hebt alle bubbels verzameld.,Line under the title on the result screen when the level was completed by collecting every nut.,Localizable.xcstrings
game.end.completionSubtitle,en_nl_changed,zh,Chinese,You collected all the nuts.,Je hebt alle noten verzameld.,每一分都是你赢来的。,You collected all the bubbles.,Je hebt alle bubbels verzameld.,Line under the title on the result screen when the level was completed by collecting every nut.,Localizable.xcstrings
game.end.completionSubtitle,en_nl_changed,zu,Zulu,You collected all the nuts.,Je hebt alle noten verzameld.,Uthole wonke amaphuzu.,You collected all the bubbles.,Je hebt alle bubbels verzameld.,Line under the title on the result screen when the level was completed by collecting every nut.,Localizable.xcstrings
game.nutsCollected %lld,en_nl_changed,af,Afrikaans,one: %lld nut collected | other: %lld nuts collected,one: %lld noot verzameld | other: %lld noten verzameld,one: %lld borrel versamel | other: %lld borrel versamel,one: %lld bubble collected | other: %lld bubbles collected,one: %lld bubbel verzameld | other: %lld bubbels verzameld,"VoiceOver label for the running nut total, on the home screen header and the in-game counter. Nuts are the game's collectible; the total only ever grows.",Localizable.xcstrings
game.nutsCollected %lld,en_nl_changed,am,Amharic,one: %lld nut collected | other: %lld nuts collected,one: %lld noot verzameld | other: %lld noten verzameld,one: %lld አረፋ ተሰብስቧል | other: %lld አረፋ ተሰብስቧል,one: %lld bubble collected | other: %lld bubbles collected,one: %lld bubbel verzameld | other: %lld bubbels verzameld,"VoiceOver label for the running nut total, on the home screen header and the in-game counter. Nuts are the game's collectible; the total only ever grows.",Localizable.xcstrings
game.nutsCollected %lld,en_nl_changed,ar,Arabic,one: %lld nut collected | other: %lld nuts collected,one: %lld noot verzameld | other: %lld noten verzameld,one: تم جمع %lld فقاعة | other: تم جمع %lld فقاعة,one: %lld bubble collected | other: %lld bubbles collected,one: %lld bubbel verzameld | other: %lld bubbels verzameld,"VoiceOver label for the running nut total, on the home screen header and the in-game counter. Nuts are the game's collectible; the total only ever grows.",Localizable.xcstrings
game.nutsCollected %lld,en_nl_changed,as,Assamese,one: %lld nut collected | other: %lld nuts collected,one: %lld noot verzameld | other: %lld noten verzameld,one: %lld বুদবুদ গোটোৱা | other: %lld বুদবুদ গোটোৱা,one: %lld bubble collected | other: %lld bubbles collected,one: %lld bubbel verzameld | other: %lld bubbels verzameld,"VoiceOver label for the running nut total, on the home screen header and the in-game counter. Nuts are the game's collectible; the total only ever grows.",Localizable.xcstrings
game.nutsCollected %lld,en_nl_changed,az,Azerbaijani,one: %lld nut collected | other: %lld nuts collected,one: %lld noot verzameld | other: %lld noten verzameld,one: %lld baloncuk toplandı | other: %lld baloncuk toplandı,one: %lld bubble collected | other: %lld bubbles collected,one: %lld bubbel verzameld | other: %lld bubbels verzameld,"VoiceOver label for the running nut total, on the home screen header and the in-game counter. Nuts are the game's collectible; the total only ever grows.",Localizable.xcstrings
game.nutsCollected %lld,en_nl_changed,be,Belarusian,one: %lld nut collected | other: %lld nuts collected,one: %lld noot verzameld | other: %lld noten verzameld,one: Сабрана %lld бурбалка | other: Сабрана %lld бурбалка,one: %lld bubble collected | other: %lld bubbles collected,one: %lld bubbel verzameld | other: %lld bubbels verzameld,"VoiceOver label for the running nut total, on the home screen header and the in-game counter. Nuts are the game's collectible; the total only ever grows.",Localizable.xcstrings
game.nutsCollected %lld,en_nl_changed,bg,Bulgarian,one: %lld nut collected | other: %lld nuts collected,one: %lld noot verzameld | other: %lld noten verzameld,one: %lld балон събран | other: %lld балон събран,one: %lld bubble collected | other: %lld bubbles collected,one: %lld bubbel verzameld | other: %lld bubbels verzameld,"VoiceOver label for the running nut total, on the home screen header and the in-game counter. Nuts are the game's collectible; the total only ever grows.",Localizable.xcstrings
game.nutsCollected %lld,en_nl_changed,bn,Bengali,one: %lld nut collected | other: %lld nuts collected,one: %lld noot verzameld | other: %lld noten verzameld,one: %lldটি বাবল সংগ্রহ | other: %lldটি বাবল সংগ্রহ,one: %lld bubble collected | other: %lld bubbles collected,one: %lld bubbel verzameld | other: %lld bubbels verzameld,"VoiceOver label for the running nut total, on the home screen header and the in-game counter. Nuts are the game's collectible; the total only ever grows.",Localizable.xcstrings
game.nutsCollected %lld,en_nl_changed,bo,Tibetan,one: %lld nut collected | other: %lld nuts collected,one: %lld noot verzameld | other: %lld noten verzameld,one: ལྦུ་བ %lld བསྡུས | other: ལྦུ་བ %lld བསྡུས,one: %lld bubble collected | other: %lld bubbles collected,one: %lld bubbel verzameld | other: %lld bubbels verzameld,"VoiceOver label for the running nut total, on the home screen header and the in-game counter. Nuts are the game's collectible; the total only ever grows.",Localizable.xcstrings
game.nutsCollected %lld,en_nl_changed,bs,Bosnian,one: %lld nut collected | other: %lld nuts collected,one: %lld noot verzameld | other: %lld noten verzameld,one: Skupljen %lld mjehurić | other: Skupljen %lld mjehurić,one: %lld bubble collected | other: %lld bubbles collected,one: %lld bubbel verzameld | other: %lld bubbels verzameld,"VoiceOver label for the running nut total, on the home screen header and the in-game counter. Nuts are the game's collectible; the total only ever grows.",Localizable.xcstrings
game.nutsCollected %lld,en_nl_changed,ca,Catalan,one: %lld nut collected | other: %lld nuts collected,one: %lld noot verzameld | other: %lld noten verzameld,one: %lld bombolla recollida | other: %lld bombolla recollida,one: %lld bubble collected | other: %lld bubbles collected,one: %lld bubbel verzameld | other: %lld bubbels verzameld,"VoiceOver label for the running nut total, on the home screen header and the in-game counter. Nuts are the game's collectible; the total only ever grows.",Localizable.xcstrings
game.nutsCollected %lld,en_nl_changed,cs,Czech,one: %lld nut collected | other: %lld nuts collected,one: %lld noot verzameld | other: %lld noten verzameld,one: Nasbírána %lld bublina | other: Nasbírána %lld bublina,one: %lld bubble collected | other: %lld bubbles collected,one: %lld bubbel verzameld | other: %lld bubbels verzameld,"VoiceOver label for the running nut total, on the home screen header and the in-game counter. Nuts are the game's collectible; the total only ever grows.",Localizable.xcstrings
game.nutsCollected %lld,en_nl_changed,cy,Welsh,one: %lld nut collected | other: %lld nuts collected,one: %lld noot verzameld | other: %lld noten verzameld,one: %lld swigen wedi’i chasglu | other: %lld swigen wedi’i chasglu,one: %lld bubble collected | other: %lld bubbles collected,one: %lld bubbel verzameld | other: %lld bubbels verzameld,"VoiceOver label for the running nut total, on the home screen header and the in-game counter. Nuts are the game's collectible; the total only ever grows.",Localizable.xcstrings
game.nutsCollected %lld,en_nl_changed,da,Danish,one: %lld nut collected | other: %lld nuts collected,one: %lld noot verzameld | other: %lld noten verzameld,one: %lld boble samlet | other: %lld boble samlet,one: %lld bubble collected | other: %lld bubbles collected,one: %lld bubbel verzameld | other: %lld bubbels verzameld,"VoiceOver label for the running nut total, on the home screen header and the in-game counter. Nuts are the game's collectible; the total only ever grows.",Localizable.xcstrings
game.nutsCollected %lld,en_nl_changed,de,German,one: %lld nut collected | other: %lld nuts collected,one: %lld noot verzameld | other: %lld noten verzameld,one: %lld Blase gesammelt | other: %lld Blasen gesammelt,one: %lld bubble collected | other: %lld bubbles collected,one: %lld bubbel verzameld | other: %lld bubbels verzameld,"VoiceOver label for the running nut total, on the home screen header and the in-game counter. Nuts are the game's collectible; the total only ever grows.",Localizable.xcstrings
game.nutsCollected %lld,en_nl_changed,el,Greek,one: %lld nut collected | other: %lld nuts collected,one: %lld noot verzameld | other: %lld noten verzameld,one: Μάζεψες %lld φούσκα | other: Μάζεψες %lld φούσκα,one: %lld bubble collected | other: %lld bubbles collected,one: %lld bubbel verzameld | other: %lld bubbels verzameld,"VoiceOver label for the running nut total, on the home screen header and the in-game counter. Nuts are the game's collectible; the total only ever grows.",Localizable.xcstrings
game.nutsCollected %lld,en_nl_changed,es,Spanish,one: %lld nut collected | other: %lld nuts collected,one: %lld noot verzameld | other: %lld noten verzameld,one: %lld burbuja conseguida | other: %lld burbujas conseguidas,one: %lld bubble collected | other: %lld bubbles collected,one: %lld bubbel verzameld | other: %lld bubbels verzameld,"VoiceOver label for the running nut total, on the home screen header and the in-game counter. Nuts are the game's collectible; the total only ever grows.",Localizable.xcstrings
game.nutsCollected %lld,en_nl_changed,et,Estonian,one: %lld nut collected | other: %lld nuts collected,one: %lld noot verzameld | other: %lld noten verzameld,one: %lld mull kogutud | other: %lld mull kogutud,one: %lld bubble collected | other: %lld bubbles collected,one: %lld bubbel verzameld | other: %lld bubbels verzameld,"VoiceOver label for the running nut total, on the home screen header and the in-game counter. Nuts are the game's collectible; the total only ever grows.",Localizable.xcstrings
game.nutsCollected %lld,en_nl_changed,eu,Basque,one: %lld nut collected | other: %lld nuts collected,one: %lld noot verzameld | other: %lld noten verzameld,one: %lld burbuila bilduta | other: %lld burbuila bilduta,one: %lld bubble collected | other: %lld bubbles collected,one: %lld bubbel verzameld | other: %lld bubbels verzameld,"VoiceOver label for the running nut total, on the home screen header and the in-game counter. Nuts are the game's collectible; the total only ever grows.",Localizable.xcstrings
game.nutsCollected %lld,en_nl_changed,fa,Persian,one: %lld nut collected | other: %lld nuts collected,one: %lld noot verzameld | other: %lld noten verzameld,one: %lld حباب جمع شد | other: %lld حباب جمع شد,one: %lld bubble collected | other: %lld bubbles collected,one: %lld bubbel verzameld | other: %lld bubbels verzameld,"VoiceOver label for the running nut total, on the home screen header and the in-game counter. Nuts are the game's collectible; the total only ever grows.",Localizable.xcstrings
game.nutsCollected %lld,en_nl_changed,fi,Finnish,one: %lld nut collected | other: %lld nuts collected,one: %lld noot verzameld | other: %lld noten verzameld,one: %lld kupla kerätty | other: %lld kupla kerätty,one: %lld bubble collected | other: %lld bubbles collected,one: %lld bubbel verzameld | other: %lld bubbels verzameld,"VoiceOver label for the running nut total, on the home screen header and the in-game counter. Nuts are the game's collectible; the total only ever grows.",Localizable.xcstrings
game.nutsCollected %lld,en_nl_changed,fo,Faroese,one: %lld nut collected | other: %lld nuts collected,one: %lld noot verzameld | other: %lld noten verzameld,one: %lld bløðra savnað | other: %lld bløðra savnað,one: %lld bubble collected | other: %lld bubbles collected,one: %lld bubbel verzameld | other: %lld bubbels verzameld,"VoiceOver label for the running nut total, on the home screen header and the in-game counter. Nuts are the game's collectible; the total only ever grows.",Localizable.xcstrings
game.nutsCollected %lld,en_nl_changed,fr,French,one: %lld nut collected | other: %lld nuts collected,one: %lld noot verzameld | other: %lld noten verzameld,one: %lld bulle ramassée | other: %lld bulles ramassées,one: %lld bubble collected | other: %lld bubbles collected,one: %lld bubbel verzameld | other: %lld bubbels verzameld,"VoiceOver label for the running nut total, on the home screen header and the in-game counter. Nuts are the game's collectible; the total only ever grows.",Localizable.xcstrings
game.nutsCollected %lld,en_nl_changed,ga,Irish,one: %lld nut collected | other: %lld nuts collected,one: %lld noot verzameld | other: %lld noten verzameld,one: %lld mboilgeog bailithe | other: %lld mboilgeog bailithe,one: %lld bubble collected | other: %lld bubbles collected,one: %lld bubbel verzameld | other: %lld bubbels verzameld,"VoiceOver label for the running nut total, on the home screen header and the in-game counter. Nuts are the game's collectible; the total only ever grows.",Localizable.xcstrings
game.nutsCollected %lld,en_nl_changed,gl,Galician,one: %lld nut collected | other: %lld nuts collected,one: %lld noot verzameld | other: %lld noten verzameld,one: %lld burbulla recollida | other: %lld burbulla recollida,one: %lld bubble collected | other: %lld bubbles collected,one: %lld bubbel verzameld | other: %lld bubbels verzameld,"VoiceOver label for the running nut total, on the home screen header and the in-game counter. Nuts are the game's collectible; the total only ever grows.",Localizable.xcstrings
game.nutsCollected %lld,en_nl_changed,gu,Gujarati,one: %lld nut collected | other: %lld nuts collected,one: %lld noot verzameld | other: %lld noten verzameld,one: %lld બબલ ભેગો થયો | other: %lld બબલ ભેગો થયો,one: %lld bubble collected | other: %lld bubbles collected,one: %lld bubbel verzameld | other: %lld bubbels verzameld,"VoiceOver label for the running nut total, on the home screen header and the in-game counter. Nuts are the game's collectible; the total only ever grows.",Localizable.xcstrings
game.nutsCollected %lld,en_nl_changed,he,Hebrew,one: %lld nut collected | other: %lld nuts collected,one: %lld noot verzameld | other: %lld noten verzameld,one: %lld בועה נאספה | other: %lld בועה נאספה,one: %lld bubble collected | other: %lld bubbles collected,one: %lld bubbel verzameld | other: %lld bubbels verzameld,"VoiceOver label for the running nut total, on the home screen header and the in-game counter. Nuts are the game's collectible; the total only ever grows.",Localizable.xcstrings
game.nutsCollected %lld,en_nl_changed,hi,Hindi,one: %lld nut collected | other: %lld nuts collected,one: %lld noot verzameld | other: %lld noten verzameld,one: %lld बुलबुला इकट्ठा हुआ | other: %lld बुलबुला इकट्ठा हुआ,one: %lld bubble collected | other: %lld bubbles collected,one: %lld bubbel verzameld | other: %lld bubbels verzameld,"VoiceOver label for the running nut total, on the home screen header and the in-game counter. Nuts are the game's collectible; the total only ever grows.",Localizable.xcstrings
game.nutsCollected %lld,en_nl_changed,hr,Croatian,one: %lld nut collected | other: %lld nuts collected,one: %lld noot verzameld | other: %lld noten verzameld,one: Skupljen %lld mjehurić | other: Skupljen %lld mjehurić,one: %lld bubble collected | other: %lld bubbles collected,one: %lld bubbel verzameld | other: %lld bubbels verzameld,"VoiceOver label for the running nut total, on the home screen header and the in-game counter. Nuts are the game's collectible; the total only ever grows.",Localizable.xcstrings
game.nutsCollected %lld,en_nl_changed,hu,Hungarian,one: %lld nut collected | other: %lld nuts collected,one: %lld noot verzameld | other: %lld noten verzameld,one: %lld buborék összegyűjtve | other: %lld buborék összegyűjtve,one: %lld bubble collected | other: %lld bubbles collected,one: %lld bubbel verzameld | other: %lld bubbels verzameld,"VoiceOver label for the running nut total, on the home screen header and the in-game counter. Nuts are the game's collectible; the total only ever grows.",Localizable.xcstrings
game.nutsCollected %lld,en_nl_changed,hy,Armenian,one: %lld nut collected | other: %lld nuts collected,one: %lld noot verzameld | other: %lld noten verzameld,one: %lld պղպջակ հավաքված է | other: %lld պղպջակ հավաքված է,one: %lld bubble collected | other: %lld bubbles collected,one: %lld bubbel verzameld | other: %lld bubbels verzameld,"VoiceOver label for the running nut total, on the home screen header and the in-game counter. Nuts are the game's collectible; the total only ever grows.",Localizable.xcstrings
game.nutsCollected %lld,en_nl_changed,id,Indonesian,one: %lld nut collected | other: %lld nuts collected,one: %lld noot verzameld | other: %lld noten verzameld,one: %lld gelembung terkumpul | other: %lld gelembung terkumpul,one: %lld bubble collected | other: %lld bubbles collected,one: %lld bubbel verzameld | other: %lld bubbels verzameld,"VoiceOver label for the running nut total, on the home screen header and the in-game counter. Nuts are the game's collectible; the total only ever grows.",Localizable.xcstrings
game.nutsCollected %lld,en_nl_changed,is,Icelandic,one: %lld nut collected | other: %lld nuts collected,one: %lld noot verzameld | other: %lld noten verzameld,one: %lld bóla safnað | other: %lld bóla safnað,one: %lld bubble collected | other: %lld bubbles collected,one: %lld bubbel verzameld | other: %lld bubbels verzameld,"VoiceOver label for the running nut total, on the home screen header and the in-game counter. Nuts are the game's collectible; the total only ever grows.",Localizable.xcstrings
game.nutsCollected %lld,en_nl_changed,it,Italian,one: %lld nut collected | other: %lld nuts collected,one: %lld noot verzameld | other: %lld noten verzameld,one: %lld bolla raccolta | other: %lld bolle raccolte,one: %lld bubble collected | other: %lld bubbles collected,one: %lld bubbel verzameld | other: %lld bubbels verzameld,"VoiceOver label for the running nut total, on the home screen header and the in-game counter. Nuts are the game's collectible; the total only ever grows.",Localizable.xcstrings
game.nutsCollected %lld,en_nl_changed,ja,Japanese,one: %lld nut collected | other: %lld nuts collected,one: %lld noot verzameld | other: %lld noten verzameld,one: %lldこのバブルを集めた | other: %lldこのバブルを集めた,one: %lld bubble collected | other: %lld bubbles collected,one: %lld bubbel verzameld | other: %lld bubbels verzameld,"VoiceOver label for the running nut total, on the home screen header and the in-game counter. Nuts are the game's collectible; the total only ever grows.",Localizable.xcstrings
game.nutsCollected %lld,en_nl_changed,ka,Georgian,one: %lld nut collected | other: %lld nuts collected,one: %lld noot verzameld | other: %lld noten verzameld,one: %lld ბუშტი შეგროვებულია | other: %lld ბუშტი შეგროვებულია,one: %lld bubble collected | other: %lld bubbles collected,one: %lld bubbel verzameld | other: %lld bubbels verzameld,"VoiceOver label for the running nut total, on the home screen header and the in-game counter. Nuts are the game's collectible; the total only ever grows.",Localizable.xcstrings
game.nutsCollected %lld,en_nl_changed,kk,Kazakh,one: %lld nut collected | other: %lld nuts collected,one: %lld noot verzameld | other: %lld noten verzameld,one: %lld көпіршік жиналды | other: %lld көпіршік жиналды,one: %lld bubble collected | other: %lld bubbles collected,one: %lld bubbel verzameld | other: %lld bubbels verzameld,"VoiceOver label for the running nut total, on the home screen header and the in-game counter. Nuts are the game's collectible; the total only ever grows.",Localizable.xcstrings
game.nutsCollected %lld,en_nl_changed,km,Khmer,one: %lld nut collected | other: %lld nuts collected,one: %lld noot verzameld | other: %lld noten verzameld,one: ប្រមូលបានពពុះ %lld | other: ប្រមូលបានពពុះ %lld,one: %lld bubble collected | other: %lld bubbles collected,one: %lld bubbel verzameld | other: %lld bubbels verzameld,"VoiceOver label for the running nut total, on the home screen header and the in-game counter. Nuts are the game's collectible; the total only ever grows.",Localizable.xcstrings
game.nutsCollected %lld,en_nl_changed,kn,Kannada,one: %lld nut collected | other: %lld nuts collected,one: %lld noot verzameld | other: %lld noten verzameld,one: %lld ಬಬಲ್ ಸಂಗ್ರಹಿಸಿದೆ | other: %lld ಬಬಲ್ ಸಂಗ್ರಹಿಸಿದೆ,one: %lld bubble collected | other: %lld bubbles collected,one: %lld bubbel verzameld | other: %lld bubbels verzameld,"VoiceOver label for the running nut total, on the home screen header and the in-game counter. Nuts are the game's collectible; the total only ever grows.",Localizable.xcstrings
game.nutsCollected %lld,en_nl_changed,ko,Korean,one: %lld nut collected | other: %lld nuts collected,one: %lld noot verzameld | other: %lld noten verzameld,one: 버블 %lld개 모음 | other: 버블 %lld개 모음,one: %lld bubble collected | other: %lld bubbles collected,one: %lld bubbel verzameld | other: %lld bubbels verzameld,"VoiceOver label for the running nut total, on the home screen header and the in-game counter. Nuts are the game's collectible; the total only ever grows.",Localizable.xcstrings
game.nutsCollected %lld,en_nl_changed,lo,Lao,one: %lld nut collected | other: %lld nuts collected,one: %lld noot verzameld | other: %lld noten verzameld,one: ເກັບຟອງໄດ້ %lld | other: ເກັບຟອງໄດ້ %lld,one: %lld bubble collected | other: %lld bubbles collected,one: %lld bubbel verzameld | other: %lld bubbels verzameld,"VoiceOver label for the running nut total, on the home screen header and the in-game counter. Nuts are the game's collectible; the total only ever grows.",Localizable.xcstrings
game.nutsCollected %lld,en_nl_changed,lt,Lithuanian,one: %lld nut collected | other: %lld nuts collected,one: %lld noot verzameld | other: %lld noten verzameld,one: Surinktas %lld burbulas | other: Surinktas %lld burbulas,one: %lld bubble collected | other: %lld bubbles collected,one: %lld bubbel verzameld | other: %lld bubbels verzameld,"VoiceOver label for the running nut total, on the home screen header and the in-game counter. Nuts are the game's collectible; the total only ever grows.",Localizable.xcstrings
game.nutsCollected %lld,en_nl_changed,lv,Latvian,one: %lld nut collected | other: %lld nuts collected,one: %lld noot verzameld | other: %lld noten verzameld,one: %lld burbulis savākts | other: %lld burbulis savākts,one: %lld bubble collected | other: %lld bubbles collected,one: %lld bubbel verzameld | other: %lld bubbels verzameld,"VoiceOver label for the running nut total, on the home screen header and the in-game counter. Nuts are the game's collectible; the total only ever grows.",Localizable.xcstrings
game.nutsCollected %lld,en_nl_changed,mk,Macedonian,one: %lld nut collected | other: %lld nuts collected,one: %lld noot verzameld | other: %lld noten verzameld,one: %lld меурче собрано | other: %lld меурче собрано,one: %lld bubble collected | other: %lld bubbles collected,one: %lld bubbel verzameld | other: %lld bubbels verzameld,"VoiceOver label for the running nut total, on the home screen header and the in-game counter. Nuts are the game's collectible; the total only ever grows.",Localizable.xcstrings
game.nutsCollected %lld,en_nl_changed,ml,Malayalam,one: %lld nut collected | other: %lld nuts collected,one: %lld noot verzameld | other: %lld noten verzameld,one: %lld ബബിൾ ശേഖരിച്ചു | other: %lld ബബിൾ ശേഖരിച്ചു,one: %lld bubble collected | other: %lld bubbles collected,one: %lld bubbel verzameld | other: %lld bubbels verzameld,"VoiceOver label for the running nut total, on the home screen header and the in-game counter. Nuts are the game's collectible; the total only ever grows.",Localizable.xcstrings
game.nutsCollected %lld,en_nl_changed,mn,Mongolian,one: %lld nut collected | other: %lld nuts collected,one: %lld noot verzameld | other: %lld noten verzameld,one: %lld бөмбөлөг цуглуулсан | other: %lld бөмбөлөг цуглуулсан,one: %lld bubble collected | other: %lld bubbles collected,one: %lld bubbel verzameld | other: %lld bubbels verzameld,"VoiceOver label for the running nut total, on the home screen header and the in-game counter. Nuts are the game's collectible; the total only ever grows.",Localizable.xcstrings
game.nutsCollected %lld,en_nl_changed,mr,Marathi,one: %lld nut collected | other: %lld nuts collected,one: %lld noot verzameld | other: %lld noten verzameld,one: %lld बुडबुडा गोळा केला | other: %lld बुडबुडा गोळा केला,one: %lld bubble collected | other: %lld bubbles collected,one: %lld bubbel verzameld | other: %lld bubbels verzameld,"VoiceOver label for the running nut total, on the home screen header and the in-game counter. Nuts are the game's collectible; the total only ever grows.",Localizable.xcstrings
game.nutsCollected %lld,en_nl_changed,ms,Malay,one: %lld nut collected | other: %lld nuts collected,one: %lld noot verzameld | other: %lld noten verzameld,one: %lld gelembung dikumpul | other: %lld gelembung dikumpul,one: %lld bubble collected | other: %lld bubbles collected,one: %lld bubbel verzameld | other: %lld bubbels verzameld,"VoiceOver label for the running nut total, on the home screen header and the in-game counter. Nuts are the game's collectible; the total only ever grows.",Localizable.xcstrings
game.nutsCollected %lld,en_nl_changed,my,Burmese,one: %lld nut collected | other: %lld nuts collected,one: %lld noot verzameld | other: %lld noten verzameld,one: %lld ပူဖောင်း စုထားသည် | other: %lld ပူဖောင်း စုထားသည်,one: %lld bubble collected | other: %lld bubbles collected,one: %lld bubbel verzameld | other: %lld bubbels verzameld,"VoiceOver label for the running nut total, on the home screen header and the in-game counter. Nuts are the game's collectible; the total only ever grows.",Localizable.xcstrings
game.nutsCollected %lld,en_nl_changed,nb,Norwegian,one: %lld nut collected | other: %lld nuts collected,one: %lld noot verzameld | other: %lld noten verzameld,one: %lld boble samlet | other: %lld boble samlet,one: %lld bubble collected | other: %lld bubbles collected,one: %lld bubbel verzameld | other: %lld bubbels verzameld,"VoiceOver label for the running nut total, on the home screen header and the in-game counter. Nuts are the game's collectible; the total only ever grows.",Localizable.xcstrings
game.nutsCollected %lld,en_nl_changed,ne,Nepali,one: %lld nut collected | other: %lld nuts collected,one: %lld noot verzameld | other: %lld noten verzameld,one: %lld बबल जम्मा | other: %lld बबल जम्मा,one: %lld bubble collected | other: %lld bubbles collected,one: %lld bubbel verzameld | other: %lld bubbels verzameld,"VoiceOver label for the running nut total, on the home screen header and the in-game counter. Nuts are the game's collectible; the total only ever grows.",Localizable.xcstrings
game.nutsCollected %lld,en_nl_changed,or,Odia,one: %lld nut collected | other: %lld nuts collected,one: %lld noot verzameld | other: %lld noten verzameld,one: %lld ବବଲ୍ ସଂଗ୍ରହ | other: %lld ବବଲ୍ ସଂଗ୍ରହ,one: %lld bubble collected | other: %lld bubbles collected,one: %lld bubbel verzameld | other: %lld bubbels verzameld,"VoiceOver label for the running nut total, on the home screen header and the in-game counter. Nuts are the game's collectible; the total only ever grows.",Localizable.xcstrings
game.nutsCollected %lld,en_nl_changed,pa,Punjabi,one: %lld nut collected | other: %lld nuts collected,one: %lld noot verzameld | other: %lld noten verzameld,one: %lld ਬੁਲਬੁਲਾ ਇਕੱਠਾ ਕੀਤਾ | other: %lld ਬੁਲਬੁਲਾ ਇਕੱਠਾ ਕੀਤਾ,one: %lld bubble collected | other: %lld bubbles collected,one: %lld bubbel verzameld | other: %lld bubbels verzameld,"VoiceOver label for the running nut total, on the home screen header and the in-game counter. Nuts are the game's collectible; the total only ever grows.",Localizable.xcstrings
game.nutsCollected %lld,en_nl_changed,pl,Polish,one: %lld nut collected | other: %lld nuts collected,one: %lld noot verzameld | other: %lld noten verzameld,one: Zebrany %lld bąbelek | few: Zebrane %lld bąbelki | many: Zebrane %lld bąbelków | other: Zebrane %lld bąbelka,one: %lld bubble collected | other: %lld bubbles collected,one: %lld bubbel verzameld | other: %lld bubbels verzameld,"VoiceOver label for the running nut total, on the home screen header and the in-game counter. Nuts are the game's collectible; the total only ever grows.",Localizable.xcstrings
game.nutsCollected %lld,en_nl_changed,pt,Portuguese,one: %lld nut collected | other: %lld nuts collected,one: %lld noot verzameld | other: %lld noten verzameld,one: %lld bolha apanhada | other: %lld bolhas apanhadas,one: %lld bubble collected | other: %lld bubbles collected,one: %lld bubbel verzameld | other: %lld bubbels verzameld,"VoiceOver label for the running nut total, on the home screen header and the in-game counter. Nuts are the game's collectible; the total only ever grows.",Localizable.xcstrings
game.nutsCollected %lld,en_nl_changed,ro,Romanian,one: %lld nut collected | other: %lld nuts collected,one: %lld noot verzameld | other: %lld noten verzameld,one: %lld bulă strânsă | other: %lld bulă strânsă,one: %lld bubble collected | other: %lld bubbles collected,one: %lld bubbel verzameld | other: %lld bubbels verzameld,"VoiceOver label for the running nut total, on the home screen header and the in-game counter. Nuts are the game's collectible; the total only ever grows.",Localizable.xcstrings
game.nutsCollected %lld,en_nl_changed,ru,Russian,one: %lld nut collected | other: %lld nuts collected,one: %lld noot verzameld | other: %lld noten verzameld,one: Собран %lld пузырь | few: Собрано %lld пузыря | many: Собрано %lld пузырей | other: Собрано %lld пузыря,one: %lld bubble collected | other: %lld bubbles collected,one: %lld bubbel verzameld | other: %lld bubbels verzameld,"VoiceOver label for the running nut total, on the home screen header and the in-game counter. Nuts are the game's collectible; the total only ever grows.",Localizable.xcstrings
game.nutsCollected %lld,en_nl_changed,si,Sinhala,one: %lld nut collected | other: %lld nuts collected,one: %lld noot verzameld | other: %lld noten verzameld,one: %lld බුබුලක් එකතු කරලා | other: %lld බුබුලක් එකතු කරලා,one: %lld bubble collected | other: %lld bubbles collected,one: %lld bubbel verzameld | other: %lld bubbels verzameld,"VoiceOver label for the running nut total, on the home screen header and the in-game counter. Nuts are the game's collectible; the total only ever grows.",Localizable.xcstrings
game.nutsCollected %lld,en_nl_changed,sk,Slovak,one: %lld nut collected | other: %lld nuts collected,one: %lld noot verzameld | other: %lld noten verzameld,one: %lld bublina nazbieraná | other: %lld bublina nazbieraná,one: %lld bubble collected | other: %lld bubbles collected,one: %lld bubbel verzameld | other: %lld bubbels verzameld,"VoiceOver label for the running nut total, on the home screen header and the in-game counter. Nuts are the game's collectible; the total only ever grows.",Localizable.xcstrings
game.nutsCollected %lld,en_nl_changed,sl,Slovenian,one: %lld nut collected | other: %lld nuts collected,one: %lld noot verzameld | other: %lld noten verzameld,one: %lld zbran mehurček | other: %lld zbran mehurček,one: %lld bubble collected | other: %lld bubbles collected,one: %lld bubbel verzameld | other: %lld bubbels verzameld,"VoiceOver label for the running nut total, on the home screen header and the in-game counter. Nuts are the game's collectible; the total only ever grows.",Localizable.xcstrings
game.nutsCollected %lld,en_nl_changed,sq,Albanian,one: %lld nut collected | other: %lld nuts collected,one: %lld noot verzameld | other: %lld noten verzameld,one: %lld flluskë e mbledhur | other: %lld flluskë e mbledhur,one: %lld bubble collected | other: %lld bubbles collected,one: %lld bubbel verzameld | other: %lld bubbels verzameld,"VoiceOver label for the running nut total, on the home screen header and the in-game counter. Nuts are the game's collectible; the total only ever grows.",Localizable.xcstrings
game.nutsCollected %lld,en_nl_changed,sr,Serbian,one: %lld nut collected | other: %lld nuts collected,one: %lld noot verzameld | other: %lld noten verzameld,one: Sakupljen %lld mehurić | other: Sakupljen %lld mehurić,one: %lld bubble collected | other: %lld bubbles collected,one: %lld bubbel verzameld | other: %lld bubbels verzameld,"VoiceOver label for the running nut total, on the home screen header and the in-game counter. Nuts are the game's collectible; the total only ever grows.",Localizable.xcstrings
game.nutsCollected %lld,en_nl_changed,sv,Swedish,one: %lld nut collected | other: %lld nuts collected,one: %lld noot verzameld | other: %lld noten verzameld,one: %lld bubbla samlad | other: %lld bubbla samlad,one: %lld bubble collected | other: %lld bubbles collected,one: %lld bubbel verzameld | other: %lld bubbels verzameld,"VoiceOver label for the running nut total, on the home screen header and the in-game counter. Nuts are the game's collectible; the total only ever grows.",Localizable.xcstrings
game.nutsCollected %lld,en_nl_changed,sw,Swahili,one: %lld nut collected | other: %lld nuts collected,one: %lld noot verzameld | other: %lld noten verzameld,one: Kiputo %lld kimekusanywa | other: Kiputo %lld kimekusanywa,one: %lld bubble collected | other: %lld bubbles collected,one: %lld bubbel verzameld | other: %lld bubbels verzameld,"VoiceOver label for the running nut total, on the home screen header and the in-game counter. Nuts are the game's collectible; the total only ever grows.",Localizable.xcstrings
game.nutsCollected %lld,en_nl_changed,ta,Tamil,one: %lld nut collected | other: %lld nuts collected,one: %lld noot verzameld | other: %lld noten verzameld,one: %lld குமிழி சேகரிக்கப்பட்டது | other: %lld குமிழி சேகரிக்கப்பட்டது,one: %lld bubble collected | other: %lld bubbles collected,one: %lld bubbel verzameld | other: %lld bubbels verzameld,"VoiceOver label for the running nut total, on the home screen header and the in-game counter. Nuts are the game's collectible; the total only ever grows.",Localizable.xcstrings
game.nutsCollected %lld,en_nl_changed,te,Telugu,one: %lld nut collected | other: %lld nuts collected,one: %lld noot verzameld | other: %lld noten verzameld,one: %lld బబుల్ సేకరించావు | other: %lld బబుల్ సేకరించావు,one: %lld bubble collected | other: %lld bubbles collected,one: %lld bubbel verzameld | other: %lld bubbels verzameld,"VoiceOver label for the running nut total, on the home screen header and the in-game counter. Nuts are the game's collectible; the total only ever grows.",Localizable.xcstrings
game.nutsCollected %lld,en_nl_changed,th,Thai,one: %lld nut collected | other: %lld nuts collected,one: %lld noot verzameld | other: %lld noten verzameld,one: เก็บฟองสบู่แล้ว %lld ฟอง | other: เก็บฟองสบู่แล้ว %lld ฟอง,one: %lld bubble collected | other: %lld bubbles collected,one: %lld bubbel verzameld | other: %lld bubbels verzameld,"VoiceOver label for the running nut total, on the home screen header and the in-game counter. Nuts are the game's collectible; the total only ever grows.",Localizable.xcstrings
game.nutsCollected %lld,en_nl_changed,tr,Turkish,one: %lld nut collected | other: %lld nuts collected,one: %lld noot verzameld | other: %lld noten verzameld,one: %lld baloncuk toplandı | other: %lld baloncuk toplandı,one: %lld bubble collected | other: %lld bubbles collected,one: %lld bubbel verzameld | other: %lld bubbels verzameld,"VoiceOver label for the running nut total, on the home screen header and the in-game counter. Nuts are the game's collectible; the total only ever grows.",Localizable.xcstrings
game.nutsCollected %lld,en_nl_changed,ug,Uyghur,one: %lld nut collected | other: %lld nuts collected,one: %lld noot verzameld | other: %lld noten verzameld,one: %lld كۆپۈك توپلاندى | other: %lld كۆپۈك توپلاندى,one: %lld bubble collected | other: %lld bubbles collected,one: %lld bubbel verzameld | other: %lld bubbels verzameld,"VoiceOver label for the running nut total, on the home screen header and the in-game counter. Nuts are the game's collectible; the total only ever grows.",Localizable.xcstrings
game.nutsCollected %lld,en_nl_changed,uk,Ukrainian,one: %lld nut collected | other: %lld nuts collected,one: %lld noot verzameld | other: %lld noten verzameld,one: %lld бульбашку зібрано | other: %lld бульбашку зібрано,one: %lld bubble collected | other: %lld bubbles collected,one: %lld bubbel verzameld | other: %lld bubbels verzameld,"VoiceOver label for the running nut total, on the home screen header and the in-game counter. Nuts are the game's collectible; the total only ever grows.",Localizable.xcstrings
game.nutsCollected %lld,en_nl_changed,ur,Urdu,one: %lld nut collected | other: %lld nuts collected,one: %lld noot verzameld | other: %lld noten verzameld,one: %lld ببل جمع ہوا | other: %lld ببل جمع ہوا,one: %lld bubble collected | other: %lld bubbles collected,one: %lld bubbel verzameld | other: %lld bubbels verzameld,"VoiceOver label for the running nut total, on the home screen header and the in-game counter. Nuts are the game's collectible; the total only ever grows.",Localizable.xcstrings
game.nutsCollected %lld,en_nl_changed,uz,Uzbek,one: %lld nut collected | other: %lld nuts collected,one: %lld noot verzameld | other: %lld noten verzameld,one: %lld pufakcha yig‘ildi | other: %lld pufakcha yig‘ildi,one: %lld bubble collected | other: %lld bubbles collected,one: %lld bubbel verzameld | other: %lld bubbels verzameld,"VoiceOver label for the running nut total, on the home screen header and the in-game counter. Nuts are the game's collectible; the total only ever grows.",Localizable.xcstrings
game.nutsCollected %lld,en_nl_changed,vi,Vietnamese,one: %lld nut collected | other: %lld nuts collected,one: %lld noot verzameld | other: %lld noten verzameld,one: Đã nhặt %lld bong bóng | other: Đã nhặt %lld bong bóng,one: %lld bubble collected | other: %lld bubbles collected,one: %lld bubbel verzameld | other: %lld bubbels verzameld,"VoiceOver label for the running nut total, on the home screen header and the in-game counter. Nuts are the game's collectible; the total only ever grows.",Localizable.xcstrings
game.nutsCollected %lld,en_nl_changed,zh,Chinese,one: %lld nut collected | other: %lld nuts collected,one: %lld noot verzameld | other: %lld noten verzameld,one: 已收集 %lld 个泡泡 | other: 已收集 %lld 个泡泡,one: %lld bubble collected | other: %lld bubbles collected,one: %lld bubbel verzameld | other: %lld bubbels verzameld,"VoiceOver label for the running nut total, on the home screen header and the in-game counter. Nuts are the game's collectible; the total only ever grows.",Localizable.xcstrings
game.nutsCollected %lld,en_nl_changed,zu,Zulu,one: %lld nut collected | other: %lld nuts collected,one: %lld noot verzameld | other: %lld noten verzameld,one: Kuqoqwe ibhamuza elingu-%lld | other: Kuqoqwe ibhamuza elingu-%lld,one: %lld bubble collected | other: %lld bubbles collected,one: %lld bubbel verzameld | other: %lld bubbels verzameld,"VoiceOver label for the running nut total, on the home screen header and the in-game counter. Nuts are the game's collectible; the total only ever grows.",Localizable.xcstrings
home.nextCharacter %lld %@,en_nl_changed,af,Afrikaans,one: %1$lld more nut to unlock %2$@ | other: %1$lld more nuts to unlock %2$@,one: Nog %1$lld noot tot %2$@ | other: Nog %1$lld noten tot %2$@,one: %1$lld borrel om %2$@ te ontsluit | other: %1$lld borrel om %2$@ te ontsluit,one: %1$lld more bubble to unlock %2$@ | other: %1$lld more bubbles to unlock %2$@,one: Nog %1$lld bubbel tot %2$@ | other: Nog %1$lld bubbels tot %2$@,"VoiceOver label for the next-character prompt on the home screen. First argument is the nuts still needed, second is the animal's name.",Localizable.xcstrings
home.nextCharacter %lld %@,en_nl_changed,am,Amharic,one: %1$lld more nut to unlock %2$@ | other: %1$lld more nuts to unlock %2$@,one: Nog %1$lld noot tot %2$@ | other: Nog %1$lld noten tot %2$@,one: %1$lld አረፋ እስከ %2$@ | other: %1$lld አረፋ እስከ %2$@,one: %1$lld more bubble to unlock %2$@ | other: %1$lld more bubbles to unlock %2$@,one: Nog %1$lld bubbel tot %2$@ | other: Nog %1$lld bubbels tot %2$@,"VoiceOver label for the next-character prompt on the home screen. First argument is the nuts still needed, second is the animal's name.",Localizable.xcstrings
home.nextCharacter %lld %@,en_nl_changed,ar,Arabic,one: %1$lld more nut to unlock %2$@ | other: %1$lld more nuts to unlock %2$@,one: Nog %1$lld noot tot %2$@ | other: Nog %1$lld noten tot %2$@,one: %1$lld فقاعة لفتح %2$@ | other: %1$lld فقاعة لفتح %2$@,one: %1$lld more bubble to unlock %2$@ | other: %1$lld more bubbles to unlock %2$@,one: Nog %1$lld bubbel tot %2$@ | other: Nog %1$lld bubbels tot %2$@,"VoiceOver label for the next-character prompt on the home screen. First argument is the nuts still needed, second is the animal's name.",Localizable.xcstrings
home.nextCharacter %lld %@,en_nl_changed,as,Assamese,one: %1$lld more nut to unlock %2$@ | other: %1$lld more nuts to unlock %2$@,one: Nog %1$lld noot tot %2$@ | other: Nog %1$lld noten tot %2$@,one: %1$lld বুদবুদ লাগিব %2$@ আনলক কৰিবলৈ | other: %1$lld বুদবুদ লাগিব %2$@ আনলক কৰিবলৈ,one: %1$lld more bubble to unlock %2$@ | other: %1$lld more bubbles to unlock %2$@,one: Nog %1$lld bubbel tot %2$@ | other: Nog %1$lld bubbels tot %2$@,"VoiceOver label for the next-character prompt on the home screen. First argument is the nuts still needed, second is the animal's name.",Localizable.xcstrings
home.nextCharacter %lld %@,en_nl_changed,az,Azerbaijani,one: %1$lld more nut to unlock %2$@ | other: %1$lld more nuts to unlock %2$@,one: Nog %1$lld noot tot %2$@ | other: Nog %1$lld noten tot %2$@,one: %2$@ açmaq üçün %1$lld baloncuk | other: %2$@ açmaq üçün %1$lld baloncuk,one: %1$lld more bubble to unlock %2$@ | other: %1$lld more bubbles to unlock %2$@,one: Nog %1$lld bubbel tot %2$@ | other: Nog %1$lld bubbels tot %2$@,"VoiceOver label for the next-character prompt on the home screen. First argument is the nuts still needed, second is the animal's name.",Localizable.xcstrings
home.nextCharacter %lld %@,en_nl_changed,be,Belarusian,one: %1$lld more nut to unlock %2$@ | other: %1$lld more nuts to unlock %2$@,one: Nog %1$lld noot tot %2$@ | other: Nog %1$lld noten tot %2$@,one: Яшчэ %1$lld бурбалка да %2$@ | other: Яшчэ %1$lld бурбалка да %2$@,one: %1$lld more bubble to unlock %2$@ | other: %1$lld more bubbles to unlock %2$@,one: Nog %1$lld bubbel tot %2$@ | other: Nog %1$lld bubbels tot %2$@,"VoiceOver label for the next-character prompt on the home screen. First argument is the nuts still needed, second is the animal's name.",Localizable.xcstrings
home.nextCharacter %lld %@,en_nl_changed,bg,Bulgarian,one: %1$lld more nut to unlock %2$@ | other: %1$lld more nuts to unlock %2$@,one: Nog %1$lld noot tot %2$@ | other: Nog %1$lld noten tot %2$@,one: %1$lld балон до %2$@ | other: %1$lld балон до %2$@,one: %1$lld more bubble to unlock %2$@ | other: %1$lld more bubbles to unlock %2$@,one: Nog %1$lld bubbel tot %2$@ | other: Nog %1$lld bubbels tot %2$@,"VoiceOver label for the next-character prompt on the home screen. First argument is the nuts still needed, second is the animal's name.",Localizable.xcstrings
home.nextCharacter %lld %@,en_nl_changed,bn,Bengali,one: %1$lld more nut to unlock %2$@ | other: %1$lld more nuts to unlock %2$@,one: Nog %1$lld noot tot %2$@ | other: Nog %1$lld noten tot %2$@,one: %2$@ আনলক করতে আর %1$lldটি বাবল | other: %2$@ আনলক করতে আর %1$lldটি বাবল,one: %1$lld more bubble to unlock %2$@ | other: %1$lld more bubbles to unlock %2$@,one: Nog %1$lld bubbel tot %2$@ | other: Nog %1$lld bubbels tot %2$@,"VoiceOver label for the next-character prompt on the home screen. First argument is the nuts still needed, second is the animal's name.",Localizable.xcstrings
home.nextCharacter %lld %@,en_nl_changed,bo,Tibetan,one: %1$lld more nut to unlock %2$@ | other: %1$lld more nuts to unlock %2$@,one: Nog %1$lld noot tot %2$@ | other: Nog %1$lld noten tot %2$@,one: %2$@ ཁ་ཕྱེ་བར་ད་དུང་ལྦུ་བ %1$lld དགོས། | other: %2$@ ཁ་ཕྱེ་བར་ད་དུང་ལྦུ་བ %1$lld དགོས།,one: %1$lld more bubble to unlock %2$@ | other: %1$lld more bubbles to unlock %2$@,one: Nog %1$lld bubbel tot %2$@ | other: Nog %1$lld bubbels tot %2$@,"VoiceOver label for the next-character prompt on the home screen. First argument is the nuts still needed, second is the animal's name.",Localizable.xcstrings
home.nextCharacter %lld %@,en_nl_changed,bs,Bosnian,one: %1$lld more nut to unlock %2$@ | other: %1$lld more nuts to unlock %2$@,one: Nog %1$lld noot tot %2$@ | other: Nog %1$lld noten tot %2$@,one: %1$lld mjehurić do otključavanja %2$@ | other: %1$lld mjehurić do otključavanja %2$@,one: %1$lld more bubble to unlock %2$@ | other: %1$lld more bubbles to unlock %2$@,one: Nog %1$lld bubbel tot %2$@ | other: Nog %1$lld bubbels tot %2$@,"VoiceOver label for the next-character prompt on the home screen. First argument is the nuts still needed, second is the animal's name.",Localizable.xcstrings
home.nextCharacter %lld %@,en_nl_changed,ca,Catalan,one: %1$lld more nut to unlock %2$@ | other: %1$lld more nuts to unlock %2$@,one: Nog %1$lld noot tot %2$@ | other: Nog %1$lld noten tot %2$@,one: %1$lld bombolla per desbloquejar %2$@ | other: %1$lld bombolla per desbloquejar %2$@,one: %1$lld more bubble to unlock %2$@ | other: %1$lld more bubbles to unlock %2$@,one: Nog %1$lld bubbel tot %2$@ | other: Nog %1$lld bubbels tot %2$@,"VoiceOver label for the next-character prompt on the home screen. First argument is the nuts still needed, second is the animal's name.",Localizable.xcstrings
home.nextCharacter %lld %@,en_nl_changed,cs,Czech,one: %1$lld more nut to unlock %2$@ | other: %1$lld more nuts to unlock %2$@,one: Nog %1$lld noot tot %2$@ | other: Nog %1$lld noten tot %2$@,one: Ještě %1$lld bublin do %2$@ | other: Ještě %1$lld bublin do %2$@,one: %1$lld more bubble to unlock %2$@ | other: %1$lld more bubbles to unlock %2$@,one: Nog %1$lld bubbel tot %2$@ | other: Nog %1$lld bubbels tot %2$@,"VoiceOver label for the next-character prompt on the home screen. First argument is the nuts still needed, second is the animal's name.",Localizable.xcstrings
home.nextCharacter %lld %@,en_nl_changed,cy,Welsh,one: %1$lld more nut to unlock %2$@ | other: %1$lld more nuts to unlock %2$@,one: Nog %1$lld noot tot %2$@ | other: Nog %1$lld noten tot %2$@,one: %1$lld swigen i ddatgloi %2$@ | other: %1$lld swigen i ddatgloi %2$@,one: %1$lld more bubble to unlock %2$@ | other: %1$lld more bubbles to unlock %2$@,one: Nog %1$lld bubbel tot %2$@ | other: Nog %1$lld bubbels tot %2$@,"VoiceOver label for the next-character prompt on the home screen. First argument is the nuts still needed, second is the animal's name.",Localizable.xcstrings
home.nextCharacter %lld %@,en_nl_changed,da,Danish,one: %1$lld more nut to unlock %2$@ | other: %1$lld more nuts to unlock %2$@,one: Nog %1$lld noot tot %2$@ | other: Nog %1$lld noten tot %2$@,one: %1$lld boble for at låse %2$@ op | other: %1$lld boble for at låse %2$@ op,one: %1$lld more bubble to unlock %2$@ | other: %1$lld more bubbles to unlock %2$@,one: Nog %1$lld bubbel tot %2$@ | other: Nog %1$lld bubbels tot %2$@,"VoiceOver label for the next-character prompt on the home screen. First argument is the nuts still needed, second is the animal's name.",Localizable.xcstrings
home.nextCharacter %lld %@,en_nl_changed,de,German,one: %1$lld more nut to unlock %2$@ | other: %1$lld more nuts to unlock %2$@,one: Nog %1$lld noot tot %2$@ | other: Nog %1$lld noten tot %2$@,one: Noch %1$lld Blase bis %2$@ | other: Noch %1$lld Blasen bis %2$@,one: %1$lld more bubble to unlock %2$@ | other: %1$lld more bubbles to unlock %2$@,one: Nog %1$lld bubbel tot %2$@ | other: Nog %1$lld bubbels tot %2$@,"VoiceOver label for the next-character prompt on the home screen. First argument is the nuts still needed, second is the animal's name.",Localizable.xcstrings
home.nextCharacter %lld %@,en_nl_changed,el,Greek,one: %1$lld more nut to unlock %2$@ | other: %1$lld more nuts to unlock %2$@,one: Nog %1$lld noot tot %2$@ | other: Nog %1$lld noten tot %2$@,one: %1$lld φούσκες για να ξεκλειδώσεις %2$@ | other: %1$lld φούσκες για να ξεκλειδώσεις %2$@,one: %1$lld more bubble to unlock %2$@ | other: %1$lld more bubbles to unlock %2$@,one: Nog %1$lld bubbel tot %2$@ | other: Nog %1$lld bubbels tot %2$@,"VoiceOver label for the next-character prompt on the home screen. First argument is the nuts still needed, second is the animal's name.",Localizable.xcstrings
home.nextCharacter %lld %@,en_nl_changed,es,Spanish,one: %1$lld more nut to unlock %2$@ | other: %1$lld more nuts to unlock %2$@,one: Nog %1$lld noot tot %2$@ | other: Nog %1$lld noten tot %2$@,one: %1$lld burbuja para desbloquear a %2$@ | other: %1$lld burbujas para desbloquear a %2$@,one: %1$lld more bubble to unlock %2$@ | other: %1$lld more bubbles to unlock %2$@,one: Nog %1$lld bubbel tot %2$@ | other: Nog %1$lld bubbels tot %2$@,"VoiceOver label for the next-character prompt on the home screen. First argument is the nuts still needed, second is the animal's name.",Localizable.xcstrings
home.nextCharacter %lld %@,en_nl_changed,et,Estonian,one: %1$lld more nut to unlock %2$@ | other: %1$lld more nuts to unlock %2$@,one: Nog %1$lld noot tot %2$@ | other: Nog %1$lld noten tot %2$@,one: %1$lld mull kuni %2$@ avamiseni | other: %1$lld mull kuni %2$@ avamiseni,one: %1$lld more bubble to unlock %2$@ | other: %1$lld more bubbles to unlock %2$@,one: Nog %1$lld bubbel tot %2$@ | other: Nog %1$lld bubbels tot %2$@,"VoiceOver label for the next-character prompt on the home screen. First argument is the nuts still needed, second is the animal's name.",Localizable.xcstrings
home.nextCharacter %lld %@,en_nl_changed,eu,Basque,one: %1$lld more nut to unlock %2$@ | other: %1$lld more nuts to unlock %2$@,one: Nog %1$lld noot tot %2$@ | other: Nog %1$lld noten tot %2$@,one: %1$lld burbuila %2$@ desblokeatzeko | other: %1$lld burbuila %2$@ desblokeatzeko,one: %1$lld more bubble to unlock %2$@ | other: %1$lld more bubbles to unlock %2$@,one: Nog %1$lld bubbel tot %2$@ | other: Nog %1$lld bubbels tot %2$@,"VoiceOver label for the next-character prompt on the home screen. First argument is the nuts still needed, second is the animal's name.",Localizable.xcstrings
home.nextCharacter %lld %@,en_nl_changed,fa,Persian,one: %1$lld more nut to unlock %2$@ | other: %1$lld more nuts to unlock %2$@,one: Nog %1$lld noot tot %2$@ | other: Nog %1$lld noten tot %2$@,one: %1$lld حباب تا باز شدن %2$@ | other: %1$lld حباب تا باز شدن %2$@,one: %1$lld more bubble to unlock %2$@ | other: %1$lld more bubbles to unlock %2$@,one: Nog %1$lld bubbel tot %2$@ | other: Nog %1$lld bubbels tot %2$@,"VoiceOver label for the next-character prompt on the home screen. First argument is the nuts still needed, second is the animal's name.",Localizable.xcstrings
home.nextCharacter %lld %@,en_nl_changed,fi,Finnish,one: %1$lld more nut to unlock %2$@ | other: %1$lld more nuts to unlock %2$@,one: Nog %1$lld noot tot %2$@ | other: Nog %1$lld noten tot %2$@,one: %1$lld kupla ennen kuin %2$@ avautuu | other: %1$lld kupla ennen kuin %2$@ avautuu,one: %1$lld more bubble to unlock %2$@ | other: %1$lld more bubbles to unlock %2$@,one: Nog %1$lld bubbel tot %2$@ | other: Nog %1$lld bubbels tot %2$@,"VoiceOver label for the next-character prompt on the home screen. First argument is the nuts still needed, second is the animal's name.",Localizable.xcstrings
home.nextCharacter %lld %@,en_nl_changed,fo,Faroese,one: %1$lld more nut to unlock %2$@ | other: %1$lld more nuts to unlock %2$@,one: Nog %1$lld noot tot %2$@ | other: Nog %1$lld noten tot %2$@,one: %1$lld bløðra til %2$@ | other: %1$lld bløðra til %2$@,one: %1$lld more bubble to unlock %2$@ | other: %1$lld more bubbles to unlock %2$@,one: Nog %1$lld bubbel tot %2$@ | other: Nog %1$lld bubbels tot %2$@,"VoiceOver label for the next-character prompt on the home screen. First argument is the nuts still needed, second is the animal's name.",Localizable.xcstrings
home.nextCharacter %lld %@,en_nl_changed,fr,French,one: %1$lld more nut to unlock %2$@ | other: %1$lld more nuts to unlock %2$@,one: Nog %1$lld noot tot %2$@ | other: Nog %1$lld noten tot %2$@,one: %1$lld bulle pour débloquer %2$@ | other: %1$lld bulles pour débloquer %2$@,one: %1$lld more bubble to unlock %2$@ | other: %1$lld more bubbles to unlock %2$@,one: Nog %1$lld bubbel tot %2$@ | other: Nog %1$lld bubbels tot %2$@,"VoiceOver label for the next-character prompt on the home screen. First argument is the nuts still needed, second is the animal's name.",Localizable.xcstrings
home.nextCharacter %lld %@,en_nl_changed,ga,Irish,one: %1$lld more nut to unlock %2$@ | other: %1$lld more nuts to unlock %2$@,one: Nog %1$lld noot tot %2$@ | other: Nog %1$lld noten tot %2$@,one: %1$lld mboilgeog chun %2$@ a dhíghlasáil | other: %1$lld mboilgeog chun %2$@ a dhíghlasáil,one: %1$lld more bubble to unlock %2$@ | other: %1$lld more bubbles to unlock %2$@,one: Nog %1$lld bubbel tot %2$@ | other: Nog %1$lld bubbels tot %2$@,"VoiceOver label for the next-character prompt on the home screen. First argument is the nuts still needed, second is the animal's name.",Localizable.xcstrings
home.nextCharacter %lld %@,en_nl_changed,gl,Galician,one: %1$lld more nut to unlock %2$@ | other: %1$lld more nuts to unlock %2$@,one: Nog %1$lld noot tot %2$@ | other: Nog %1$lld noten tot %2$@,one: %1$lld burbulla para desbloquear %2$@ | other: %1$lld burbulla para desbloquear %2$@,one: %1$lld more bubble to unlock %2$@ | other: %1$lld more bubbles to unlock %2$@,one: Nog %1$lld bubbel tot %2$@ | other: Nog %1$lld bubbels tot %2$@,"VoiceOver label for the next-character prompt on the home screen. First argument is the nuts still needed, second is the animal's name.",Localizable.xcstrings
home.nextCharacter %lld %@,en_nl_changed,gu,Gujarati,one: %1$lld more nut to unlock %2$@ | other: %1$lld more nuts to unlock %2$@,one: Nog %1$lld noot tot %2$@ | other: Nog %1$lld noten tot %2$@,one: %2$@ ખોલવા %1$lld બબલ | other: %2$@ ખોલવા %1$lld બબલ,one: %1$lld more bubble to unlock %2$@ | other: %1$lld more bubbles to unlock %2$@,one: Nog %1$lld bubbel tot %2$@ | other: Nog %1$lld bubbels tot %2$@,"VoiceOver label for the next-character prompt on the home screen. First argument is the nuts still needed, second is the animal's name.",Localizable.xcstrings
home.nextCharacter %lld %@,en_nl_changed,he,Hebrew,one: %1$lld more nut to unlock %2$@ | other: %1$lld more nuts to unlock %2$@,one: Nog %1$lld noot tot %2$@ | other: Nog %1$lld noten tot %2$@,one: עוד %1$lld בועה לפתיחת %2$@ | other: עוד %1$lld בועה לפתיחת %2$@,one: %1$lld more bubble to unlock %2$@ | other: %1$lld more bubbles to unlock %2$@,one: Nog %1$lld bubbel tot %2$@ | other: Nog %1$lld bubbels tot %2$@,"VoiceOver label for the next-character prompt on the home screen. First argument is the nuts still needed, second is the animal's name.",Localizable.xcstrings
home.nextCharacter %lld %@,en_nl_changed,hi,Hindi,one: %1$lld more nut to unlock %2$@ | other: %1$lld more nuts to unlock %2$@,one: Nog %1$lld noot tot %2$@ | other: Nog %1$lld noten tot %2$@,one: %2$@ खोलने के लिए %1$lld बुलबुला | other: %2$@ खोलने के लिए %1$lld बुलबुला,one: %1$lld more bubble to unlock %2$@ | other: %1$lld more bubbles to unlock %2$@,one: Nog %1$lld bubbel tot %2$@ | other: Nog %1$lld bubbels tot %2$@,"VoiceOver label for the next-character prompt on the home screen. First argument is the nuts still needed, second is the animal's name.",Localizable.xcstrings
home.nextCharacter %lld %@,en_nl_changed,hr,Croatian,one: %1$lld more nut to unlock %2$@ | other: %1$lld more nuts to unlock %2$@,one: Nog %1$lld noot tot %2$@ | other: Nog %1$lld noten tot %2$@,one: %1$lld mjehurić do %2$@ | other: %1$lld mjehurić do %2$@,one: %1$lld more bubble to unlock %2$@ | other: %1$lld more bubbles to unlock %2$@,one: Nog %1$lld bubbel tot %2$@ | other: Nog %1$lld bubbels tot %2$@,"VoiceOver label for the next-character prompt on the home screen. First argument is the nuts still needed, second is the animal's name.",Localizable.xcstrings
home.nextCharacter %lld %@,en_nl_changed,hu,Hungarian,one: %1$lld more nut to unlock %2$@ | other: %1$lld more nuts to unlock %2$@,one: Nog %1$lld noot tot %2$@ | other: Nog %1$lld noten tot %2$@,one: %1$lld buborék kell %2$@ feloldásához | other: %1$lld buborék kell %2$@ feloldásához,one: %1$lld more bubble to unlock %2$@ | other: %1$lld more bubbles to unlock %2$@,one: Nog %1$lld bubbel tot %2$@ | other: Nog %1$lld bubbels tot %2$@,"VoiceOver label for the next-character prompt on the home screen. First argument is the nuts still needed, second is the animal's name.",Localizable.xcstrings
home.nextCharacter %lld %@,en_nl_changed,hy,Armenian,one: %1$lld more nut to unlock %2$@ | other: %1$lld more nuts to unlock %2$@,one: Nog %1$lld noot tot %2$@ | other: Nog %1$lld noten tot %2$@,one: %2$@-ը բացելու համար՝ %1$lld պղպջակ | other: %2$@-ը բացելու համար՝ %1$lld պղպջակ,one: %1$lld more bubble to unlock %2$@ | other: %1$lld more bubbles to unlock %2$@,one: Nog %1$lld bubbel tot %2$@ | other: Nog %1$lld bubbels tot %2$@,"VoiceOver label for the next-character prompt on the home screen. First argument is the nuts still needed, second is the animal's name.",Localizable.xcstrings
home.nextCharacter %lld %@,en_nl_changed,id,Indonesian,one: %1$lld more nut to unlock %2$@ | other: %1$lld more nuts to unlock %2$@,one: Nog %1$lld noot tot %2$@ | other: Nog %1$lld noten tot %2$@,one: %1$lld gelembung lagi untuk membuka %2$@ | other: %1$lld gelembung lagi untuk membuka %2$@,one: %1$lld more bubble to unlock %2$@ | other: %1$lld more bubbles to unlock %2$@,one: Nog %1$lld bubbel tot %2$@ | other: Nog %1$lld bubbels tot %2$@,"VoiceOver label for the next-character prompt on the home screen. First argument is the nuts still needed, second is the animal's name.",Localizable.xcstrings
home.nextCharacter %lld %@,en_nl_changed,is,Icelandic,one: %1$lld more nut to unlock %2$@ | other: %1$lld more nuts to unlock %2$@,one: Nog %1$lld noot tot %2$@ | other: Nog %1$lld noten tot %2$@,one: %1$lld bóla til að opna %2$@ | other: %1$lld bóla til að opna %2$@,one: %1$lld more bubble to unlock %2$@ | other: %1$lld more bubbles to unlock %2$@,one: Nog %1$lld bubbel tot %2$@ | other: Nog %1$lld bubbels tot %2$@,"VoiceOver label for the next-character prompt on the home screen. First argument is the nuts still needed, second is the animal's name.",Localizable.xcstrings
home.nextCharacter %lld %@,en_nl_changed,it,Italian,one: %1$lld more nut to unlock %2$@ | other: %1$lld more nuts to unlock %2$@,one: Nog %1$lld noot tot %2$@ | other: Nog %1$lld noten tot %2$@,one: %1$lld bolla per sbloccare %2$@ | other: %1$lld bolle per sbloccare %2$@,one: %1$lld more bubble to unlock %2$@ | other: %1$lld more bubbles to unlock %2$@,one: Nog %1$lld bubbel tot %2$@ | other: Nog %1$lld bubbels tot %2$@,"VoiceOver label for the next-character prompt on the home screen. First argument is the nuts still needed, second is the animal's name.",Localizable.xcstrings
home.nextCharacter %lld %@,en_nl_changed,ja,Japanese,one: %1$lld more nut to unlock %2$@ | other: %1$lld more nuts to unlock %2$@,one: Nog %1$lld noot tot %2$@ | other: Nog %1$lld noten tot %2$@,one: あと%1$lld個のバブルで%2$@をアンロック | other: あと%1$lld個のバブルで%2$@をアンロック,one: %1$lld more bubble to unlock %2$@ | other: %1$lld more bubbles to unlock %2$@,one: Nog %1$lld bubbel tot %2$@ | other: Nog %1$lld bubbels tot %2$@,"VoiceOver label for the next-character prompt on the home screen. First argument is the nuts still needed, second is the animal's name.",Localizable.xcstrings
home.nextCharacter %lld %@,en_nl_changed,ka,Georgian,one: %1$lld more nut to unlock %2$@ | other: %1$lld more nuts to unlock %2$@,one: Nog %1$lld noot tot %2$@ | other: Nog %1$lld noten tot %2$@,one: %1$lld ბუშტი დარჩა %2$@-ის გასახსნელად | other: %1$lld ბუშტი დარჩა %2$@-ის გასახსნელად,one: %1$lld more bubble to unlock %2$@ | other: %1$lld more bubbles to unlock %2$@,one: Nog %1$lld bubbel tot %2$@ | other: Nog %1$lld bubbels tot %2$@,"VoiceOver label for the next-character prompt on the home screen. First argument is the nuts still needed, second is the animal's name.",Localizable.xcstrings
home.nextCharacter %lld %@,en_nl_changed,kk,Kazakh,one: %1$lld more nut to unlock %2$@ | other: %1$lld more nuts to unlock %2$@,one: Nog %1$lld noot tot %2$@ | other: Nog %1$lld noten tot %2$@,one: %2$@ ашуға %1$lld көпіршік қалды | other: %2$@ ашуға %1$lld көпіршік қалды,one: %1$lld more bubble to unlock %2$@ | other: %1$lld more bubbles to unlock %2$@,one: Nog %1$lld bubbel tot %2$@ | other: Nog %1$lld bubbels tot %2$@,"VoiceOver label for the next-character prompt on the home screen. First argument is the nuts still needed, second is the animal's name.",Localizable.xcstrings
home.nextCharacter %lld %@,en_nl_changed,km,Khmer,one: %1$lld more nut to unlock %2$@ | other: %1$lld more nuts to unlock %2$@,one: Nog %1$lld noot tot %2$@ | other: Nog %1$lld noten tot %2$@,one: ត្រូវការពពុះ %1$lld ទៀត ដើម្បីដោះសោ %2$@ | other: ត្រូវការពពុះ %1$lld ទៀត ដើម្បីដោះសោ %2$@,one: %1$lld more bubble to unlock %2$@ | other: %1$lld more bubbles to unlock %2$@,one: Nog %1$lld bubbel tot %2$@ | other: Nog %1$lld bubbels tot %2$@,"VoiceOver label for the next-character prompt on the home screen. First argument is the nuts still needed, second is the animal's name.",Localizable.xcstrings
home.nextCharacter %lld %@,en_nl_changed,kn,Kannada,one: %1$lld more nut to unlock %2$@ | other: %1$lld more nuts to unlock %2$@,one: Nog %1$lld noot tot %2$@ | other: Nog %1$lld noten tot %2$@,one: %2$@ ತೆರೆಯಲು ಇನ್ನೂ %1$lld ಬಬಲ್ | other: %2$@ ತೆರೆಯಲು ಇನ್ನೂ %1$lld ಬಬಲ್,one: %1$lld more bubble to unlock %2$@ | other: %1$lld more bubbles to unlock %2$@,one: Nog %1$lld bubbel tot %2$@ | other: Nog %1$lld bubbels tot %2$@,"VoiceOver label for the next-character prompt on the home screen. First argument is the nuts still needed, second is the animal's name.",Localizable.xcstrings
home.nextCharacter %lld %@,en_nl_changed,ko,Korean,one: %1$lld more nut to unlock %2$@ | other: %1$lld more nuts to unlock %2$@,one: Nog %1$lld noot tot %2$@ | other: Nog %1$lld noten tot %2$@,one: %2$@ 잠금 해제까지 버블 %1$lld개 남았어요 | other: %2$@ 잠금 해제까지 버블 %1$lld개 남았어요,one: %1$lld more bubble to unlock %2$@ | other: %1$lld more bubbles to unlock %2$@,one: Nog %1$lld bubbel tot %2$@ | other: Nog %1$lld bubbels tot %2$@,"VoiceOver label for the next-character prompt on the home screen. First argument is the nuts still needed, second is the animal's name.",Localizable.xcstrings
home.nextCharacter %lld %@,en_nl_changed,lo,Lao,one: %1$lld more nut to unlock %2$@ | other: %1$lld more nuts to unlock %2$@,one: Nog %1$lld noot tot %2$@ | other: Nog %1$lld noten tot %2$@,one: ຕ້ອງການຟອງອີກ %1$lld ເພື່ອປົດລັອກ %2$@ | other: ຕ້ອງການຟອງອີກ %1$lld ເພື່ອປົດລັອກ %2$@,one: %1$lld more bubble to unlock %2$@ | other: %1$lld more bubbles to unlock %2$@,one: Nog %1$lld bubbel tot %2$@ | other: Nog %1$lld bubbels tot %2$@,"VoiceOver label for the next-character prompt on the home screen. First argument is the nuts still needed, second is the animal's name.",Localizable.xcstrings
home.nextCharacter %lld %@,en_nl_changed,lt,Lithuanian,one: %1$lld more nut to unlock %2$@ | other: %1$lld more nuts to unlock %2$@,one: Nog %1$lld noot tot %2$@ | other: Nog %1$lld noten tot %2$@,one: %1$lld burbulas iki %2$@ | other: %1$lld burbulas iki %2$@,one: %1$lld more bubble to unlock %2$@ | other: %1$lld more bubbles to unlock %2$@,one: Nog %1$lld bubbel tot %2$@ | other: Nog %1$lld bubbels tot %2$@,"VoiceOver label for the next-character prompt on the home screen. First argument is the nuts still needed, second is the animal's name.",Localizable.xcstrings
home.nextCharacter %lld %@,en_nl_changed,lv,Latvian,one: %1$lld more nut to unlock %2$@ | other: %1$lld more nuts to unlock %2$@,one: Nog %1$lld noot tot %2$@ | other: Nog %1$lld noten tot %2$@,one: Vēl %1$lld burbulis līdz %2$@ | other: Vēl %1$lld burbulis līdz %2$@,one: %1$lld more bubble to unlock %2$@ | other: %1$lld more bubbles to unlock %2$@,one: Nog %1$lld bubbel tot %2$@ | other: Nog %1$lld bubbels tot %2$@,"VoiceOver label for the next-character prompt on the home screen. First argument is the nuts still needed, second is the animal's name.",Localizable.xcstrings
home.nextCharacter %lld %@,en_nl_changed,mk,Macedonian,one: %1$lld more nut to unlock %2$@ | other: %1$lld more nuts to unlock %2$@,one: Nog %1$lld noot tot %2$@ | other: Nog %1$lld noten tot %2$@,one: Уште %1$lld меурче до %2$@ | other: Уште %1$lld меурче до %2$@,one: %1$lld more bubble to unlock %2$@ | other: %1$lld more bubbles to unlock %2$@,one: Nog %1$lld bubbel tot %2$@ | other: Nog %1$lld bubbels tot %2$@,"VoiceOver label for the next-character prompt on the home screen. First argument is the nuts still needed, second is the animal's name.",Localizable.xcstrings
home.nextCharacter %lld %@,en_nl_changed,ml,Malayalam,one: %1$lld more nut to unlock %2$@ | other: %1$lld more nuts to unlock %2$@,one: Nog %1$lld noot tot %2$@ | other: Nog %1$lld noten tot %2$@,one: %2$@ തുറക്കാൻ %1$lld ബബിൾ | other: %2$@ തുറക്കാൻ %1$lld ബബിൾ,one: %1$lld more bubble to unlock %2$@ | other: %1$lld more bubbles to unlock %2$@,one: Nog %1$lld bubbel tot %2$@ | other: Nog %1$lld bubbels tot %2$@,"VoiceOver label for the next-character prompt on the home screen. First argument is the nuts still needed, second is the animal's name.",Localizable.xcstrings
home.nextCharacter %lld %@,en_nl_changed,mn,Mongolian,one: %1$lld more nut to unlock %2$@ | other: %1$lld more nuts to unlock %2$@,one: Nog %1$lld noot tot %2$@ | other: Nog %1$lld noten tot %2$@,one: %2$@ нээхэд %1$lld бөмбөлөг дутуу | other: %2$@ нээхэд %1$lld бөмбөлөг дутуу,one: %1$lld more bubble to unlock %2$@ | other: %1$lld more bubbles to unlock %2$@,one: Nog %1$lld bubbel tot %2$@ | other: Nog %1$lld bubbels tot %2$@,"VoiceOver label for the next-character prompt on the home screen. First argument is the nuts still needed, second is the animal's name.",Localizable.xcstrings
home.nextCharacter %lld %@,en_nl_changed,mr,Marathi,one: %1$lld more nut to unlock %2$@ | other: %1$lld more nuts to unlock %2$@,one: Nog %1$lld noot tot %2$@ | other: Nog %1$lld noten tot %2$@,one: %2$@ साठी %1$lld बुडबुडा | other: %2$@ साठी %1$lld बुडबुडा,one: %1$lld more bubble to unlock %2$@ | other: %1$lld more bubbles to unlock %2$@,one: Nog %1$lld bubbel tot %2$@ | other: Nog %1$lld bubbels tot %2$@,"VoiceOver label for the next-character prompt on the home screen. First argument is the nuts still needed, second is the animal's name.",Localizable.xcstrings
home.nextCharacter %lld %@,en_nl_changed,ms,Malay,one: %1$lld more nut to unlock %2$@ | other: %1$lld more nuts to unlock %2$@,one: Nog %1$lld noot tot %2$@ | other: Nog %1$lld noten tot %2$@,one: %1$lld gelembung untuk buka %2$@ | other: %1$lld gelembung untuk buka %2$@,one: %1$lld more bubble to unlock %2$@ | other: %1$lld more bubbles to unlock %2$@,one: Nog %1$lld bubbel tot %2$@ | other: Nog %1$lld bubbels tot %2$@,"VoiceOver label for the next-character prompt on the home screen. First argument is the nuts still needed, second is the animal's name.",Localizable.xcstrings
home.nextCharacter %lld %@,en_nl_changed,my,Burmese,one: %1$lld more nut to unlock %2$@ | other: %1$lld more nuts to unlock %2$@,one: Nog %1$lld noot tot %2$@ | other: Nog %1$lld noten tot %2$@,one: %2$@ ကို လော့ခ်ဖွင့်ဖို့ ပူဖောင်း %1$lld ခု ထပ်လိုသေးတယ် | other: %2$@ ကို လော့ခ်ဖွင့်ဖို့ ပူဖောင်း %1$lld ခု ထပ်လိုသေးတယ်,one: %1$lld more bubble to unlock %2$@ | other: %1$lld more bubbles to unlock %2$@,one: Nog %1$lld bubbel tot %2$@ | other: Nog %1$lld bubbels tot %2$@,"VoiceOver label for the next-character prompt on the home screen. First argument is the nuts still needed, second is the animal's name.",Localizable.xcstrings
home.nextCharacter %lld %@,en_nl_changed,nb,Norwegian,one: %1$lld more nut to unlock %2$@ | other: %1$lld more nuts to unlock %2$@,one: Nog %1$lld noot tot %2$@ | other: Nog %1$lld noten tot %2$@,one: %1$lld boble til %2$@ | other: %1$lld boble til %2$@,one: %1$lld more bubble to unlock %2$@ | other: %1$lld more bubbles to unlock %2$@,one: Nog %1$lld bubbel tot %2$@ | other: Nog %1$lld bubbels tot %2$@,"VoiceOver label for the next-character prompt on the home screen. First argument is the nuts still needed, second is the animal's name.",Localizable.xcstrings
home.nextCharacter %lld %@,en_nl_changed,ne,Nepali,one: %1$lld more nut to unlock %2$@ | other: %1$lld more nuts to unlock %2$@,one: Nog %1$lld noot tot %2$@ | other: Nog %1$lld noten tot %2$@,one: %2$@ खोल्न %1$lld बबल | other: %2$@ खोल्न %1$lld बबल,one: %1$lld more bubble to unlock %2$@ | other: %1$lld more bubbles to unlock %2$@,one: Nog %1$lld bubbel tot %2$@ | other: Nog %1$lld bubbels tot %2$@,"VoiceOver label for the next-character prompt on the home screen. First argument is the nuts still needed, second is the animal's name.",Localizable.xcstrings
home.nextCharacter %lld %@,en_nl_changed,or,Odia,one: %1$lld more nut to unlock %2$@ | other: %1$lld more nuts to unlock %2$@,one: Nog %1$lld noot tot %2$@ | other: Nog %1$lld noten tot %2$@,one: %2$@ ଖୋଲିବାକୁ %1$lld ବବଲ୍ | other: %2$@ ଖୋଲିବାକୁ %1$lld ବବଲ୍,one: %1$lld more bubble to unlock %2$@ | other: %1$lld more bubbles to unlock %2$@,one: Nog %1$lld bubbel tot %2$@ | other: Nog %1$lld bubbels tot %2$@,"VoiceOver label for the next-character prompt on the home screen. First argument is the nuts still needed, second is the animal's name.",Localizable.xcstrings
home.nextCharacter %lld %@,en_nl_changed,pa,Punjabi,one: %1$lld more nut to unlock %2$@ | other: %1$lld more nuts to unlock %2$@,one: Nog %1$lld noot tot %2$@ | other: Nog %1$lld noten tot %2$@,one: %2$@ ਖੋਲ੍ਹਣ ਲਈ %1$lld ਬੁਲਬੁਲਾ | other: %2$@ ਖੋਲ੍ਹਣ ਲਈ %1$lld ਬੁਲਬੁਲਾ,one: %1$lld more bubble to unlock %2$@ | other: %1$lld more bubbles to unlock %2$@,one: Nog %1$lld bubbel tot %2$@ | other: Nog %1$lld bubbels tot %2$@,"VoiceOver label for the next-character prompt on the home screen. First argument is the nuts still needed, second is the animal's name.",Localizable.xcstrings
home.nextCharacter %lld %@,en_nl_changed,pl,Polish,one: %1$lld more nut to unlock %2$@ | other: %1$lld more nuts to unlock %2$@,one: Nog %1$lld noot tot %2$@ | other: Nog %1$lld noten tot %2$@,one: Jeszcze %1$lld bąbelek do %2$@ | few: Jeszcze %1$lld bąbelki do %2$@ | many: Jeszcze %1$lld bąbelków do %2$@ | other: Jeszcze %1$lld bąbelka do %2$@,one: %1$lld more bubble to unlock %2$@ | other: %1$lld more bubbles to unlock %2$@,one: Nog %1$lld bubbel tot %2$@ | other: Nog %1$lld bubbels tot %2$@,"VoiceOver label for the next-character prompt on the home screen. First argument is the nuts still needed, second is the animal's name.",Localizable.xcstrings
home.nextCharacter %lld %@,en_nl_changed,pt,Portuguese,one: %1$lld more nut to unlock %2$@ | other: %1$lld more nuts to unlock %2$@,one: Nog %1$lld noot tot %2$@ | other: Nog %1$lld noten tot %2$@,one: %1$lld bolha para desbloquear %2$@ | other: %1$lld bolhas para desbloquear %2$@,one: %1$lld more bubble to unlock %2$@ | other: %1$lld more bubbles to unlock %2$@,one: Nog %1$lld bubbel tot %2$@ | other: Nog %1$lld bubbels tot %2$@,"VoiceOver label for the next-character prompt on the home screen. First argument is the nuts still needed, second is the animal's name.",Localizable.xcstrings
home.nextCharacter %lld %@,en_nl_changed,ro,Romanian,one: %1$lld more nut to unlock %2$@ | other: %1$lld more nuts to unlock %2$@,one: Nog %1$lld noot tot %2$@ | other: Nog %1$lld noten tot %2$@,one: Încă %1$lld bulă pentru %2$@ | other: Încă %1$lld bulă pentru %2$@,one: %1$lld more bubble to unlock %2$@ | other: %1$lld more bubbles to unlock %2$@,one: Nog %1$lld bubbel tot %2$@ | other: Nog %1$lld bubbels tot %2$@,"VoiceOver label for the next-character prompt on the home screen. First argument is the nuts still needed, second is the animal's name.",Localizable.xcstrings
home.nextCharacter %lld %@,en_nl_changed,ru,Russian,one: %1$lld more nut to unlock %2$@ | other: %1$lld more nuts to unlock %2$@,one: Nog %1$lld noot tot %2$@ | other: Nog %1$lld noten tot %2$@,one: До %2$@ ещё %1$lld пузырь | few: До %2$@ ещё %1$lld пузыря | many: До %2$@ ещё %1$lld пузырей | other: До %2$@ ещё %1$lld пузыря,one: %1$lld more bubble to unlock %2$@ | other: %1$lld more bubbles to unlock %2$@,one: Nog %1$lld bubbel tot %2$@ | other: Nog %1$lld bubbels tot %2$@,"VoiceOver label for the next-character prompt on the home screen. First argument is the nuts still needed, second is the animal's name.",Localizable.xcstrings
home.nextCharacter %lld %@,en_nl_changed,si,Sinhala,one: %1$lld more nut to unlock %2$@ | other: %1$lld more nuts to unlock %2$@,one: Nog %1$lld noot tot %2$@ | other: Nog %1$lld noten tot %2$@,one: %2$@ට තව %1$lld බුබුලක් | other: %2$@ට තව %1$lld බුබුලක්,one: %1$lld more bubble to unlock %2$@ | other: %1$lld more bubbles to unlock %2$@,one: Nog %1$lld bubbel tot %2$@ | other: Nog %1$lld bubbels tot %2$@,"VoiceOver label for the next-character prompt on the home screen. First argument is the nuts still needed, second is the animal's name.",Localizable.xcstrings
home.nextCharacter %lld %@,en_nl_changed,sk,Slovak,one: %1$lld more nut to unlock %2$@ | other: %1$lld more nuts to unlock %2$@,one: Nog %1$lld noot tot %2$@ | other: Nog %1$lld noten tot %2$@,one: Na %2$@ treba %1$lld bublina | other: Na %2$@ treba %1$lld bublina,one: %1$lld more bubble to unlock %2$@ | other: %1$lld more bubbles to unlock %2$@,one: Nog %1$lld bubbel tot %2$@ | other: Nog %1$lld bubbels tot %2$@,"VoiceOver label for the next-character prompt on the home screen. First argument is the nuts still needed, second is the animal's name.",Localizable.xcstrings
home.nextCharacter %lld %@,en_nl_changed,sl,Slovenian,one: %1$lld more nut to unlock %2$@ | other: %1$lld more nuts to unlock %2$@,one: Nog %1$lld noot tot %2$@ | other: Nog %1$lld noten tot %2$@,one: Še %1$lld mehurček za odklep %2$@ | other: Še %1$lld mehurčkov za odklep %2$@,one: %1$lld more bubble to unlock %2$@ | other: %1$lld more bubbles to unlock %2$@,one: Nog %1$lld bubbel tot %2$@ | other: Nog %1$lld bubbels tot %2$@,"VoiceOver label for the next-character prompt on the home screen. First argument is the nuts still needed, second is the animal's name.",Localizable.xcstrings
home.nextCharacter %lld %@,en_nl_changed,sq,Albanian,one: %1$lld more nut to unlock %2$@ | other: %1$lld more nuts to unlock %2$@,one: Nog %1$lld noot tot %2$@ | other: Nog %1$lld noten tot %2$@,one: %1$lld flluskë për të zhbllokuar %2$@ | other: %1$lld flluskë për të zhbllokuar %2$@,one: %1$lld more bubble to unlock %2$@ | other: %1$lld more bubbles to unlock %2$@,one: Nog %1$lld bubbel tot %2$@ | other: Nog %1$lld bubbels tot %2$@,"VoiceOver label for the next-character prompt on the home screen. First argument is the nuts still needed, second is the animal's name.",Localizable.xcstrings
home.nextCharacter %lld %@,en_nl_changed,sr,Serbian,one: %1$lld more nut to unlock %2$@ | other: %1$lld more nuts to unlock %2$@,one: Nog %1$lld noot tot %2$@ | other: Nog %1$lld noten tot %2$@,one: %1$lld mehurić do otključavanja %2$@ | other: %1$lld mehurić do otključavanja %2$@,one: %1$lld more bubble to unlock %2$@ | other: %1$lld more bubbles to unlock %2$@,one: Nog %1$lld bubbel tot %2$@ | other: Nog %1$lld bubbels tot %2$@,"VoiceOver label for the next-character prompt on the home screen. First argument is the nuts still needed, second is the animal's name.",Localizable.xcstrings
home.nextCharacter %lld %@,en_nl_changed,sv,Swedish,one: %1$lld more nut to unlock %2$@ | other: %1$lld more nuts to unlock %2$@,one: Nog %1$lld noot tot %2$@ | other: Nog %1$lld noten tot %2$@,one: %1$lld bubblor kvar till %2$@ | other: %1$lld bubblor kvar till %2$@,one: %1$lld more bubble to unlock %2$@ | other: %1$lld more bubbles to unlock %2$@,one: Nog %1$lld bubbel tot %2$@ | other: Nog %1$lld bubbels tot %2$@,"VoiceOver label for the next-character prompt on the home screen. First argument is the nuts still needed, second is the animal's name.",Localizable.xcstrings
home.nextCharacter %lld %@,en_nl_changed,sw,Swahili,one: %1$lld more nut to unlock %2$@ | other: %1$lld more nuts to unlock %2$@,one: Nog %1$lld noot tot %2$@ | other: Nog %1$lld noten tot %2$@,one: %1$lld kimekusanywa kufungua %2$@ | other: %1$lld kimekusanywa kufungua %2$@,one: %1$lld more bubble to unlock %2$@ | other: %1$lld more bubbles to unlock %2$@,one: Nog %1$lld bubbel tot %2$@ | other: Nog %1$lld bubbels tot %2$@,"VoiceOver label for the next-character prompt on the home screen. First argument is the nuts still needed, second is the animal's name.",Localizable.xcstrings
home.nextCharacter %lld %@,en_nl_changed,ta,Tamil,one: %1$lld more nut to unlock %2$@ | other: %1$lld more nuts to unlock %2$@,one: Nog %1$lld noot tot %2$@ | other: Nog %1$lld noten tot %2$@,one: %2$@ திறக்க இன்னும் %1$lld குமிழி | other: %2$@ திறக்க இன்னும் %1$lld குமிழி,one: %1$lld more bubble to unlock %2$@ | other: %1$lld more bubbles to unlock %2$@,one: Nog %1$lld bubbel tot %2$@ | other: Nog %1$lld bubbels tot %2$@,"VoiceOver label for the next-character prompt on the home screen. First argument is the nuts still needed, second is the animal's name.",Localizable.xcstrings
home.nextCharacter %lld %@,en_nl_changed,te,Telugu,one: %1$lld more nut to unlock %2$@ | other: %1$lld more nuts to unlock %2$@,one: Nog %1$lld noot tot %2$@ | other: Nog %1$lld noten tot %2$@,one: %2$@ అన్‌లాక్‌కు ఇంకా %1$lld బబుల్ | other: %2$@ అన్‌లాక్‌కు ఇంకా %1$lld బబుల్,one: %1$lld more bubble to unlock %2$@ | other: %1$lld more bubbles to unlock %2$@,one: Nog %1$lld bubbel tot %2$@ | other: Nog %1$lld bubbels tot %2$@,"VoiceOver label for the next-character prompt on the home screen. First argument is the nuts still needed, second is the animal's name.",Localizable.xcstrings
home.nextCharacter %lld %@,en_nl_changed,th,Thai,one: %1$lld more nut to unlock %2$@ | other: %1$lld more nuts to unlock %2$@,one: Nog %1$lld noot tot %2$@ | other: Nog %1$lld noten tot %2$@,one: เหลือฟองสบู่อีก %1$lld ฟองเพื่อปลดล็อก %2$@ | other: เหลือฟองสบู่อีก %1$lld ฟองเพื่อปลดล็อก %2$@,one: %1$lld more bubble to unlock %2$@ | other: %1$lld more bubbles to unlock %2$@,one: Nog %1$lld bubbel tot %2$@ | other: Nog %1$lld bubbels tot %2$@,"VoiceOver label for the next-character prompt on the home screen. First argument is the nuts still needed, second is the animal's name.",Localizable.xcstrings
home.nextCharacter %lld %@,en_nl_changed,tr,Turkish,one: %1$lld more nut to unlock %2$@ | other: %1$lld more nuts to unlock %2$@,one: Nog %1$lld noot tot %2$@ | other: Nog %1$lld noten tot %2$@,one: %2$@ için %1$lld baloncuk kaldı | other: %2$@ için %1$lld baloncuk kaldı,one: %1$lld more bubble to unlock %2$@ | other: %1$lld more bubbles to unlock %2$@,one: Nog %1$lld bubbel tot %2$@ | other: Nog %1$lld bubbels tot %2$@,"VoiceOver label for the next-character prompt on the home screen. First argument is the nuts still needed, second is the animal's name.",Localizable.xcstrings
home.nextCharacter %lld %@,en_nl_changed,ug,Uyghur,one: %1$lld more nut to unlock %2$@ | other: %1$lld more nuts to unlock %2$@,one: Nog %1$lld noot tot %2$@ | other: Nog %1$lld noten tot %2$@,one: %2$@ ئېچىلىشىغا %1$lld كۆپۈك قالدى | other: %2$@ ئېچىلىشىغا %1$lld كۆپۈك قالدى,one: %1$lld more bubble to unlock %2$@ | other: %1$lld more bubbles to unlock %2$@,one: Nog %1$lld bubbel tot %2$@ | other: Nog %1$lld bubbels tot %2$@,"VoiceOver label for the next-character prompt on the home screen. First argument is the nuts still needed, second is the animal's name.",Localizable.xcstrings
home.nextCharacter %lld %@,en_nl_changed,uk,Ukrainian,one: %1$lld more nut to unlock %2$@ | other: %1$lld more nuts to unlock %2$@,one: Nog %1$lld noot tot %2$@ | other: Nog %1$lld noten tot %2$@,one: Ще %1$lld бульбашку до %2$@ | other: Ще %1$lld бульбашку до %2$@,one: %1$lld more bubble to unlock %2$@ | other: %1$lld more bubbles to unlock %2$@,one: Nog %1$lld bubbel tot %2$@ | other: Nog %1$lld bubbels tot %2$@,"VoiceOver label for the next-character prompt on the home screen. First argument is the nuts still needed, second is the animal's name.",Localizable.xcstrings
home.nextCharacter %lld %@,en_nl_changed,ur,Urdu,one: %1$lld more nut to unlock %2$@ | other: %1$lld more nuts to unlock %2$@,one: Nog %1$lld noot tot %2$@ | other: Nog %1$lld noten tot %2$@,one: %2$@ کھولنے کے لیے %1$lld ببل | other: %2$@ کھولنے کے لیے %1$lld ببل,one: %1$lld more bubble to unlock %2$@ | other: %1$lld more bubbles to unlock %2$@,one: Nog %1$lld bubbel tot %2$@ | other: Nog %1$lld bubbels tot %2$@,"VoiceOver label for the next-character prompt on the home screen. First argument is the nuts still needed, second is the animal's name.",Localizable.xcstrings
home.nextCharacter %lld %@,en_nl_changed,uz,Uzbek,one: %1$lld more nut to unlock %2$@ | other: %1$lld more nuts to unlock %2$@,one: Nog %1$lld noot tot %2$@ | other: Nog %1$lld noten tot %2$@,one: %2$@ni ochish uchun %1$lld pufakcha | other: %2$@ni ochish uchun %1$lld pufakcha,one: %1$lld more bubble to unlock %2$@ | other: %1$lld more bubbles to unlock %2$@,one: Nog %1$lld bubbel tot %2$@ | other: Nog %1$lld bubbels tot %2$@,"VoiceOver label for the next-character prompt on the home screen. First argument is the nuts still needed, second is the animal's name.",Localizable.xcstrings
home.nextCharacter %lld %@,en_nl_changed,vi,Vietnamese,one: %1$lld more nut to unlock %2$@ | other: %1$lld more nuts to unlock %2$@,one: Nog %1$lld noot tot %2$@ | other: Nog %1$lld noten tot %2$@,one: Còn %1$lld bong để mở %2$@ | other: Còn %1$lld bong để mở %2$@,one: %1$lld more bubble to unlock %2$@ | other: %1$lld more bubbles to unlock %2$@,one: Nog %1$lld bubbel tot %2$@ | other: Nog %1$lld bubbels tot %2$@,"VoiceOver label for the next-character prompt on the home screen. First argument is the nuts still needed, second is the animal's name.",Localizable.xcstrings
home.nextCharacter %lld %@,en_nl_changed,zh,Chinese,one: %1$lld more nut to unlock %2$@ | other: %1$lld more nuts to unlock %2$@,one: Nog %1$lld noot tot %2$@ | other: Nog %1$lld noten tot %2$@,one: 还差 %1$lld 个泡泡即可解锁 %2$@ | other: 还差 %1$lld 个泡泡即可解锁 %2$@,one: %1$lld more bubble to unlock %2$@ | other: %1$lld more bubbles to unlock %2$@,one: Nog %1$lld bubbel tot %2$@ | other: Nog %1$lld bubbels tot %2$@,"VoiceOver label for the next-character prompt on the home screen. First argument is the nuts still needed, second is the animal's name.",Localizable.xcstrings
home.nextCharacter %lld %@,en_nl_changed,zu,Zulu,one: %1$lld more nut to unlock %2$@ | other: %1$lld more nuts to unlock %2$@,one: Nog %1$lld noot tot %2$@ | other: Nog %1$lld noten tot %2$@,one: Kusele ibhamuza elingu-%1$lld ukuze uvule u-%2$@ | other: Kusele amabhamuza angu-%1$lld ukuze uvule u-%2$@,one: %1$lld more bubble to unlock %2$@ | other: %1$lld more bubbles to unlock %2$@,one: Nog %1$lld bubbel tot %2$@ | other: Nog %1$lld bubbels tot %2$@,"VoiceOver label for the next-character prompt on the home screen. First argument is the nuts still needed, second is the animal's name.",Localizable.xcstrings
home.pausedCards %lld,en_nl_changed,af,Afrikaans,one: %lld nut paused | other: %lld nuts paused,one: %lld noot gepauzeerd | other: %lld noten gepauzeerd,one: %lld borrel gepouseer | other: %lld borrel gepouseer,one: %lld bubble paused | other: %lld bubbles paused,one: %lld bubbel gepauzeerd | other: %lld bubbels gepauzeerd,"VoiceOver value for a level tile that holds a paused run, saying how many nuts are being kept.",Localizable.xcstrings
home.pausedCards %lld,en_nl_changed,am,Amharic,one: %lld nut paused | other: %lld nuts paused,one: %lld noot gepauzeerd | other: %lld noten gepauzeerd,one: %lld አረፋ ቆሟል | other: %lld አረፋ ቆሟል,one: %lld bubble paused | other: %lld bubbles paused,one: %lld bubbel gepauzeerd | other: %lld bubbels gepauzeerd,"VoiceOver value for a level tile that holds a paused run, saying how many nuts are being kept.",Localizable.xcstrings
home.pausedCards %lld,en_nl_changed,ar,Arabic,one: %lld nut paused | other: %lld nuts paused,one: %lld noot gepauzeerd | other: %lld noten gepauzeerd,one: %lld فقاعة محفوظة | other: %lld فقاعة محفوظة,one: %lld bubble paused | other: %lld bubbles paused,one: %lld bubbel gepauzeerd | other: %lld bubbels gepauzeerd,"VoiceOver value for a level tile that holds a paused run, saying how many nuts are being kept.",Localizable.xcstrings
home.pausedCards %lld,en_nl_changed,as,Assamese,one: %lld nut paused | other: %lld nuts paused,one: %lld noot gepauzeerd | other: %lld noten gepauzeerd,one: %lld বুদবুদ ৰৈ আছে | other: %lld বুদবুদ ৰৈ আছে,one: %lld bubble paused | other: %lld bubbles paused,one: %lld bubbel gepauzeerd | other: %lld bubbels gepauzeerd,"VoiceOver value for a level tile that holds a paused run, saying how many nuts are being kept.",Localizable.xcstrings
home.pausedCards %lld,en_nl_changed,az,Azerbaijani,one: %lld nut paused | other: %lld nuts paused,one: %lld noot gepauzeerd | other: %lld noten gepauzeerd,one: %lld baloncuk saxlanılıb | other: %lld baloncuk saxlanılıb,one: %lld bubble paused | other: %lld bubbles paused,one: %lld bubbel gepauzeerd | other: %lld bubbels gepauzeerd,"VoiceOver value for a level tile that holds a paused run, saying how many nuts are being kept.",Localizable.xcstrings
home.pausedCards %lld,en_nl_changed,be,Belarusian,one: %lld nut paused | other: %lld nuts paused,one: %lld noot gepauzeerd | other: %lld noten gepauzeerd,one: Прыпынена: %lld бурбалка | other: Прыпынена: %lld бурбалка,one: %lld bubble paused | other: %lld bubbles paused,one: %lld bubbel gepauzeerd | other: %lld bubbels gepauzeerd,"VoiceOver value for a level tile that holds a paused run, saying how many nuts are being kept.",Localizable.xcstrings
home.pausedCards %lld,en_nl_changed,bg,Bulgarian,one: %lld nut paused | other: %lld nuts paused,one: %lld noot gepauzeerd | other: %lld noten gepauzeerd,one: %lld балон запазен | other: %lld балон запазен,one: %lld bubble paused | other: %lld bubbles paused,one: %lld bubbel gepauzeerd | other: %lld bubbels gepauzeerd,"VoiceOver value for a level tile that holds a paused run, saying how many nuts are being kept.",Localizable.xcstrings
home.pausedCards %lld,en_nl_changed,bn,Bengali,one: %lld nut paused | other: %lld nuts paused,one: %lld noot gepauzeerd | other: %lld noten gepauzeerd,one: %lldটি বাবল থামানো | other: %lldটি বাবল থামানো,one: %lld bubble paused | other: %lld bubbles paused,one: %lld bubbel gepauzeerd | other: %lld bubbels gepauzeerd,"VoiceOver value for a level tile that holds a paused run, saying how many nuts are being kept.",Localizable.xcstrings
home.pausedCards %lld,en_nl_changed,bo,Tibetan,one: %lld nut paused | other: %lld nuts paused,one: %lld noot gepauzeerd | other: %lld noten gepauzeerd,one: ལྦུ་བ %lld མཚམས་བཞག | other: ལྦུ་བ %lld མཚམས་བཞག,one: %lld bubble paused | other: %lld bubbles paused,one: %lld bubbel gepauzeerd | other: %lld bubbels gepauzeerd,"VoiceOver value for a level tile that holds a paused run, saying how many nuts are being kept.",Localizable.xcstrings
home.pausedCards %lld,en_nl_changed,bs,Bosnian,one: %lld nut paused | other: %lld nuts paused,one: %lld noot gepauzeerd | other: %lld noten gepauzeerd,one: Pauziran %lld mjehurić | other: Pauziran %lld mjehurić,one: %lld bubble paused | other: %lld bubbles paused,one: %lld bubbel gepauzeerd | other: %lld bubbels gepauzeerd,"VoiceOver value for a level tile that holds a paused run, saying how many nuts are being kept.",Localizable.xcstrings
home.pausedCards %lld,en_nl_changed,ca,Catalan,one: %lld nut paused | other: %lld nuts paused,one: %lld noot gepauzeerd | other: %lld noten gepauzeerd,one: %lld bombolla pausada | other: %lld bombolla pausada,one: %lld bubble paused | other: %lld bubbles paused,one: %lld bubbel gepauzeerd | other: %lld bubbels gepauzeerd,"VoiceOver value for a level tile that holds a paused run, saying how many nuts are being kept.",Localizable.xcstrings
home.pausedCards %lld,en_nl_changed,cs,Czech,one: %lld nut paused | other: %lld nuts paused,one: %lld noot gepauzeerd | other: %lld noten gepauzeerd,one: Pozastavena %lld bublina | other: Pozastavena %lld bublina,one: %lld bubble paused | other: %lld bubbles paused,one: %lld bubbel gepauzeerd | other: %lld bubbels gepauzeerd,"VoiceOver value for a level tile that holds a paused run, saying how many nuts are being kept.",Localizable.xcstrings
home.pausedCards %lld,en_nl_changed,cy,Welsh,one: %lld nut paused | other: %lld nuts paused,one: %lld noot gepauzeerd | other: %lld noten gepauzeerd,one: %lld swigen wedi’i hoedi | other: %lld swigen wedi’i hoedi,one: %lld bubble paused | other: %lld bubbles paused,one: %lld bubbel gepauzeerd | other: %lld bubbels gepauzeerd,"VoiceOver value for a level tile that holds a paused run, saying how many nuts are being kept.",Localizable.xcstrings
home.pausedCards %lld,en_nl_changed,da,Danish,one: %lld nut paused | other: %lld nuts paused,one: %lld noot gepauzeerd | other: %lld noten gepauzeerd,one: %lld boble på pause | other: %lld boble på pause,one: %lld bubble paused | other: %lld bubbles paused,one: %lld bubbel gepauzeerd | other: %lld bubbels gepauzeerd,"VoiceOver value for a level tile that holds a paused run, saying how many nuts are being kept.",Localizable.xcstrings
home.pausedCards %lld,en_nl_changed,de,German,one: %lld nut paused | other: %lld nuts paused,one: %lld noot gepauzeerd | other: %lld noten gepauzeerd,one: %lld Blase pausiert | other: %lld Blasen pausiert,one: %lld bubble paused | other: %lld bubbles paused,one: %lld bubbel gepauzeerd | other: %lld bubbels gepauzeerd,"VoiceOver value for a level tile that holds a paused run, saying how many nuts are being kept.",Localizable.xcstrings
home.pausedCards %lld,en_nl_changed,el,Greek,one: %lld nut paused | other: %lld nuts paused,one: %lld noot gepauzeerd | other: %lld noten gepauzeerd,one: %lld φούσκα σε παύση | other: %lld φούσκα σε παύση,one: %lld bubble paused | other: %lld bubbles paused,one: %lld bubbel gepauzeerd | other: %lld bubbels gepauzeerd,"VoiceOver value for a level tile that holds a paused run, saying how many nuts are being kept.",Localizable.xcstrings
home.pausedCards %lld,en_nl_changed,es,Spanish,one: %lld nut paused | other: %lld nuts paused,one: %lld noot gepauzeerd | other: %lld noten gepauzeerd,one: %lld burbuja en pausa | other: %lld burbujas en pausa,one: %lld bubble paused | other: %lld bubbles paused,one: %lld bubbel gepauzeerd | other: %lld bubbels gepauzeerd,"VoiceOver value for a level tile that holds a paused run, saying how many nuts are being kept.",Localizable.xcstrings
home.pausedCards %lld,en_nl_changed,et,Estonian,one: %lld nut paused | other: %lld nuts paused,one: %lld noot gepauzeerd | other: %lld noten gepauzeerd,one: %lld mull pausil | other: %lld mull pausil,one: %lld bubble paused | other: %lld bubbles paused,one: %lld bubbel gepauzeerd | other: %lld bubbels gepauzeerd,"VoiceOver value for a level tile that holds a paused run, saying how many nuts are being kept.",Localizable.xcstrings
home.pausedCards %lld,en_nl_changed,eu,Basque,one: %lld nut paused | other: %lld nuts paused,one: %lld noot gepauzeerd | other: %lld noten gepauzeerd,one: %lld burbuila pausatuta | other: %lld burbuila pausatuta,one: %lld bubble paused | other: %lld bubbles paused,one: %lld bubbel gepauzeerd | other: %lld bubbels gepauzeerd,"VoiceOver value for a level tile that holds a paused run, saying how many nuts are being kept.",Localizable.xcstrings
home.pausedCards %lld,en_nl_changed,fa,Persian,one: %lld nut paused | other: %lld nuts paused,one: %lld noot gepauzeerd | other: %lld noten gepauzeerd,one: %lld حباب متوقف | other: %lld حباب متوقف,one: %lld bubble paused | other: %lld bubbles paused,one: %lld bubbel gepauzeerd | other: %lld bubbels gepauzeerd,"VoiceOver value for a level tile that holds a paused run, saying how many nuts are being kept.",Localizable.xcstrings
home.pausedCards %lld,en_nl_changed,fi,Finnish,one: %lld nut paused | other: %lld nuts paused,one: %lld noot gepauzeerd | other: %lld noten gepauzeerd,one: %lld kupla tauolla | other: %lld kupla tauolla,one: %lld bubble paused | other: %lld bubbles paused,one: %lld bubbel gepauzeerd | other: %lld bubbels gepauzeerd,"VoiceOver value for a level tile that holds a paused run, saying how many nuts are being kept.",Localizable.xcstrings
home.pausedCards %lld,en_nl_changed,fo,Faroese,one: %lld nut paused | other: %lld nuts paused,one: %lld noot gepauzeerd | other: %lld noten gepauzeerd,one: %lld bløðra steðgað | other: %lld bløðra steðgað,one: %lld bubble paused | other: %lld bubbles paused,one: %lld bubbel gepauzeerd | other: %lld bubbels gepauzeerd,"VoiceOver value for a level tile that holds a paused run, saying how many nuts are being kept.",Localizable.xcstrings
home.pausedCards %lld,en_nl_changed,fr,French,one: %lld nut paused | other: %lld nuts paused,one: %lld noot gepauzeerd | other: %lld noten gepauzeerd,one: %lld bulle en pause | other: %lld bulles en pause,one: %lld bubble paused | other: %lld bubbles paused,one: %lld bubbel gepauzeerd | other: %lld bubbels gepauzeerd,"VoiceOver value for a level tile that holds a paused run, saying how many nuts are being kept.",Localizable.xcstrings
home.pausedCards %lld,en_nl_changed,ga,Irish,one: %lld nut paused | other: %lld nuts paused,one: %lld noot gepauzeerd | other: %lld noten gepauzeerd,one: %lld mboilgeog ar sos | other: %lld mboilgeog ar sos,one: %lld bubble paused | other: %lld bubbles paused,one: %lld bubbel gepauzeerd | other: %lld bubbels gepauzeerd,"VoiceOver value for a level tile that holds a paused run, saying how many nuts are being kept.",Localizable.xcstrings
home.pausedCards %lld,en_nl_changed,gl,Galician,one: %lld nut paused | other: %lld nuts paused,one: %lld noot gepauzeerd | other: %lld noten gepauzeerd,one: %lld burbulla en pausa | other: %lld burbulla en pausa,one: %lld bubble paused | other: %lld bubbles paused,one: %lld bubbel gepauzeerd | other: %lld bubbels gepauzeerd,"VoiceOver value for a level tile that holds a paused run, saying how many nuts are being kept.",Localizable.xcstrings
home.pausedCards %lld,en_nl_changed,gu,Gujarati,one: %lld nut paused | other: %lld nuts paused,one: %lld noot gepauzeerd | other: %lld noten gepauzeerd,one: %lld બબલ થોભેલો | other: %lld બબલ થોભેલો,one: %lld bubble paused | other: %lld bubbles paused,one: %lld bubbel gepauzeerd | other: %lld bubbels gepauzeerd,"VoiceOver value for a level tile that holds a paused run, saying how many nuts are being kept.",Localizable.xcstrings
home.pausedCards %lld,en_nl_changed,he,Hebrew,one: %lld nut paused | other: %lld nuts paused,one: %lld noot gepauzeerd | other: %lld noten gepauzeerd,one: %lld בועה נשמרה | other: %lld בועה נשמרה,one: %lld bubble paused | other: %lld bubbles paused,one: %lld bubbel gepauzeerd | other: %lld bubbels gepauzeerd,"VoiceOver value for a level tile that holds a paused run, saying how many nuts are being kept.",Localizable.xcstrings
home.pausedCards %lld,en_nl_changed,hi,Hindi,one: %lld nut paused | other: %lld nuts paused,one: %lld noot gepauzeerd | other: %lld noten gepauzeerd,one: %lld बुलबुला रुका है | other: %lld बुलबुला रुका है,one: %lld bubble paused | other: %lld bubbles paused,one: %lld bubbel gepauzeerd | other: %lld bubbels gepauzeerd,"VoiceOver value for a level tile that holds a paused run, saying how many nuts are being kept.",Localizable.xcstrings
home.pausedCards %lld,en_nl_changed,hr,Croatian,one: %lld nut paused | other: %lld nuts paused,one: %lld noot gepauzeerd | other: %lld noten gepauzeerd,one: Pauziran %lld mjehurić | other: Pauziran %lld mjehurić,one: %lld bubble paused | other: %lld bubbles paused,one: %lld bubbel gepauzeerd | other: %lld bubbels gepauzeerd,"VoiceOver value for a level tile that holds a paused run, saying how many nuts are being kept.",Localizable.xcstrings
home.pausedCards %lld,en_nl_changed,hu,Hungarian,one: %lld nut paused | other: %lld nuts paused,one: %lld noot gepauzeerd | other: %lld noten gepauzeerd,one: %lld buborék szünetel | other: %lld buborék szünetel,one: %lld bubble paused | other: %lld bubbles paused,one: %lld bubbel gepauzeerd | other: %lld bubbels gepauzeerd,"VoiceOver value for a level tile that holds a paused run, saying how many nuts are being kept.",Localizable.xcstrings
home.pausedCards %lld,en_nl_changed,hy,Armenian,one: %lld nut paused | other: %lld nuts paused,one: %lld noot gepauzeerd | other: %lld noten gepauzeerd,one: Դադարեցված՝ %lld պղպջակ | other: Դադարեցված՝ %lld պղպջակ,one: %lld bubble paused | other: %lld bubbles paused,one: %lld bubbel gepauzeerd | other: %lld bubbels gepauzeerd,"VoiceOver value for a level tile that holds a paused run, saying how many nuts are being kept.",Localizable.xcstrings
home.pausedCards %lld,en_nl_changed,id,Indonesian,one: %lld nut paused | other: %lld nuts paused,one: %lld noot gepauzeerd | other: %lld noten gepauzeerd,one: %lld gelembung tersimpan | other: %lld gelembung tersimpan,one: %lld bubble paused | other: %lld bubbles paused,one: %lld bubbel gepauzeerd | other: %lld bubbels gepauzeerd,"VoiceOver value for a level tile that holds a paused run, saying how many nuts are being kept.",Localizable.xcstrings
home.pausedCards %lld,en_nl_changed,is,Icelandic,one: %lld nut paused | other: %lld nuts paused,one: %lld noot gepauzeerd | other: %lld noten gepauzeerd,one: %lld bóla í bið | other: %lld bóla í bið,one: %lld bubble paused | other: %lld bubbles paused,one: %lld bubbel gepauzeerd | other: %lld bubbels gepauzeerd,"VoiceOver value for a level tile that holds a paused run, saying how many nuts are being kept.",Localizable.xcstrings
home.pausedCards %lld,en_nl_changed,it,Italian,one: %lld nut paused | other: %lld nuts paused,one: %lld noot gepauzeerd | other: %lld noten gepauzeerd,one: %lld bolla in pausa | other: %lld bolle in pausa,one: %lld bubble paused | other: %lld bubbles paused,one: %lld bubbel gepauzeerd | other: %lld bubbels gepauzeerd,"VoiceOver value for a level tile that holds a paused run, saying how many nuts are being kept.",Localizable.xcstrings
home.pausedCards %lld,en_nl_changed,ja,Japanese,one: %lld nut paused | other: %lld nuts paused,one: %lld noot gepauzeerd | other: %lld noten gepauzeerd,one: %lldこのバブルをキープ中 | other: %lldこのバブルをキープ中,one: %lld bubble paused | other: %lld bubbles paused,one: %lld bubbel gepauzeerd | other: %lld bubbels gepauzeerd,"VoiceOver value for a level tile that holds a paused run, saying how many nuts are being kept.",Localizable.xcstrings
home.pausedCards %lld,en_nl_changed,ka,Georgian,one: %lld nut paused | other: %lld nuts paused,one: %lld noot gepauzeerd | other: %lld noten gepauzeerd,one: %lld ბუშტი შენახულია | other: %lld ბუშტი შენახულია,one: %lld bubble paused | other: %lld bubbles paused,one: %lld bubbel gepauzeerd | other: %lld bubbels gepauzeerd,"VoiceOver value for a level tile that holds a paused run, saying how many nuts are being kept.",Localizable.xcstrings
home.pausedCards %lld,en_nl_changed,kk,Kazakh,one: %lld nut paused | other: %lld nuts paused,one: %lld noot gepauzeerd | other: %lld noten gepauzeerd,one: %lld көпіршік сақталды | other: %lld көпіршік сақталды,one: %lld bubble paused | other: %lld bubbles paused,one: %lld bubbel gepauzeerd | other: %lld bubbels gepauzeerd,"VoiceOver value for a level tile that holds a paused run, saying how many nuts are being kept.",Localizable.xcstrings
home.pausedCards %lld,en_nl_changed,km,Khmer,one: %lld nut paused | other: %lld nuts paused,one: %lld noot gepauzeerd | other: %lld noten gepauzeerd,one: ផ្អាកដោយរក្សាពពុះ %lld | other: ផ្អាកដោយរក្សាពពុះ %lld,one: %lld bubble paused | other: %lld bubbles paused,one: %lld bubbel gepauzeerd | other: %lld bubbels gepauzeerd,"VoiceOver value for a level tile that holds a paused run, saying how many nuts are being kept.",Localizable.xcstrings
home.pausedCards %lld,en_nl_changed,kn,Kannada,one: %lld nut paused | other: %lld nuts paused,one: %lld noot gepauzeerd | other: %lld noten gepauzeerd,one: %lld ಬಬಲ್ ನಿಲ್ಲಿಸಲಾಗಿದೆ | other: %lld ಬಬಲ್ ನಿಲ್ಲಿಸಲಾಗಿದೆ,one: %lld bubble paused | other: %lld bubbles paused,one: %lld bubbel gepauzeerd | other: %lld bubbels gepauzeerd,"VoiceOver value for a level tile that holds a paused run, saying how many nuts are being kept.",Localizable.xcstrings
home.pausedCards %lld,en_nl_changed,ko,Korean,one: %lld nut paused | other: %lld nuts paused,one: %lld noot gepauzeerd | other: %lld noten gepauzeerd,one: 버블 %lld개 보관 중 | other: 버블 %lld개 보관 중,one: %lld bubble paused | other: %lld bubbles paused,one: %lld bubbel gepauzeerd | other: %lld bubbels gepauzeerd,"VoiceOver value for a level tile that holds a paused run, saying how many nuts are being kept.",Localizable.xcstrings
home.pausedCards %lld,en_nl_changed,lo,Lao,one: %lld nut paused | other: %lld nuts paused,one: %lld noot gepauzeerd | other: %lld noten gepauzeerd,one: ພັກໄວ້ %lld ຟອງ | other: ພັກໄວ້ %lld ຟອງ,one: %lld bubble paused | other: %lld bubbles paused,one: %lld bubbel gepauzeerd | other: %lld bubbels gepauzeerd,"VoiceOver value for a level tile that holds a paused run, saying how many nuts are being kept.",Localizable.xcstrings
home.pausedCards %lld,en_nl_changed,lt,Lithuanian,one: %lld nut paused | other: %lld nuts paused,one: %lld noot gepauzeerd | other: %lld noten gepauzeerd,one: Pristabdytas %lld burbulas | other: Pristabdytas %lld burbulas,one: %lld bubble paused | other: %lld bubbles paused,one: %lld bubbel gepauzeerd | other: %lld bubbels gepauzeerd,"VoiceOver value for a level tile that holds a paused run, saying how many nuts are being kept.",Localizable.xcstrings
home.pausedCards %lld,en_nl_changed,lv,Latvian,one: %lld nut paused | other: %lld nuts paused,one: %lld noot gepauzeerd | other: %lld noten gepauzeerd,one: %lld burbulis apturēts | other: %lld burbulis apturēts,one: %lld bubble paused | other: %lld bubbles paused,one: %lld bubbel gepauzeerd | other: %lld bubbels gepauzeerd,"VoiceOver value for a level tile that holds a paused run, saying how many nuts are being kept.",Localizable.xcstrings
home.pausedCards %lld,en_nl_changed,mk,Macedonian,one: %lld nut paused | other: %lld nuts paused,one: %lld noot gepauzeerd | other: %lld noten gepauzeerd,one: %lld меурче во пауза | other: %lld меурче во пауза,one: %lld bubble paused | other: %lld bubbles paused,one: %lld bubbel gepauzeerd | other: %lld bubbels gepauzeerd,"VoiceOver value for a level tile that holds a paused run, saying how many nuts are being kept.",Localizable.xcstrings
home.pausedCards %lld,en_nl_changed,ml,Malayalam,one: %lld nut paused | other: %lld nuts paused,one: %lld noot gepauzeerd | other: %lld noten gepauzeerd,one: %lld ബബിൾ നിർത്തിവച്ചു | other: %lld ബബിൾ നിർത്തിവച്ചു,one: %lld bubble paused | other: %lld bubbles paused,one: %lld bubbel gepauzeerd | other: %lld bubbels gepauzeerd,"VoiceOver value for a level tile that holds a paused run, saying how many nuts are being kept.",Localizable.xcstrings
home.pausedCards %lld,en_nl_changed,mn,Mongolian,one: %lld nut paused | other: %lld nuts paused,one: %lld noot gepauzeerd | other: %lld noten gepauzeerd,one: %lld бөмбөлөг түр хадгалсан | other: %lld бөмбөлөг түр хадгалсан,one: %lld bubble paused | other: %lld bubbles paused,one: %lld bubbel gepauzeerd | other: %lld bubbels gepauzeerd,"VoiceOver value for a level tile that holds a paused run, saying how many nuts are being kept.",Localizable.xcstrings
home.pausedCards %lld,en_nl_changed,mr,Marathi,one: %lld nut paused | other: %lld nuts paused,one: %lld noot gepauzeerd | other: %lld noten gepauzeerd,one: %lld बुडबुडा थांबवलेला | other: %lld बुडबुडा थांबवलेला,one: %lld bubble paused | other: %lld bubbles paused,one: %lld bubbel gepauzeerd | other: %lld bubbels gepauzeerd,"VoiceOver value for a level tile that holds a paused run, saying how many nuts are being kept.",Localizable.xcstrings
home.pausedCards %lld,en_nl_changed,ms,Malay,one: %lld nut paused | other: %lld nuts paused,one: %lld noot gepauzeerd | other: %lld noten gepauzeerd,one: %lld gelembung dijeda | other: %lld gelembung dijeda,one: %lld bubble paused | other: %lld bubbles paused,one: %lld bubbel gepauzeerd | other: %lld bubbels gepauzeerd,"VoiceOver value for a level tile that holds a paused run, saying how many nuts are being kept.",Localizable.xcstrings
home.pausedCards %lld,en_nl_changed,my,Burmese,one: %lld nut paused | other: %lld nuts paused,one: %lld noot gepauzeerd | other: %lld noten gepauzeerd,one: %lld ပူဖောင်း ခဏရပ်ထားသည် | other: %lld ပူဖောင်း ခဏရပ်ထားသည်,one: %lld bubble paused | other: %lld bubbles paused,one: %lld bubbel gepauzeerd | other: %lld bubbels gepauzeerd,"VoiceOver value for a level tile that holds a paused run, saying how many nuts are being kept.",Localizable.xcstrings
home.pausedCards %lld,en_nl_changed,nb,Norwegian,one: %lld nut paused | other: %lld nuts paused,one: %lld noot gepauzeerd | other: %lld noten gepauzeerd,one: %lld boble på pause | other: %lld boble på pause,one: %lld bubble paused | other: %lld bubbles paused,one: %lld bubbel gepauzeerd | other: %lld bubbels gepauzeerd,"VoiceOver value for a level tile that holds a paused run, saying how many nuts are being kept.",Localizable.xcstrings
home.pausedCards %lld,en_nl_changed,ne,Nepali,one: %lld nut paused | other: %lld nuts paused,one: %lld noot gepauzeerd | other: %lld noten gepauzeerd,one: %lld बबल रोकिएको | other: %lld बबल रोकिएको,one: %lld bubble paused | other: %lld bubbles paused,one: %lld bubbel gepauzeerd | other: %lld bubbels gepauzeerd,"VoiceOver value for a level tile that holds a paused run, saying how many nuts are being kept.",Localizable.xcstrings
home.pausedCards %lld,en_nl_changed,or,Odia,one: %lld nut paused | other: %lld nuts paused,one: %lld noot gepauzeerd | other: %lld noten gepauzeerd,one: %lld ବବଲ୍ ବିରତିରେ | other: %lld ବବଲ୍ ବିରତିରେ,one: %lld bubble paused | other: %lld bubbles paused,one: %lld bubbel gepauzeerd | other: %lld bubbels gepauzeerd,"VoiceOver value for a level tile that holds a paused run, saying how many nuts are being kept.",Localizable.xcstrings
home.pausedCards %lld,en_nl_changed,pa,Punjabi,one: %lld nut paused | other: %lld nuts paused,one: %lld noot gepauzeerd | other: %lld noten gepauzeerd,one: %lld ਬੁਲਬੁਲਾ ਰੁਕਿਆ | other: %lld ਬੁਲਬੁਲਾ ਰੁਕਿਆ,one: %lld bubble paused | other: %lld bubbles paused,one: %lld bubbel gepauzeerd | other: %lld bubbels gepauzeerd,"VoiceOver value for a level tile that holds a paused run, saying how many nuts are being kept.",Localizable.xcstrings
home.pausedCards %lld,en_nl_changed,pl,Polish,one: %lld nut paused | other: %lld nuts paused,one: %lld noot gepauzeerd | other: %lld noten gepauzeerd,one: %lld bąbelek wstrzymany | few: %lld bąbelki wstrzymane | many: %lld bąbelków wstrzymanych | other: %lld bąbelka wstrzymane,one: %lld bubble paused | other: %lld bubbles paused,one: %lld bubbel gepauzeerd | other: %lld bubbels gepauzeerd,"VoiceOver value for a level tile that holds a paused run, saying how many nuts are being kept.",Localizable.xcstrings
home.pausedCards %lld,en_nl_changed,pt,Portuguese,one: %lld nut paused | other: %lld nuts paused,one: %lld noot gepauzeerd | other: %lld noten gepauzeerd,one: %lld bolha em pausa | other: %lld bolhas em pausa,one: %lld bubble paused | other: %lld bubbles paused,one: %lld bubbel gepauzeerd | other: %lld bubbels gepauzeerd,"VoiceOver value for a level tile that holds a paused run, saying how many nuts are being kept.",Localizable.xcstrings
home.pausedCards %lld,en_nl_changed,ro,Romanian,one: %lld nut paused | other: %lld nuts paused,one: %lld noot gepauzeerd | other: %lld noten gepauzeerd,one: %lld bulă în pauză | other: %lld bulă în pauză,one: %lld bubble paused | other: %lld bubbles paused,one: %lld bubbel gepauzeerd | other: %lld bubbels gepauzeerd,"VoiceOver value for a level tile that holds a paused run, saying how many nuts are being kept.",Localizable.xcstrings
home.pausedCards %lld,en_nl_changed,ru,Russian,one: %lld nut paused | other: %lld nuts paused,one: %lld noot gepauzeerd | other: %lld noten gepauzeerd,one: %lld пузырь на паузе | few: %lld пузыря на паузе | many: %lld пузырей на паузе | other: %lld пузыря на паузе,one: %lld bubble paused | other: %lld bubbles paused,one: %lld bubbel gepauzeerd | other: %lld bubbels gepauzeerd,"VoiceOver value for a level tile that holds a paused run, saying how many nuts are being kept.",Localizable.xcstrings
home.pausedCards %lld,en_nl_changed,si,Sinhala,one: %lld nut paused | other: %lld nuts paused,one: %lld noot gepauzeerd | other: %lld noten gepauzeerd,one: %lld බුබුලක් තබා ඇත | other: %lld බුබුලක් තබා ඇත,one: %lld bubble paused | other: %lld bubbles paused,one: %lld bubbel gepauzeerd | other: %lld bubbels gepauzeerd,"VoiceOver value for a level tile that holds a paused run, saying how many nuts are being kept.",Localizable.xcstrings
home.pausedCards %lld,en_nl_changed,sk,Slovak,one: %lld nut paused | other: %lld nuts paused,one: %lld noot gepauzeerd | other: %lld noten gepauzeerd,one: %lld bublina pozastavená | other: %lld bublina pozastavená,one: %lld bubble paused | other: %lld bubbles paused,one: %lld bubbel gepauzeerd | other: %lld bubbels gepauzeerd,"VoiceOver value for a level tile that holds a paused run, saying how many nuts are being kept.",Localizable.xcstrings
home.pausedCards %lld,en_nl_changed,sl,Slovenian,one: %lld nut paused | other: %lld nuts paused,one: %lld noot gepauzeerd | other: %lld noten gepauzeerd,one: %lld shranjen mehurček | other: %lld shranjen mehurček,one: %lld bubble paused | other: %lld bubbles paused,one: %lld bubbel gepauzeerd | other: %lld bubbels gepauzeerd,"VoiceOver value for a level tile that holds a paused run, saying how many nuts are being kept.",Localizable.xcstrings
home.pausedCards %lld,en_nl_changed,sq,Albanian,one: %lld nut paused | other: %lld nuts paused,one: %lld noot gepauzeerd | other: %lld noten gepauzeerd,one: %lld flluskë e ndalur | other: %lld flluskë e ndalur,one: %lld bubble paused | other: %lld bubbles paused,one: %lld bubbel gepauzeerd | other: %lld bubbels gepauzeerd,"VoiceOver value for a level tile that holds a paused run, saying how many nuts are being kept.",Localizable.xcstrings
home.pausedCards %lld,en_nl_changed,sr,Serbian,one: %lld nut paused | other: %lld nuts paused,one: %lld noot gepauzeerd | other: %lld noten gepauzeerd,one: Sačuvan %lld mehurić | other: Sačuvan %lld mehurić,one: %lld bubble paused | other: %lld bubbles paused,one: %lld bubbel gepauzeerd | other: %lld bubbels gepauzeerd,"VoiceOver value for a level tile that holds a paused run, saying how many nuts are being kept.",Localizable.xcstrings
home.pausedCards %lld,en_nl_changed,sv,Swedish,one: %lld nut paused | other: %lld nuts paused,one: %lld noot gepauzeerd | other: %lld noten gepauzeerd,one: %lld bubbla sparad | other: %lld bubbla sparad,one: %lld bubble paused | other: %lld bubbles paused,one: %lld bubbel gepauzeerd | other: %lld bubbels gepauzeerd,"VoiceOver value for a level tile that holds a paused run, saying how many nuts are being kept.",Localizable.xcstrings
home.pausedCards %lld,en_nl_changed,sw,Swahili,one: %lld nut paused | other: %lld nuts paused,one: %lld noot gepauzeerd | other: %lld noten gepauzeerd,one: Kiputo %lld kimesitishwa | other: Kiputo %lld kimesitishwa,one: %lld bubble paused | other: %lld bubbles paused,one: %lld bubbel gepauzeerd | other: %lld bubbels gepauzeerd,"VoiceOver value for a level tile that holds a paused run, saying how many nuts are being kept.",Localizable.xcstrings
home.pausedCards %lld,en_nl_changed,ta,Tamil,one: %lld nut paused | other: %lld nuts paused,one: %lld noot gepauzeerd | other: %lld noten gepauzeerd,one: %lld குமிழி நிறுத்தப்பட்டுள்ளது | other: %lld குமிழி நிறுத்தப்பட்டுள்ளது,one: %lld bubble paused | other: %lld bubbles paused,one: %lld bubbel gepauzeerd | other: %lld bubbels gepauzeerd,"VoiceOver value for a level tile that holds a paused run, saying how many nuts are being kept.",Localizable.xcstrings
home.pausedCards %lld,en_nl_changed,te,Telugu,one: %lld nut paused | other: %lld nuts paused,one: %lld noot gepauzeerd | other: %lld noten gepauzeerd,one: %lld బబుల్ పాజ్‌లో | other: %lld బబుల్ పాజ్‌లో,one: %lld bubble paused | other: %lld bubbles paused,one: %lld bubbel gepauzeerd | other: %lld bubbels gepauzeerd,"VoiceOver value for a level tile that holds a paused run, saying how many nuts are being kept.",Localizable.xcstrings
home.pausedCards %lld,en_nl_changed,th,Thai,one: %lld nut paused | other: %lld nuts paused,one: %lld noot gepauzeerd | other: %lld noten gepauzeerd,one: พักไว้ %lld ฟอง | other: พักไว้ %lld ฟอง,one: %lld bubble paused | other: %lld bubbles paused,one: %lld bubbel gepauzeerd | other: %lld bubbels gepauzeerd,"VoiceOver value for a level tile that holds a paused run, saying how many nuts are being kept.",Localizable.xcstrings
home.pausedCards %lld,en_nl_changed,tr,Turkish,one: %lld nut paused | other: %lld nuts paused,one: %lld noot gepauzeerd | other: %lld noten gepauzeerd,one: Bekleyen %lld baloncuk | other: Bekleyen %lld baloncuk,one: %lld bubble paused | other: %lld bubbles paused,one: %lld bubbel gepauzeerd | other: %lld bubbels gepauzeerd,"VoiceOver value for a level tile that holds a paused run, saying how many nuts are being kept.",Localizable.xcstrings
home.pausedCards %lld,en_nl_changed,ug,Uyghur,one: %lld nut paused | other: %lld nuts paused,one: %lld noot gepauzeerd | other: %lld noten gepauzeerd,one: %lld كۆپۈك توختىتىلدى | other: %lld كۆپۈك توختىتىلدى,one: %lld bubble paused | other: %lld bubbles paused,one: %lld bubbel gepauzeerd | other: %lld bubbels gepauzeerd,"VoiceOver value for a level tile that holds a paused run, saying how many nuts are being kept.",Localizable.xcstrings
home.pausedCards %lld,en_nl_changed,uk,Ukrainian,one: %lld nut paused | other: %lld nuts paused,one: %lld noot gepauzeerd | other: %lld noten gepauzeerd,one: %lld бульбашку збережено | other: %lld бульбашку збережено,one: %lld bubble paused | other: %lld bubbles paused,one: %lld bubbel gepauzeerd | other: %lld bubbels gepauzeerd,"VoiceOver value for a level tile that holds a paused run, saying how many nuts are being kept.",Localizable.xcstrings
home.pausedCards %lld,en_nl_changed,ur,Urdu,one: %lld nut paused | other: %lld nuts paused,one: %lld noot gepauzeerd | other: %lld noten gepauzeerd,one: %lld ببل روکا گیا | other: %lld ببل روکا گیا,one: %lld bubble paused | other: %lld bubbles paused,one: %lld bubbel gepauzeerd | other: %lld bubbels gepauzeerd,"VoiceOver value for a level tile that holds a paused run, saying how many nuts are being kept.",Localizable.xcstrings
home.pausedCards %lld,en_nl_changed,uz,Uzbek,one: %lld nut paused | other: %lld nuts paused,one: %lld noot gepauzeerd | other: %lld noten gepauzeerd,one: %lld pufakcha pauzada | other: %lld pufakcha pauzada,one: %lld bubble paused | other: %lld bubbles paused,one: %lld bubbel gepauzeerd | other: %lld bubbels gepauzeerd,"VoiceOver value for a level tile that holds a paused run, saying how many nuts are being kept.",Localizable.xcstrings
home.pausedCards %lld,en_nl_changed,vi,Vietnamese,one: %lld nut paused | other: %lld nuts paused,one: %lld noot gepauzeerd | other: %lld noten gepauzeerd,one: Tạm giữ %lld bong bóng | other: Tạm giữ %lld bong bóng,one: %lld bubble paused | other: %lld bubbles paused,one: %lld bubbel gepauzeerd | other: %lld bubbels gepauzeerd,"VoiceOver value for a level tile that holds a paused run, saying how many nuts are being kept.",Localizable.xcstrings
home.pausedCards %lld,en_nl_changed,zh,Chinese,one: %lld nut paused | other: %lld nuts paused,one: %lld noot gepauzeerd | other: %lld noten gepauzeerd,one: %lld 个泡泡已暂存 | other: %lld 个泡泡已暂存,one: %lld bubble paused | other: %lld bubbles paused,one: %lld bubbel gepauzeerd | other: %lld bubbels gepauzeerd,"VoiceOver value for a level tile that holds a paused run, saying how many nuts are being kept.",Localizable.xcstrings
home.pausedCards %lld,en_nl_changed,zu,Zulu,one: %lld nut paused | other: %lld nuts paused,one: %lld noot gepauzeerd | other: %lld noten gepauzeerd,one: Kumiswe nebhamuza elingu-%lld | other: Kumiswe nebhamuza elingu-%lld,one: %lld bubble paused | other: %lld bubbles paused,one: %lld bubbel gepauzeerd | other: %lld bubbels gepauzeerd,"VoiceOver value for a level tile that holds a paused run, saying how many nuts are being kept.",Localizable.xcstrings
levelIntro.cardsBullet %lld,en_nl_changed,af,Afrikaans,one: You can collect up to **%lld nut** in this level. | other: You can collect up to **%lld nuts** in this level.,one: Je kunt in dit level maximaal **%lld noot** verzamelen. | other: Je kunt in dit level maximaal **%lld noten** verzamelen.,one: Jy kan tot \*\*%lld borrel\*\* in hierdie vlak versamel. | other: Jy kan tot \*\*%lld borrel\*\* in hierdie vlak versamel.,one: You can collect up to **%lld bubble** in this level. | other: You can collect up to **%lld bubbles** in this level.,one: Je kunt in dit level maximaal **%lld bubbel** verzamelen. | other: Je kunt in dit level maximaal **%lld bubbels** verzamelen.,Third line of the level intro card: the most nuts this level can yield. Emphasise the count and its noun with Markdown **bold**.,Localizable.xcstrings
levelIntro.cardsBullet %lld,en_nl_changed,am,Amharic,one: You can collect up to **%lld nut** in this level. | other: You can collect up to **%lld nuts** in this level.,one: Je kunt in dit level maximaal **%lld noot** verzamelen. | other: Je kunt in dit level maximaal **%lld noten** verzamelen.,one: በዚህ ደረጃ እስከ **%lld አረፋ** መሰብሰብ ትችላለህ። | other: በዚህ ደረጃ እስከ **%lld አረፋ** መሰብሰብ ትችላለህ።,one: You can collect up to **%lld bubble** in this level. | other: You can collect up to **%lld bubbles** in this level.,one: Je kunt in dit level maximaal **%lld bubbel** verzamelen. | other: Je kunt in dit level maximaal **%lld bubbels** verzamelen.,Third line of the level intro card: the most nuts this level can yield. Emphasise the count and its noun with Markdown **bold**.,Localizable.xcstrings
levelIntro.cardsBullet %lld,en_nl_changed,ar,Arabic,one: You can collect up to **%lld nut** in this level. | other: You can collect up to **%lld nuts** in this level.,one: Je kunt in dit level maximaal **%lld noot** verzamelen. | other: Je kunt in dit level maximaal **%lld noten** verzamelen.,one: يمكنك جمع حتى **%lld فقاعة** في هذا المستوى. | other: يمكنك جمع حتى **%lld فقاعة** في هذا المستوى.,one: You can collect up to **%lld bubble** in this level. | other: You can collect up to **%lld bubbles** in this level.,one: Je kunt in dit level maximaal **%lld bubbel** verzamelen. | other: Je kunt in dit level maximaal **%lld bubbels** verzamelen.,Third line of the level intro card: the most nuts this level can yield. Emphasise the count and its noun with Markdown **bold**.,Localizable.xcstrings
levelIntro.cardsBullet %lld,en_nl_changed,as,Assamese,one: You can collect up to **%lld nut** in this level. | other: You can collect up to **%lld nuts** in this level.,one: Je kunt in dit level maximaal **%lld noot** verzamelen. | other: Je kunt in dit level maximaal **%lld noten** verzamelen.,one: এই লেভেলত সৰ্বাধিক **%lld বুদবুদ** গোটাব পাৰিবা। | other: এই লেভেলত সৰ্বাধিক **%lld বুদবুদ** গোটাব পাৰিবা।,one: You can collect up to **%lld bubble** in this level. | other: You can collect up to **%lld bubbles** in this level.,one: Je kunt in dit level maximaal **%lld bubbel** verzamelen. | other: Je kunt in dit level maximaal **%lld bubbels** verzamelen.,Third line of the level intro card: the most nuts this level can yield. Emphasise the count and its noun with Markdown **bold**.,Localizable.xcstrings
levelIntro.cardsBullet %lld,en_nl_changed,az,Azerbaijani,one: You can collect up to **%lld nut** in this level. | other: You can collect up to **%lld nuts** in this level.,one: Je kunt in dit level maximaal **%lld noot** verzamelen. | other: Je kunt in dit level maximaal **%lld noten** verzamelen.,one: Bu səviyyədə ən çox **%lld baloncuk** toplaya bilərsən. | other: Bu səviyyədə ən çox **%lld baloncuk** toplaya bilərsən.,one: You can collect up to **%lld bubble** in this level. | other: You can collect up to **%lld bubbles** in this level.,one: Je kunt in dit level maximaal **%lld bubbel** verzamelen. | other: Je kunt in dit level maximaal **%lld bubbels** verzamelen.,Third line of the level intro card: the most nuts this level can yield. Emphasise the count and its noun with Markdown **bold**.,Localizable.xcstrings
levelIntro.cardsBullet %lld,en_nl_changed,be,Belarusian,one: You can collect up to **%lld nut** in this level. | other: You can collect up to **%lld nuts** in this level.,one: Je kunt in dit level maximaal **%lld noot** verzamelen. | other: Je kunt in dit level maximaal **%lld noten** verzamelen.,one: Тут можна сабраць да **%lld бурбалкі**. | other: Тут можна сабраць да **%lld бурбалкі**.,one: You can collect up to **%lld bubble** in this level. | other: You can collect up to **%lld bubbles** in this level.,one: Je kunt in dit level maximaal **%lld bubbel** verzamelen. | other: Je kunt in dit level maximaal **%lld bubbels** verzamelen.,Third line of the level intro card: the most nuts this level can yield. Emphasise the count and its noun with Markdown **bold**.,Localizable.xcstrings
levelIntro.cardsBullet %lld,en_nl_changed,bg,Bulgarian,one: You can collect up to **%lld nut** in this level. | other: You can collect up to **%lld nuts** in this level.,one: Je kunt in dit level maximaal **%lld noot** verzamelen. | other: Je kunt in dit level maximaal **%lld noten** verzamelen.,one: Можеш да събереш до **%lld балон** в това ниво. | other: Можеш да събереш до **%lld балон** в това ниво.,one: You can collect up to **%lld bubble** in this level. | other: You can collect up to **%lld bubbles** in this level.,one: Je kunt in dit level maximaal **%lld bubbel** verzamelen. | other: Je kunt in dit level maximaal **%lld bubbels** verzamelen.,Third line of the level intro card: the most nuts this level can yield. Emphasise the count and its noun with Markdown **bold**.,Localizable.xcstrings
levelIntro.cardsBullet %lld,en_nl_changed,bn,Bengali,one: You can collect up to **%lld nut** in this level. | other: You can collect up to **%lld nuts** in this level.,one: Je kunt in dit level maximaal **%lld noot** verzamelen. | other: Je kunt in dit level maximaal **%lld noten** verzamelen.,one: এই লেভেলে সর্বোচ্চ **%lldটি বাবল** সংগ্রহ করতে পারো। | other: এই লেভেলে সর্বোচ্চ **%lldটি বাবল** সংগ্রহ করতে পারো।,one: You can collect up to **%lld bubble** in this level. | other: You can collect up to **%lld bubbles** in this level.,one: Je kunt in dit level maximaal **%lld bubbel** verzamelen. | other: Je kunt in dit level maximaal **%lld bubbels** verzamelen.,Third line of the level intro card: the most nuts this level can yield. Emphasise the count and its noun with Markdown **bold**.,Localizable.xcstrings
levelIntro.cardsBullet %lld,en_nl_changed,bo,Tibetan,one: You can collect up to **%lld nut** in this level. | other: You can collect up to **%lld nuts** in this level.,one: Je kunt in dit level maximaal **%lld noot** verzamelen. | other: Je kunt in dit level maximaal **%lld noten** verzamelen.,one: རིམ་པ་འདིར་ཁྱེད་ཀྱིས **ལྦུ་བ %lld** བསྡུ་ཐུབ། | other: རིམ་པ་འདིར་ཁྱེད་ཀྱིས **ལྦུ་བ %lld** བསྡུ་ཐུབ།,one: You can collect up to **%lld bubble** in this level. | other: You can collect up to **%lld bubbles** in this level.,one: Je kunt in dit level maximaal **%lld bubbel** verzamelen. | other: Je kunt in dit level maximaal **%lld bubbels** verzamelen.,Third line of the level intro card: the most nuts this level can yield. Emphasise the count and its noun with Markdown **bold**.,Localizable.xcstrings
levelIntro.cardsBullet %lld,en_nl_changed,bs,Bosnian,one: You can collect up to **%lld nut** in this level. | other: You can collect up to **%lld nuts** in this level.,one: Je kunt in dit level maximaal **%lld noot** verzamelen. | other: Je kunt in dit level maximaal **%lld noten** verzamelen.,one: U ovom nivou možeš skupiti do **%lld mjehurić**. | other: U ovom nivou možeš skupiti do **%lld mjehurić**.,one: You can collect up to **%lld bubble** in this level. | other: You can collect up to **%lld bubbles** in this level.,one: Je kunt in dit level maximaal **%lld bubbel** verzamelen. | other: Je kunt in dit level maximaal **%lld bubbels** verzamelen.,Third line of the level intro card: the most nuts this level can yield. Emphasise the count and its noun with Markdown **bold**.,Localizable.xcstrings
levelIntro.cardsBullet %lld,en_nl_changed,ca,Catalan,one: You can collect up to **%lld nut** in this level. | other: You can collect up to **%lld nuts** in this level.,one: Je kunt in dit level maximaal **%lld noot** verzamelen. | other: Je kunt in dit level maximaal **%lld noten** verzamelen.,one: Pots recollir fins a **%lld bombolla** en aquest nivell. | other: Pots recollir fins a **%lld bombolla** en aquest nivell.,one: You can collect up to **%lld bubble** in this level. | other: You can collect up to **%lld bubbles** in this level.,one: Je kunt in dit level maximaal **%lld bubbel** verzamelen. | other: Je kunt in dit level maximaal **%lld bubbels** verzamelen.,Third line of the level intro card: the most nuts this level can yield. Emphasise the count and its noun with Markdown **bold**.,Localizable.xcstrings
levelIntro.cardsBullet %lld,en_nl_changed,cs,Czech,one: You can collect up to **%lld nut** in this level. | other: You can collect up to **%lld nuts** in this level.,one: Je kunt in dit level maximaal **%lld noot** verzamelen. | other: Je kunt in dit level maximaal **%lld noten** verzamelen.,one: V této úrovni můžeš získat až **%lld bublinu**. | other: V této úrovni můžeš získat až **%lld bublinu**.,one: You can collect up to **%lld bubble** in this level. | other: You can collect up to **%lld bubbles** in this level.,one: Je kunt in dit level maximaal **%lld bubbel** verzamelen. | other: Je kunt in dit level maximaal **%lld bubbels** verzamelen.,Third line of the level intro card: the most nuts this level can yield. Emphasise the count and its noun with Markdown **bold**.,Localizable.xcstrings
levelIntro.cardsBullet %lld,en_nl_changed,cy,Welsh,one: You can collect up to **%lld nut** in this level. | other: You can collect up to **%lld nuts** in this level.,one: Je kunt in dit level maximaal **%lld noot** verzamelen. | other: Je kunt in dit level maximaal **%lld noten** verzamelen.,one: Gallwch gasglu hyd at **%lld swigen** yn y lefel hon. | other: Gallwch gasglu hyd at **%lld swigen** yn y lefel hon.,one: You can collect up to **%lld bubble** in this level. | other: You can collect up to **%lld bubbles** in this level.,one: Je kunt in dit level maximaal **%lld bubbel** verzamelen. | other: Je kunt in dit level maximaal **%lld bubbels** verzamelen.,Third line of the level intro card: the most nuts this level can yield. Emphasise the count and its noun with Markdown **bold**.,Localizable.xcstrings
levelIntro.cardsBullet %lld,en_nl_changed,da,Danish,one: You can collect up to **%lld nut** in this level. | other: You can collect up to **%lld nuts** in this level.,one: Je kunt in dit level maximaal **%lld noot** verzamelen. | other: Je kunt in dit level maximaal **%lld noten** verzamelen.,one: Du kan samle op til **%lld boble** på dette niveau. | other: Du kan samle op til **%lld boble** på dette niveau.,one: You can collect up to **%lld bubble** in this level. | other: You can collect up to **%lld bubbles** in this level.,one: Je kunt in dit level maximaal **%lld bubbel** verzamelen. | other: Je kunt in dit level maximaal **%lld bubbels** verzamelen.,Third line of the level intro card: the most nuts this level can yield. Emphasise the count and its noun with Markdown **bold**.,Localizable.xcstrings
levelIntro.cardsBullet %lld,en_nl_changed,de,German,one: You can collect up to **%lld nut** in this level. | other: You can collect up to **%lld nuts** in this level.,one: Je kunt in dit level maximaal **%lld noot** verzamelen. | other: Je kunt in dit level maximaal **%lld noten** verzamelen.,one: In diesem Level kannst du bis zu **%lld Blase** sammeln. | other: In diesem Level kannst du bis zu **%lld Blasen** sammeln.,one: You can collect up to **%lld bubble** in this level. | other: You can collect up to **%lld bubbles** in this level.,one: Je kunt in dit level maximaal **%lld bubbel** verzamelen. | other: Je kunt in dit level maximaal **%lld bubbels** verzamelen.,Third line of the level intro card: the most nuts this level can yield. Emphasise the count and its noun with Markdown **bold**.,Localizable.xcstrings
levelIntro.cardsBullet %lld,en_nl_changed,el,Greek,one: You can collect up to **%lld nut** in this level. | other: You can collect up to **%lld nuts** in this level.,one: Je kunt in dit level maximaal **%lld noot** verzamelen. | other: Je kunt in dit level maximaal **%lld noten** verzamelen.,one: Μπορείς να μαζέψεις έως **%lld φούσκα** σε αυτό το επίπεδο. | other: Μπορείς να μαζέψεις έως **%lld φούσκα** σε αυτό το επίπεδο.,one: You can collect up to **%lld bubble** in this level. | other: You can collect up to **%lld bubbles** in this level.,one: Je kunt in dit level maximaal **%lld bubbel** verzamelen. | other: Je kunt in dit level maximaal **%lld bubbels** verzamelen.,Third line of the level intro card: the most nuts this level can yield. Emphasise the count and its noun with Markdown **bold**.,Localizable.xcstrings
levelIntro.cardsBullet %lld,en_nl_changed,es,Spanish,one: You can collect up to **%lld nut** in this level. | other: You can collect up to **%lld nuts** in this level.,one: Je kunt in dit level maximaal **%lld noot** verzamelen. | other: Je kunt in dit level maximaal **%lld noten** verzamelen.,one: En este nivel puedes conseguir hasta **%lld burbuja**. | other: En este nivel puedes conseguir hasta **%lld burbujas**.,one: You can collect up to **%lld bubble** in this level. | other: You can collect up to **%lld bubbles** in this level.,one: Je kunt in dit level maximaal **%lld bubbel** verzamelen. | other: Je kunt in dit level maximaal **%lld bubbels** verzamelen.,Third line of the level intro card: the most nuts this level can yield. Emphasise the count and its noun with Markdown **bold**.,Localizable.xcstrings
levelIntro.cardsBullet %lld,en_nl_changed,et,Estonian,one: You can collect up to **%lld nut** in this level. | other: You can collect up to **%lld nuts** in this level.,one: Je kunt in dit level maximaal **%lld noot** verzamelen. | other: Je kunt in dit level maximaal **%lld noten** verzamelen.,one: Selles tasemes saad koguda kuni **%lld mulli**. | other: Selles tasemes saad koguda kuni **%lld mulli**.,one: You can collect up to **%lld bubble** in this level. | other: You can collect up to **%lld bubbles** in this level.,one: Je kunt in dit level maximaal **%lld bubbel** verzamelen. | other: Je kunt in dit level maximaal **%lld bubbels** verzamelen.,Third line of the level intro card: the most nuts this level can yield. Emphasise the count and its noun with Markdown **bold**.,Localizable.xcstrings
levelIntro.cardsBullet %lld,en_nl_changed,eu,Basque,one: You can collect up to **%lld nut** in this level. | other: You can collect up to **%lld nuts** in this level.,one: Je kunt in dit level maximaal **%lld noot** verzamelen. | other: Je kunt in dit level maximaal **%lld noten** verzamelen.,one: Maila honetan gehienez \*\*%lld burbuila\*\* bil ditzakezu. | other: Maila honetan gehienez \*\*%lld burbuila\*\* bil ditzakezu.,one: You can collect up to **%lld bubble** in this level. | other: You can collect up to **%lld bubbles** in this level.,one: Je kunt in dit level maximaal **%lld bubbel** verzamelen. | other: Je kunt in dit level maximaal **%lld bubbels** verzamelen.,Third line of the level intro card: the most nuts this level can yield. Emphasise the count and its noun with Markdown **bold**.,Localizable.xcstrings
levelIntro.cardsBullet %lld,en_nl_changed,fa,Persian,one: You can collect up to **%lld nut** in this level. | other: You can collect up to **%lld nuts** in this level.,one: Je kunt in dit level maximaal **%lld noot** verzamelen. | other: Je kunt in dit level maximaal **%lld noten** verzamelen.,one: در این مرحله تا **%lld حباب** می‌توانی جمع کنی. | other: در این مرحله تا **%lld حباب** می‌توانی جمع کنی.,one: You can collect up to **%lld bubble** in this level. | other: You can collect up to **%lld bubbles** in this level.,one: Je kunt in dit level maximaal **%lld bubbel** verzamelen. | other: Je kunt in dit level maximaal **%lld bubbels** verzamelen.,Third line of the level intro card: the most nuts this level can yield. Emphasise the count and its noun with Markdown **bold**.,Localizable.xcstrings
levelIntro.cardsBullet %lld,en_nl_changed,fi,Finnish,one: You can collect up to **%lld nut** in this level. | other: You can collect up to **%lld nuts** in this level.,one: Je kunt in dit level maximaal **%lld noot** verzamelen. | other: Je kunt in dit level maximaal **%lld noten** verzamelen.,one: Voit kerätä tässä tasossa enintään **%lld kuplan**. | other: Voit kerätä tässä tasossa enintään **%lld kuplan**.,one: You can collect up to **%lld bubble** in this level. | other: You can collect up to **%lld bubbles** in this level.,one: Je kunt in dit level maximaal **%lld bubbel** verzamelen. | other: Je kunt in dit level maximaal **%lld bubbels** verzamelen.,Third line of the level intro card: the most nuts this level can yield. Emphasise the count and its noun with Markdown **bold**.,Localizable.xcstrings
levelIntro.cardsBullet %lld,en_nl_changed,fo,Faroese,one: You can collect up to **%lld nut** in this level. | other: You can collect up to **%lld nuts** in this level.,one: Je kunt in dit level maximaal **%lld noot** verzamelen. | other: Je kunt in dit level maximaal **%lld noten** verzamelen.,one: Tú kanst savna upp í **%lld bløðru** í hesum stigi. | other: Tú kanst savna upp í **%lld bløðru** í hesum stigi.,one: You can collect up to **%lld bubble** in this level. | other: You can collect up to **%lld bubbles** in this level.,one: Je kunt in dit level maximaal **%lld bubbel** verzamelen. | other: Je kunt in dit level maximaal **%lld bubbels** verzamelen.,Third line of the level intro card: the most nuts this level can yield. Emphasise the count and its noun with Markdown **bold**.,Localizable.xcstrings
levelIntro.cardsBullet %lld,en_nl_changed,fr,French,one: You can collect up to **%lld nut** in this level. | other: You can collect up to **%lld nuts** in this level.,one: Je kunt in dit level maximaal **%lld noot** verzamelen. | other: Je kunt in dit level maximaal **%lld noten** verzamelen.,one: Tu peux ramasser jusqu’à **%lld bulle** dans ce niveau. | other: Tu peux ramasser jusqu’à **%lld bulles** dans ce niveau.,one: You can collect up to **%lld bubble** in this level. | other: You can collect up to **%lld bubbles** in this level.,one: Je kunt in dit level maximaal **%lld bubbel** verzamelen. | other: Je kunt in dit level maximaal **%lld bubbels** verzamelen.,Third line of the level intro card: the most nuts this level can yield. Emphasise the count and its noun with Markdown **bold**.,Localizable.xcstrings
levelIntro.cardsBullet %lld,en_nl_changed,ga,Irish,one: You can collect up to **%lld nut** in this level. | other: You can collect up to **%lld nuts** in this level.,one: Je kunt in dit level maximaal **%lld noot** verzamelen. | other: Je kunt in dit level maximaal **%lld noten** verzamelen.,one: Is féidir leat suas le **%lld mboilgeog** a bhailiú sa leibhéal seo. | other: Is féidir leat suas le **%lld mboilgeog** a bhailiú sa leibhéal seo.,one: You can collect up to **%lld bubble** in this level. | other: You can collect up to **%lld bubbles** in this level.,one: Je kunt in dit level maximaal **%lld bubbel** verzamelen. | other: Je kunt in dit level maximaal **%lld bubbels** verzamelen.,Third line of the level intro card: the most nuts this level can yield. Emphasise the count and its noun with Markdown **bold**.,Localizable.xcstrings
levelIntro.cardsBullet %lld,en_nl_changed,gl,Galician,one: You can collect up to **%lld nut** in this level. | other: You can collect up to **%lld nuts** in this level.,one: Je kunt in dit level maximaal **%lld noot** verzamelen. | other: Je kunt in dit level maximaal **%lld noten** verzamelen.,one: Neste nivel podes recoller ata \*\*%lld burbulla\*\*. | other: Neste nivel podes recoller ata \*\*%lld burbulla\*\*.,one: You can collect up to **%lld bubble** in this level. | other: You can collect up to **%lld bubbles** in this level.,one: Je kunt in dit level maximaal **%lld bubbel** verzamelen. | other: Je kunt in dit level maximaal **%lld bubbels** verzamelen.,Third line of the level intro card: the most nuts this level can yield. Emphasise the count and its noun with Markdown **bold**.,Localizable.xcstrings
levelIntro.cardsBullet %lld,en_nl_changed,gu,Gujarati,one: You can collect up to **%lld nut** in this level. | other: You can collect up to **%lld nuts** in this level.,one: Je kunt in dit level maximaal **%lld noot** verzamelen. | other: Je kunt in dit level maximaal **%lld noten** verzamelen.,one: આ લેવલમાં વધુમાં વધુ **%lld બબલ** ભેગો કરી શકો. | other: આ લેવલમાં વધુમાં વધુ **%lld બબલ** ભેગો કરી શકો.,one: You can collect up to **%lld bubble** in this level. | other: You can collect up to **%lld bubbles** in this level.,one: Je kunt in dit level maximaal **%lld bubbel** verzamelen. | other: Je kunt in dit level maximaal **%lld bubbels** verzamelen.,Third line of the level intro card: the most nuts this level can yield. Emphasise the count and its noun with Markdown **bold**.,Localizable.xcstrings
levelIntro.cardsBullet %lld,en_nl_changed,he,Hebrew,one: You can collect up to **%lld nut** in this level. | other: You can collect up to **%lld nuts** in this level.,one: Je kunt in dit level maximaal **%lld noot** verzamelen. | other: Je kunt in dit level maximaal **%lld noten** verzamelen.,one: אפשר לאסוף עד **%lld בועה** בשלב הזה. | other: אפשר לאסוף עד **%lld בועה** בשלב הזה.,one: You can collect up to **%lld bubble** in this level. | other: You can collect up to **%lld bubbles** in this level.,one: Je kunt in dit level maximaal **%lld bubbel** verzamelen. | other: Je kunt in dit level maximaal **%lld bubbels** verzamelen.,Third line of the level intro card: the most nuts this level can yield. Emphasise the count and its noun with Markdown **bold**.,Localizable.xcstrings
levelIntro.cardsBullet %lld,en_nl_changed,hi,Hindi,one: You can collect up to **%lld nut** in this level. | other: You can collect up to **%lld nuts** in this level.,one: Je kunt in dit level maximaal **%lld noot** verzamelen. | other: Je kunt in dit level maximaal **%lld noten** verzamelen.,one: इस लेवल में **%lld बुलबुला** तक इकट्ठा कर सकते हो। | other: इस लेवल में **%lld बुलबुला** तक इकट्ठा कर सकते हो।,one: You can collect up to **%lld bubble** in this level. | other: You can collect up to **%lld bubbles** in this level.,one: Je kunt in dit level maximaal **%lld bubbel** verzamelen. | other: Je kunt in dit level maximaal **%lld bubbels** verzamelen.,Third line of the level intro card: the most nuts this level can yield. Emphasise the count and its noun with Markdown **bold**.,Localizable.xcstrings
levelIntro.cardsBullet %lld,en_nl_changed,hr,Croatian,one: You can collect up to **%lld nut** in this level. | other: You can collect up to **%lld nuts** in this level.,one: Je kunt in dit level maximaal **%lld noot** verzamelen. | other: Je kunt in dit level maximaal **%lld noten** verzamelen.,one: U ovoj razini možeš skupiti do **%lld mjehurić**. | other: U ovoj razini možeš skupiti do **%lld mjehurić**.,one: You can collect up to **%lld bubble** in this level. | other: You can collect up to **%lld bubbles** in this level.,one: Je kunt in dit level maximaal **%lld bubbel** verzamelen. | other: Je kunt in dit level maximaal **%lld bubbels** verzamelen.,Third line of the level intro card: the most nuts this level can yield. Emphasise the count and its noun with Markdown **bold**.,Localizable.xcstrings
levelIntro.cardsBullet %lld,en_nl_changed,hu,Hungarian,one: You can collect up to **%lld nut** in this level. | other: You can collect up to **%lld nuts** in this level.,one: Je kunt in dit level maximaal **%lld noot** verzamelen. | other: Je kunt in dit level maximaal **%lld noten** verzamelen.,one: Ezen a pályán akár **%lld buborékot** is gyűjthetsz. | other: Ezen a pályán akár **%lld buborékot** is gyűjthetsz.,one: You can collect up to **%lld bubble** in this level. | other: You can collect up to **%lld bubbles** in this level.,one: Je kunt in dit level maximaal **%lld bubbel** verzamelen. | other: Je kunt in dit level maximaal **%lld bubbels** verzamelen.,Third line of the level intro card: the most nuts this level can yield. Emphasise the count and its noun with Markdown **bold**.,Localizable.xcstrings
levelIntro.cardsBullet %lld,en_nl_changed,hy,Armenian,one: You can collect up to **%lld nut** in this level. | other: You can collect up to **%lld nuts** in this level.,one: Je kunt in dit level maximaal **%lld noot** verzamelen. | other: Je kunt in dit level maximaal **%lld noten** verzamelen.,one: Այս մակարդակում կարող ես հավաքել մինչև **%lld պղպջակ**։ | other: Այս մակարդակում կարող ես հավաքել մինչև **%lld պղպջակ**։,one: You can collect up to **%lld bubble** in this level. | other: You can collect up to **%lld bubbles** in this level.,one: Je kunt in dit level maximaal **%lld bubbel** verzamelen. | other: Je kunt in dit level maximaal **%lld bubbels** verzamelen.,Third line of the level intro card: the most nuts this level can yield. Emphasise the count and its noun with Markdown **bold**.,Localizable.xcstrings
levelIntro.cardsBullet %lld,en_nl_changed,id,Indonesian,one: You can collect up to **%lld nut** in this level. | other: You can collect up to **%lld nuts** in this level.,one: Je kunt in dit level maximaal **%lld noot** verzamelen. | other: Je kunt in dit level maximaal **%lld noten** verzamelen.,one: Kamu bisa mengumpulkan hingga \*\*%lld gelembung\*\* di level ini. | other: Kamu bisa mengumpulkan hingga \*\*%lld gelembung\*\* di level ini.,one: You can collect up to **%lld bubble** in this level. | other: You can collect up to **%lld bubbles** in this level.,one: Je kunt in dit level maximaal **%lld bubbel** verzamelen. | other: Je kunt in dit level maximaal **%lld bubbels** verzamelen.,Third line of the level intro card: the most nuts this level can yield. Emphasise the count and its noun with Markdown **bold**.,Localizable.xcstrings
levelIntro.cardsBullet %lld,en_nl_changed,is,Icelandic,one: You can collect up to **%lld nut** in this level. | other: You can collect up to **%lld nuts** in this level.,one: Je kunt in dit level maximaal **%lld noot** verzamelen. | other: Je kunt in dit level maximaal **%lld noten** verzamelen.,one: Þú getur safnað allt að **%lld bólu** í þessu borði. | other: Þú getur safnað allt að **%lld bólu** í þessu borði.,one: You can collect up to **%lld bubble** in this level. | other: You can collect up to **%lld bubbles** in this level.,one: Je kunt in dit level maximaal **%lld bubbel** verzamelen. | other: Je kunt in dit level maximaal **%lld bubbels** verzamelen.,Third line of the level intro card: the most nuts this level can yield. Emphasise the count and its noun with Markdown **bold**.,Localizable.xcstrings
levelIntro.cardsBullet %lld,en_nl_changed,it,Italian,one: You can collect up to **%lld nut** in this level. | other: You can collect up to **%lld nuts** in this level.,one: Je kunt in dit level maximaal **%lld noot** verzamelen. | other: Je kunt in dit level maximaal **%lld noten** verzamelen.,one: In questo livello puoi raccogliere fino a **%lld bolla**. | other: In questo livello puoi raccogliere fino a **%lld bolle**.,one: You can collect up to **%lld bubble** in this level. | other: You can collect up to **%lld bubbles** in this level.,one: Je kunt in dit level maximaal **%lld bubbel** verzamelen. | other: Je kunt in dit level maximaal **%lld bubbels** verzamelen.,Third line of the level intro card: the most nuts this level can yield. Emphasise the count and its noun with Markdown **bold**.,Localizable.xcstrings
levelIntro.cardsBullet %lld,en_nl_changed,ja,Japanese,one: You can collect up to **%lld nut** in this level. | other: You can collect up to **%lld nuts** in this level.,one: Je kunt in dit level maximaal **%lld noot** verzamelen. | other: Je kunt in dit level maximaal **%lld noten** verzamelen.,one: このレベルで\*\*バブル%lldこ\*\*まで集められるよ。 | other: このレベルで\*\*バブル%lldこ\*\*まで集められるよ。,one: You can collect up to **%lld bubble** in this level. | other: You can collect up to **%lld bubbles** in this level.,one: Je kunt in dit level maximaal **%lld bubbel** verzamelen. | other: Je kunt in dit level maximaal **%lld bubbels** verzamelen.,Third line of the level intro card: the most nuts this level can yield. Emphasise the count and its noun with Markdown **bold**.,Localizable.xcstrings
levelIntro.cardsBullet %lld,en_nl_changed,ka,Georgian,one: You can collect up to **%lld nut** in this level. | other: You can collect up to **%lld nuts** in this level.,one: Je kunt in dit level maximaal **%lld noot** verzamelen. | other: Je kunt in dit level maximaal **%lld noten** verzamelen.,one: ამ დონეზე მაქსიმუმ \*\*%lld ბუშტი\*\* შეგიძლია შეაგროვო. | other: ამ დონეზე მაქსიმუმ \*\*%lld ბუშტი\*\* შეგიძლია შეაგროვო.,one: You can collect up to **%lld bubble** in this level. | other: You can collect up to **%lld bubbles** in this level.,one: Je kunt in dit level maximaal **%lld bubbel** verzamelen. | other: Je kunt in dit level maximaal **%lld bubbels** verzamelen.,Third line of the level intro card: the most nuts this level can yield. Emphasise the count and its noun with Markdown **bold**.,Localizable.xcstrings
levelIntro.cardsBullet %lld,en_nl_changed,kk,Kazakh,one: You can collect up to **%lld nut** in this level. | other: You can collect up to **%lld nuts** in this level.,one: Je kunt in dit level maximaal **%lld noot** verzamelen. | other: Je kunt in dit level maximaal **%lld noten** verzamelen.,one: Бұл деңгейде **%lld көпіршікке** дейін жинай аласың. | other: Бұл деңгейде **%lld көпіршікке** дейін жинай аласың.,one: You can collect up to **%lld bubble** in this level. | other: You can collect up to **%lld bubbles** in this level.,one: Je kunt in dit level maximaal **%lld bubbel** verzamelen. | other: Je kunt in dit level maximaal **%lld bubbels** verzamelen.,Third line of the level intro card: the most nuts this level can yield. Emphasise the count and its noun with Markdown **bold**.,Localizable.xcstrings
levelIntro.cardsBullet %lld,en_nl_changed,km,Khmer,one: You can collect up to **%lld nut** in this level. | other: You can collect up to **%lld nuts** in this level.,one: Je kunt in dit level maximaal **%lld noot** verzamelen. | other: Je kunt in dit level maximaal **%lld noten** verzamelen.,one: ក្នុងលេវែលនេះ អ្នកអាចប្រមូលបានរហូតដល់ **ពពុះ %lld**។ | other: ក្នុងលេវែលនេះ អ្នកអាចប្រមូលបានរហូតដល់ **ពពុះ %lld**។,one: You can collect up to **%lld bubble** in this level. | other: You can collect up to **%lld bubbles** in this level.,one: Je kunt in dit level maximaal **%lld bubbel** verzamelen. | other: Je kunt in dit level maximaal **%lld bubbels** verzamelen.,Third line of the level intro card: the most nuts this level can yield. Emphasise the count and its noun with Markdown **bold**.,Localizable.xcstrings
levelIntro.cardsBullet %lld,en_nl_changed,kn,Kannada,one: You can collect up to **%lld nut** in this level. | other: You can collect up to **%lld nuts** in this level.,one: Je kunt in dit level maximaal **%lld noot** verzamelen. | other: Je kunt in dit level maximaal **%lld noten** verzamelen.,one: ಈ ಹಂತದಲ್ಲಿ ಗರಿಷ್ಠ **%lld ಬಬಲ್** ಸಂಗ್ರಹಿಸಬಹುದು. | other: ಈ ಹಂತದಲ್ಲಿ ಗರಿಷ್ಠ **%lld ಬಬಲ್** ಸಂಗ್ರಹಿಸಬಹುದು.,one: You can collect up to **%lld bubble** in this level. | other: You can collect up to **%lld bubbles** in this level.,one: Je kunt in dit level maximaal **%lld bubbel** verzamelen. | other: Je kunt in dit level maximaal **%lld bubbels** verzamelen.,Third line of the level intro card: the most nuts this level can yield. Emphasise the count and its noun with Markdown **bold**.,Localizable.xcstrings
levelIntro.cardsBullet %lld,en_nl_changed,ko,Korean,one: You can collect up to **%lld nut** in this level. | other: You can collect up to **%lld nuts** in this level.,one: Je kunt in dit level maximaal **%lld noot** verzamelen. | other: Je kunt in dit level maximaal **%lld noten** verzamelen.,one: 이 레벨에서 **버블 %lld개**까지 모을 수 있어요. | other: 이 레벨에서 **버블 %lld개**까지 모을 수 있어요.,one: You can collect up to **%lld bubble** in this level. | other: You can collect up to **%lld bubbles** in this level.,one: Je kunt in dit level maximaal **%lld bubbel** verzamelen. | other: Je kunt in dit level maximaal **%lld bubbels** verzamelen.,Third line of the level intro card: the most nuts this level can yield. Emphasise the count and its noun with Markdown **bold**.,Localizable.xcstrings
levelIntro.cardsBullet %lld,en_nl_changed,lo,Lao,one: You can collect up to **%lld nut** in this level. | other: You can collect up to **%lld nuts** in this level.,one: Je kunt in dit level maximaal **%lld noot** verzamelen. | other: Je kunt in dit level maximaal **%lld noten** verzamelen.,one: ດ່ານນີ້ເກັບໄດ້ສູງສຸດ **%lld ຟອງ**. | other: ດ່ານນີ້ເກັບໄດ້ສູງສຸດ **%lld ຟອງ**.,one: You can collect up to **%lld bubble** in this level. | other: You can collect up to **%lld bubbles** in this level.,one: Je kunt in dit level maximaal **%lld bubbel** verzamelen. | other: Je kunt in dit level maximaal **%lld bubbels** verzamelen.,Third line of the level intro card: the most nuts this level can yield. Emphasise the count and its noun with Markdown **bold**.,Localizable.xcstrings
levelIntro.cardsBullet %lld,en_nl_changed,lt,Lithuanian,one: You can collect up to **%lld nut** in this level. | other: You can collect up to **%lld nuts** in this level.,one: Je kunt in dit level maximaal **%lld noot** verzamelen. | other: Je kunt in dit level maximaal **%lld noten** verzamelen.,one: Šiame lygyje gali surinkti iki **%lld burbulo**. | other: Šiame lygyje gali surinkti iki **%lld burbulo**.,one: You can collect up to **%lld bubble** in this level. | other: You can collect up to **%lld bubbles** in this level.,one: Je kunt in dit level maximaal **%lld bubbel** verzamelen. | other: Je kunt in dit level maximaal **%lld bubbels** verzamelen.,Third line of the level intro card: the most nuts this level can yield. Emphasise the count and its noun with Markdown **bold**.,Localizable.xcstrings
levelIntro.cardsBullet %lld,en_nl_changed,lv,Latvian,one: You can collect up to **%lld nut** in this level. | other: You can collect up to **%lld nuts** in this level.,one: Je kunt in dit level maximaal **%lld noot** verzamelen. | other: Je kunt in dit level maximaal **%lld noten** verzamelen.,one: Šajā līmenī vari savākt ne vairāk kā **%lld burbuli**. | other: Šajā līmenī vari savākt ne vairāk kā **%lld burbuli**.,one: You can collect up to **%lld bubble** in this level. | other: You can collect up to **%lld bubbles** in this level.,one: Je kunt in dit level maximaal **%lld bubbel** verzamelen. | other: Je kunt in dit level maximaal **%lld bubbels** verzamelen.,Third line of the level intro card: the most nuts this level can yield. Emphasise the count and its noun with Markdown **bold**.,Localizable.xcstrings
levelIntro.cardsBullet %lld,en_nl_changed,mk,Macedonian,one: You can collect up to **%lld nut** in this level. | other: You can collect up to **%lld nuts** in this level.,one: Je kunt in dit level maximaal **%lld noot** verzamelen. | other: Je kunt in dit level maximaal **%lld noten** verzamelen.,one: Во ова ниво можеш да собереш до **%lld меурче**. | other: Во ова ниво можеш да собереш до **%lld меурче**.,one: You can collect up to **%lld bubble** in this level. | other: You can collect up to **%lld bubbles** in this level.,one: Je kunt in dit level maximaal **%lld bubbel** verzamelen. | other: Je kunt in dit level maximaal **%lld bubbels** verzamelen.,Third line of the level intro card: the most nuts this level can yield. Emphasise the count and its noun with Markdown **bold**.,Localizable.xcstrings
levelIntro.cardsBullet %lld,en_nl_changed,ml,Malayalam,one: You can collect up to **%lld nut** in this level. | other: You can collect up to **%lld nuts** in this level.,one: Je kunt in dit level maximaal **%lld noot** verzamelen. | other: Je kunt in dit level maximaal **%lld noten** verzamelen.,one: ഈ ലെവലിൽ പരമാവധി **%lld ബബിൾ** ശേഖരിക്കാം. | other: ഈ ലെവലിൽ പരമാവധി **%lld ബബിൾ** ശേഖരിക്കാം.,one: You can collect up to **%lld bubble** in this level. | other: You can collect up to **%lld bubbles** in this level.,one: Je kunt in dit level maximaal **%lld bubbel** verzamelen. | other: Je kunt in dit level maximaal **%lld bubbels** verzamelen.,Third line of the level intro card: the most nuts this level can yield. Emphasise the count and its noun with Markdown **bold**.,Localizable.xcstrings
levelIntro.cardsBullet %lld,en_nl_changed,mn,Mongolian,one: You can collect up to **%lld nut** in this level. | other: You can collect up to **%lld nuts** in this level.,one: Je kunt in dit level maximaal **%lld noot** verzamelen. | other: Je kunt in dit level maximaal **%lld noten** verzamelen.,one: Энэ түвшинд **%lld бөмбөлөг** цуглуулж болно. | other: Энэ түвшинд **%lld бөмбөлөг** цуглуулж болно.,one: You can collect up to **%lld bubble** in this level. | other: You can collect up to **%lld bubbles** in this level.,one: Je kunt in dit level maximaal **%lld bubbel** verzamelen. | other: Je kunt in dit level maximaal **%lld bubbels** verzamelen.,Third line of the level intro card: the most nuts this level can yield. Emphasise the count and its noun with Markdown **bold**.,Localizable.xcstrings
levelIntro.cardsBullet %lld,en_nl_changed,mr,Marathi,one: You can collect up to **%lld nut** in this level. | other: You can collect up to **%lld nuts** in this level.,one: Je kunt in dit level maximaal **%lld noot** verzamelen. | other: Je kunt in dit level maximaal **%lld noten** verzamelen.,one: या स्तरात जास्तीत जास्त \*\*%lld बुडबुडा\*\* गोळा करता येईल. | other: या स्तरात जास्तीत जास्त \*\*%lld बुडबुडा\*\* गोळा करता येईल.,one: You can collect up to **%lld bubble** in this level. | other: You can collect up to **%lld bubbles** in this level.,one: Je kunt in dit level maximaal **%lld bubbel** verzamelen. | other: Je kunt in dit level maximaal **%lld bubbels** verzamelen.,Third line of the level intro card: the most nuts this level can yield. Emphasise the count and its noun with Markdown **bold**.,Localizable.xcstrings
levelIntro.cardsBullet %lld,en_nl_changed,ms,Malay,one: You can collect up to **%lld nut** in this level. | other: You can collect up to **%lld nuts** in this level.,one: Je kunt in dit level maximaal **%lld noot** verzamelen. | other: Je kunt in dit level maximaal **%lld noten** verzamelen.,one: Kamu boleh kumpul hingga **%lld gelembung** dalam tahap ini. | other: Kamu boleh kumpul hingga **%lld gelembung** dalam tahap ini.,one: You can collect up to **%lld bubble** in this level. | other: You can collect up to **%lld bubbles** in this level.,one: Je kunt in dit level maximaal **%lld bubbel** verzamelen. | other: Je kunt in dit level maximaal **%lld bubbels** verzamelen.,Third line of the level intro card: the most nuts this level can yield. Emphasise the count and its noun with Markdown **bold**.,Localizable.xcstrings
levelIntro.cardsBullet %lld,en_nl_changed,my,Burmese,one: You can collect up to **%lld nut** in this level. | other: You can collect up to **%lld nuts** in this level.,one: Je kunt in dit level maximaal **%lld noot** verzamelen. | other: Je kunt in dit level maximaal **%lld noten** verzamelen.,one: ဒီအဆင့်မှာ **%lld ပူဖောင်း** အထိ စုလို့ရတယ်။ | other: ဒီအဆင့်မှာ **%lld ပူဖောင်း** အထိ စုလို့ရတယ်။,one: You can collect up to **%lld bubble** in this level. | other: You can collect up to **%lld bubbles** in this level.,one: Je kunt in dit level maximaal **%lld bubbel** verzamelen. | other: Je kunt in dit level maximaal **%lld bubbels** verzamelen.,Third line of the level intro card: the most nuts this level can yield. Emphasise the count and its noun with Markdown **bold**.,Localizable.xcstrings
levelIntro.cardsBullet %lld,en_nl_changed,nb,Norwegian,one: You can collect up to **%lld nut** in this level. | other: You can collect up to **%lld nuts** in this level.,one: Je kunt in dit level maximaal **%lld noot** verzamelen. | other: Je kunt in dit level maximaal **%lld noten** verzamelen.,one: Du kan samle opptil **%lld boble** på dette nivået. | other: Du kan samle opptil **%lld boble** på dette nivået.,one: You can collect up to **%lld bubble** in this level. | other: You can collect up to **%lld bubbles** in this level.,one: Je kunt in dit level maximaal **%lld bubbel** verzamelen. | other: Je kunt in dit level maximaal **%lld bubbels** verzamelen.,Third line of the level intro card: the most nuts this level can yield. Emphasise the count and its noun with Markdown **bold**.,Localizable.xcstrings
levelIntro.cardsBullet %lld,en_nl_changed,ne,Nepali,one: You can collect up to **%lld nut** in this level. | other: You can collect up to **%lld nuts** in this level.,one: Je kunt in dit level maximaal **%lld noot** verzamelen. | other: Je kunt in dit level maximaal **%lld noten** verzamelen.,one: यो लेभलमा बढीमा **%lld बबल** जम्मा गर्न सक्छौ। | other: यो लेभलमा बढीमा **%lld बबल** जम्मा गर्न सक्छौ।,one: You can collect up to **%lld bubble** in this level. | other: You can collect up to **%lld bubbles** in this level.,one: Je kunt in dit level maximaal **%lld bubbel** verzamelen. | other: Je kunt in dit level maximaal **%lld bubbels** verzamelen.,Third line of the level intro card: the most nuts this level can yield. Emphasise the count and its noun with Markdown **bold**.,Localizable.xcstrings
levelIntro.cardsBullet %lld,en_nl_changed,or,Odia,one: You can collect up to **%lld nut** in this level. | other: You can collect up to **%lld nuts** in this level.,one: Je kunt in dit level maximaal **%lld noot** verzamelen. | other: Je kunt in dit level maximaal **%lld noten** verzamelen.,one: ଏହି ଲେଭେଲ୍‌ରେ ସର୍ବାଧିକ **%lld ବବଲ୍** ସଂଗ୍ରହ କରିପାରିବ। | other: ଏହି ଲେଭେଲ୍‌ରେ ସର୍ବାଧିକ **%lld ବବଲ୍** ସଂଗ୍ରହ କରିପାରିବ।,one: You can collect up to **%lld bubble** in this level. | other: You can collect up to **%lld bubbles** in this level.,one: Je kunt in dit level maximaal **%lld bubbel** verzamelen. | other: Je kunt in dit level maximaal **%lld bubbels** verzamelen.,Third line of the level intro card: the most nuts this level can yield. Emphasise the count and its noun with Markdown **bold**.,Localizable.xcstrings
levelIntro.cardsBullet %lld,en_nl_changed,pa,Punjabi,one: You can collect up to **%lld nut** in this level. | other: You can collect up to **%lld nuts** in this level.,one: Je kunt in dit level maximaal **%lld noot** verzamelen. | other: Je kunt in dit level maximaal **%lld noten** verzamelen.,one: ਇਸ ਲੈਵਲ ਵਿੱਚ ਵੱਧ ਤੋਂ ਵੱਧ **%lld ਬੁਲਬੁਲਾ** ਇਕੱਠਾ ਕਰ ਸਕਦੇ ਹੋ। | other: ਇਸ ਲੈਵਲ ਵਿੱਚ ਵੱਧ ਤੋਂ ਵੱਧ **%lld ਬੁਲਬੁਲਾ** ਇਕੱਠਾ ਕਰ ਸਕਦੇ ਹੋ।,one: You can collect up to **%lld bubble** in this level. | other: You can collect up to **%lld bubbles** in this level.,one: Je kunt in dit level maximaal **%lld bubbel** verzamelen. | other: Je kunt in dit level maximaal **%lld bubbels** verzamelen.,Third line of the level intro card: the most nuts this level can yield. Emphasise the count and its noun with Markdown **bold**.,Localizable.xcstrings
levelIntro.cardsBullet %lld,en_nl_changed,pl,Polish,one: You can collect up to **%lld nut** in this level. | other: You can collect up to **%lld nuts** in this level.,one: Je kunt in dit level maximaal **%lld noot** verzamelen. | other: Je kunt in dit level maximaal **%lld noten** verzamelen.,one: W tym poziomie możesz zebrać do **%lld bąbelka**. | few: W tym poziomie możesz zebrać do **%lld bąbelków**. | many: W tym poziomie możesz zebrać do **%lld bąbelków**. | other: W tym poziomie możesz zebrać do **%lld bąbelków**.,one: You can collect up to **%lld bubble** in this level. | other: You can collect up to **%lld bubbles** in this level.,one: Je kunt in dit level maximaal **%lld bubbel** verzamelen. | other: Je kunt in dit level maximaal **%lld bubbels** verzamelen.,Third line of the level intro card: the most nuts this level can yield. Emphasise the count and its noun with Markdown **bold**.,Localizable.xcstrings
levelIntro.cardsBullet %lld,en_nl_changed,pt,Portuguese,one: You can collect up to **%lld nut** in this level. | other: You can collect up to **%lld nuts** in this level.,one: Je kunt in dit level maximaal **%lld noot** verzamelen. | other: Je kunt in dit level maximaal **%lld noten** verzamelen.,one: Neste nível podes apanhar até **%lld bolha**. | other: Neste nível podes apanhar até **%lld bolhas**.,one: You can collect up to **%lld bubble** in this level. | other: You can collect up to **%lld bubbles** in this level.,one: Je kunt in dit level maximaal **%lld bubbel** verzamelen. | other: Je kunt in dit level maximaal **%lld bubbels** verzamelen.,Third line of the level intro card: the most nuts this level can yield. Emphasise the count and its noun with Markdown **bold**.,Localizable.xcstrings
levelIntro.cardsBullet %lld,en_nl_changed,ro,Romanian,one: You can collect up to **%lld nut** in this level. | other: You can collect up to **%lld nuts** in this level.,one: Je kunt in dit level maximaal **%lld noot** verzamelen. | other: Je kunt in dit level maximaal **%lld noten** verzamelen.,one: Poți strânge până la **%lld bulă** în acest nivel. | other: Poți strânge până la **%lld bulă** în acest nivel.,one: You can collect up to **%lld bubble** in this level. | other: You can collect up to **%lld bubbles** in this level.,one: Je kunt in dit level maximaal **%lld bubbel** verzamelen. | other: Je kunt in dit level maximaal **%lld bubbels** verzamelen.,Third line of the level intro card: the most nuts this level can yield. Emphasise the count and its noun with Markdown **bold**.,Localizable.xcstrings
levelIntro.cardsBullet %lld,en_nl_changed,ru,Russian,one: You can collect up to **%lld nut** in this level. | other: You can collect up to **%lld nuts** in this level.,one: Je kunt in dit level maximaal **%lld noot** verzamelen. | other: Je kunt in dit level maximaal **%lld noten** verzamelen.,one: В этом уровне можно собрать до **%lld пузыря**. | few: В этом уровне можно собрать до **%lld пузырей**. | many: В этом уровне можно собрать до **%lld пузырей**. | other: В этом уровне можно собрать до **%lld пузырей**.,one: You can collect up to **%lld bubble** in this level. | other: You can collect up to **%lld bubbles** in this level.,one: Je kunt in dit level maximaal **%lld bubbel** verzamelen. | other: Je kunt in dit level maximaal **%lld bubbels** verzamelen.,Third line of the level intro card: the most nuts this level can yield. Emphasise the count and its noun with Markdown **bold**.,Localizable.xcstrings
levelIntro.cardsBullet %lld,en_nl_changed,si,Sinhala,one: You can collect up to **%lld nut** in this level. | other: You can collect up to **%lld nuts** in this level.,one: Je kunt in dit level maximaal **%lld noot** verzamelen. | other: Je kunt in dit level maximaal **%lld noten** verzamelen.,one: මේ මට්ටමේ **%lld බුබුලක්** දක්වා එකතු කරන්න පුළුවන්. | other: මේ මට්ටමේ **%lld බුබුලක්** දක්වා එකතු කරන්න පුළුවන්.,one: You can collect up to **%lld bubble** in this level. | other: You can collect up to **%lld bubbles** in this level.,one: Je kunt in dit level maximaal **%lld bubbel** verzamelen. | other: Je kunt in dit level maximaal **%lld bubbels** verzamelen.,Third line of the level intro card: the most nuts this level can yield. Emphasise the count and its noun with Markdown **bold**.,Localizable.xcstrings
levelIntro.cardsBullet %lld,en_nl_changed,sk,Slovak,one: You can collect up to **%lld nut** in this level. | other: You can collect up to **%lld nuts** in this level.,one: Je kunt in dit level maximaal **%lld noot** verzamelen. | other: Je kunt in dit level maximaal **%lld noten** verzamelen.,one: V tejto úrovni môžeš nazbierať až **%lld bublinu**. | other: V tejto úrovni môžeš nazbierať až **%lld bublinu**.,one: You can collect up to **%lld bubble** in this level. | other: You can collect up to **%lld bubbles** in this level.,one: Je kunt in dit level maximaal **%lld bubbel** verzamelen. | other: Je kunt in dit level maximaal **%lld bubbels** verzamelen.,Third line of the level intro card: the most nuts this level can yield. Emphasise the count and its noun with Markdown **bold**.,Localizable.xcstrings
levelIntro.cardsBullet %lld,en_nl_changed,sl,Slovenian,one: You can collect up to **%lld nut** in this level. | other: You can collect up to **%lld nuts** in this level.,one: Je kunt in dit level maximaal **%lld noot** verzamelen. | other: Je kunt in dit level maximaal **%lld noten** verzamelen.,one: V tej stopnji lahko zbereš največ **%lld mehurček**. | other: V tej stopnji lahko zbereš največ **%lld mehurček**.,one: You can collect up to **%lld bubble** in this level. | other: You can collect up to **%lld bubbles** in this level.,one: Je kunt in dit level maximaal **%lld bubbel** verzamelen. | other: Je kunt in dit level maximaal **%lld bubbels** verzamelen.,Third line of the level intro card: the most nuts this level can yield. Emphasise the count and its noun with Markdown **bold**.,Localizable.xcstrings
levelIntro.cardsBullet %lld,en_nl_changed,sq,Albanian,one: You can collect up to **%lld nut** in this level. | other: You can collect up to **%lld nuts** in this level.,one: Je kunt in dit level maximaal **%lld noot** verzamelen. | other: Je kunt in dit level maximaal **%lld noten** verzamelen.,one: Mund të mbledhësh deri në **%lld flluskë** në këtë nivel. | other: Mund të mbledhësh deri në **%lld flluskë** në këtë nivel.,one: You can collect up to **%lld bubble** in this level. | other: You can collect up to **%lld bubbles** in this level.,one: Je kunt in dit level maximaal **%lld bubbel** verzamelen. | other: Je kunt in dit level maximaal **%lld bubbels** verzamelen.,Third line of the level intro card: the most nuts this level can yield. Emphasise the count and its noun with Markdown **bold**.,Localizable.xcstrings
levelIntro.cardsBullet %lld,en_nl_changed,sr,Serbian,one: You can collect up to **%lld nut** in this level. | other: You can collect up to **%lld nuts** in this level.,one: Je kunt in dit level maximaal **%lld noot** verzamelen. | other: Je kunt in dit level maximaal **%lld noten** verzamelen.,one: U ovom nivou možeš sakupiti do **%lld mehurić**. | other: U ovom nivou možeš sakupiti do **%lld mehurić**.,one: You can collect up to **%lld bubble** in this level. | other: You can collect up to **%lld bubbles** in this level.,one: Je kunt in dit level maximaal **%lld bubbel** verzamelen. | other: Je kunt in dit level maximaal **%lld bubbels** verzamelen.,Third line of the level intro card: the most nuts this level can yield. Emphasise the count and its noun with Markdown **bold**.,Localizable.xcstrings
levelIntro.cardsBullet %lld,en_nl_changed,sv,Swedish,one: You can collect up to **%lld nut** in this level. | other: You can collect up to **%lld nuts** in this level.,one: Je kunt in dit level maximaal **%lld noot** verzamelen. | other: Je kunt in dit level maximaal **%lld noten** verzamelen.,one: Du kan samla upp till **%lld bubbla** på den här nivån. | other: Du kan samla upp till **%lld bubbla** på den här nivån.,one: You can collect up to **%lld bubble** in this level. | other: You can collect up to **%lld bubbles** in this level.,one: Je kunt in dit level maximaal **%lld bubbel** verzamelen. | other: Je kunt in dit level maximaal **%lld bubbels** verzamelen.,Third line of the level intro card: the most nuts this level can yield. Emphasise the count and its noun with Markdown **bold**.,Localizable.xcstrings
levelIntro.cardsBullet %lld,en_nl_changed,sw,Swahili,one: You can collect up to **%lld nut** in this level. | other: You can collect up to **%lld nuts** in this level.,one: Je kunt in dit level maximaal **%lld noot** verzamelen. | other: Je kunt in dit level maximaal **%lld noten** verzamelen.,one: Unaweza kukusanya hadi **kiputo %lld** katika kiwango hiki. | other: Unaweza kukusanya hadi **kiputo %lld** katika kiwango hiki.,one: You can collect up to **%lld bubble** in this level. | other: You can collect up to **%lld bubbles** in this level.,one: Je kunt in dit level maximaal **%lld bubbel** verzamelen. | other: Je kunt in dit level maximaal **%lld bubbels** verzamelen.,Third line of the level intro card: the most nuts this level can yield. Emphasise the count and its noun with Markdown **bold**.,Localizable.xcstrings
levelIntro.cardsBullet %lld,en_nl_changed,ta,Tamil,one: You can collect up to **%lld nut** in this level. | other: You can collect up to **%lld nuts** in this level.,one: Je kunt in dit level maximaal **%lld noot** verzamelen. | other: Je kunt in dit level maximaal **%lld noten** verzamelen.,one: இந்த நிலையில் அதிகபட்சம் **%lld குமிழி** சேகரிக்கலாம். | other: இந்த நிலையில் அதிகபட்சம் **%lld குமிழி** சேகரிக்கலாம்.,one: You can collect up to **%lld bubble** in this level. | other: You can collect up to **%lld bubbles** in this level.,one: Je kunt in dit level maximaal **%lld bubbel** verzamelen. | other: Je kunt in dit level maximaal **%lld bubbels** verzamelen.,Third line of the level intro card: the most nuts this level can yield. Emphasise the count and its noun with Markdown **bold**.,Localizable.xcstrings
levelIntro.cardsBullet %lld,en_nl_changed,te,Telugu,one: You can collect up to **%lld nut** in this level. | other: You can collect up to **%lld nuts** in this level.,one: Je kunt in dit level maximaal **%lld noot** verzamelen. | other: Je kunt in dit level maximaal **%lld noten** verzamelen.,one: ఈ లెవెల్‌లో **%lld బబుల్** వరకు సేకరించవచ్చు. | other: ఈ లెవెల్‌లో **%lld బబుల్** వరకు సేకరించవచ్చు.,one: You can collect up to **%lld bubble** in this level. | other: You can collect up to **%lld bubbles** in this level.,one: Je kunt in dit level maximaal **%lld bubbel** verzamelen. | other: Je kunt in dit level maximaal **%lld bubbels** verzamelen.,Third line of the level intro card: the most nuts this level can yield. Emphasise the count and its noun with Markdown **bold**.,Localizable.xcstrings
levelIntro.cardsBullet %lld,en_nl_changed,th,Thai,one: You can collect up to **%lld nut** in this level. | other: You can collect up to **%lld nuts** in this level.,one: Je kunt in dit level maximaal **%lld noot** verzamelen. | other: Je kunt in dit level maximaal **%lld noten** verzamelen.,one: ด่านนี้เก็บ **ฟองสบู่ %lld ฟอง** ได้สูงสุด | other: ด่านนี้เก็บ **ฟองสบู่ %lld ฟอง** ได้สูงสุด,one: You can collect up to **%lld bubble** in this level. | other: You can collect up to **%lld bubbles** in this level.,one: Je kunt in dit level maximaal **%lld bubbel** verzamelen. | other: Je kunt in dit level maximaal **%lld bubbels** verzamelen.,Third line of the level intro card: the most nuts this level can yield. Emphasise the count and its noun with Markdown **bold**.,Localizable.xcstrings
levelIntro.cardsBullet %lld,en_nl_changed,tr,Turkish,one: You can collect up to **%lld nut** in this level. | other: You can collect up to **%lld nuts** in this level.,one: Je kunt in dit level maximaal **%lld noot** verzamelen. | other: Je kunt in dit level maximaal **%lld noten** verzamelen.,one: Bu seviyede en fazla **%lld baloncuk** toplayabilirsin. | other: Bu seviyede en fazla **%lld baloncuk** toplayabilirsin.,one: You can collect up to **%lld bubble** in this level. | other: You can collect up to **%lld bubbles** in this level.,one: Je kunt in dit level maximaal **%lld bubbel** verzamelen. | other: Je kunt in dit level maximaal **%lld bubbels** verzamelen.,Third line of the level intro card: the most nuts this level can yield. Emphasise the count and its noun with Markdown **bold**.,Localizable.xcstrings
levelIntro.cardsBullet %lld,en_nl_changed,ug,Uyghur,one: You can collect up to **%lld nut** in this level. | other: You can collect up to **%lld nuts** in this level.,one: Je kunt in dit level maximaal **%lld noot** verzamelen. | other: Je kunt in dit level maximaal **%lld noten** verzamelen.,one: بۇ دەرىجىدە ئەڭ كۆپ **%lld كۆپۈك** توپلىيالايسەن. | other: بۇ دەرىجىدە ئەڭ كۆپ **%lld كۆپۈك** توپلىيالايسەن.,one: You can collect up to **%lld bubble** in this level. | other: You can collect up to **%lld bubbles** in this level.,one: Je kunt in dit level maximaal **%lld bubbel** verzamelen. | other: Je kunt in dit level maximaal **%lld bubbels** verzamelen.,Third line of the level intro card: the most nuts this level can yield. Emphasise the count and its noun with Markdown **bold**.,Localizable.xcstrings
levelIntro.cardsBullet %lld,en_nl_changed,uk,Ukrainian,one: You can collect up to **%lld nut** in this level. | other: You can collect up to **%lld nuts** in this level.,one: Je kunt in dit level maximaal **%lld noot** verzamelen. | other: Je kunt in dit level maximaal **%lld noten** verzamelen.,one: На цьому рівні можна зібрати до \*\*%lld бульбашки\*\*. | other: На цьому рівні можна зібрати до \*\*%lld бульбашки\*\*.,one: You can collect up to **%lld bubble** in this level. | other: You can collect up to **%lld bubbles** in this level.,one: Je kunt in dit level maximaal **%lld bubbel** verzamelen. | other: Je kunt in dit level maximaal **%lld bubbels** verzamelen.,Third line of the level intro card: the most nuts this level can yield. Emphasise the count and its noun with Markdown **bold**.,Localizable.xcstrings
levelIntro.cardsBullet %lld,en_nl_changed,ur,Urdu,one: You can collect up to **%lld nut** in this level. | other: You can collect up to **%lld nuts** in this level.,one: Je kunt in dit level maximaal **%lld noot** verzamelen. | other: Je kunt in dit level maximaal **%lld noten** verzamelen.,one: اس لیول میں زیادہ سے زیادہ **%lld ببل** جمع کر سکتے ہیں۔ | other: اس لیول میں زیادہ سے زیادہ **%lld ببل** جمع کر سکتے ہیں۔,one: You can collect up to **%lld bubble** in this level. | other: You can collect up to **%lld bubbles** in this level.,one: Je kunt in dit level maximaal **%lld bubbel** verzamelen. | other: Je kunt in dit level maximaal **%lld bubbels** verzamelen.,Third line of the level intro card: the most nuts this level can yield. Emphasise the count and its noun with Markdown **bold**.,Localizable.xcstrings
levelIntro.cardsBullet %lld,en_nl_changed,uz,Uzbek,one: You can collect up to **%lld nut** in this level. | other: You can collect up to **%lld nuts** in this level.,one: Je kunt in dit level maximaal **%lld noot** verzamelen. | other: Je kunt in dit level maximaal **%lld noten** verzamelen.,one: Bu bosqichda ko‘pi bilan **%lld pufakcha** yig‘a olasan. | other: Bu bosqichda ko‘pi bilan **%lld pufakcha** yig‘a olasan.,one: You can collect up to **%lld bubble** in this level. | other: You can collect up to **%lld bubbles** in this level.,one: Je kunt in dit level maximaal **%lld bubbel** verzamelen. | other: Je kunt in dit level maximaal **%lld bubbels** verzamelen.,Third line of the level intro card: the most nuts this level can yield. Emphasise the count and its noun with Markdown **bold**.,Localizable.xcstrings
levelIntro.cardsBullet %lld,en_nl_changed,vi,Vietnamese,one: You can collect up to **%lld nut** in this level. | other: You can collect up to **%lld nuts** in this level.,one: Je kunt in dit level maximaal **%lld noot** verzamelen. | other: Je kunt in dit level maximaal **%lld noten** verzamelen.,one: Bạn có thể nhặt tối đa **%lld bong bóng** ở màn này. | other: Bạn có thể nhặt tối đa **%lld bong bóng** ở màn này.,one: You can collect up to **%lld bubble** in this level. | other: You can collect up to **%lld bubbles** in this level.,one: Je kunt in dit level maximaal **%lld bubbel** verzamelen. | other: Je kunt in dit level maximaal **%lld bubbels** verzamelen.,Third line of the level intro card: the most nuts this level can yield. Emphasise the count and its noun with Markdown **bold**.,Localizable.xcstrings
levelIntro.cardsBullet %lld,en_nl_changed,zh,Chinese,one: You can collect up to **%lld nut** in this level. | other: You can collect up to **%lld nuts** in this level.,one: Je kunt in dit level maximaal **%lld noot** verzamelen. | other: Je kunt in dit level maximaal **%lld noten** verzamelen.,one: 本关最多可收集 \*\*%lld 个泡泡\*\*。 | other: 本关最多可收集 \*\*%lld 个泡泡\*\*。,one: You can collect up to **%lld bubble** in this level. | other: You can collect up to **%lld bubbles** in this level.,one: Je kunt in dit level maximaal **%lld bubbel** verzamelen. | other: Je kunt in dit level maximaal **%lld bubbels** verzamelen.,Third line of the level intro card: the most nuts this level can yield. Emphasise the count and its noun with Markdown **bold**.,Localizable.xcstrings
levelIntro.cardsBullet %lld,en_nl_changed,zu,Zulu,one: You can collect up to **%lld nut** in this level. | other: You can collect up to **%lld nuts** in this level.,one: Je kunt in dit level maximaal **%lld noot** verzamelen. | other: Je kunt in dit level maximaal **%lld noten** verzamelen.,one: Ungaqoqa **ibhamuza elingu-%lld** kuleli zinga. | other: Ungaqoqa **ibhamuza elingu-%lld** kuleli zinga.,one: You can collect up to **%lld bubble** in this level. | other: You can collect up to **%lld bubbles** in this level.,one: Je kunt in dit level maximaal **%lld bubbel** verzamelen. | other: Je kunt in dit level maximaal **%lld bubbels** verzamelen.,Third line of the level intro card: the most nuts this level can yield. Emphasise the count and its noun with Markdown **bold**.,Localizable.xcstrings
notif.animal.body %@,en_nl_changed,af,Afrikaans,Collect a few more nuts to unlock %@! 🐼,Verzamel nog een paar noten om %@ vrij te spelen! 🐼,%@: Verdien nog 'n paar trofeë om hierdie dier te ontsluit! 🐼,Collect a few more bubbles to unlock %@! 🐼,Verzamel nog een paar bubbels om %@ vrij te spelen! 🐼,Push notification body when a new animal is nearly earned. The argument is the animal's name.,Localizable.xcstrings
notif.animal.body %@,en_nl_changed,am,Amharic,Collect a few more nuts to unlock %@! 🐼,Verzamel nog een paar noten om %@ vrij te spelen! 🐼,%@: ይህን እንስሳ ለመክፈት ጥቂት ተጨማሪ ዋንጫዎችን ያግኙ! 🐼,Collect a few more bubbles to unlock %@! 🐼,Verzamel nog een paar bubbels om %@ vrij te spelen! 🐼,Push notification body when a new animal is nearly earned. The argument is the animal's name.,Localizable.xcstrings
notif.animal.body %@,en_nl_changed,ar,Arabic,Collect a few more nuts to unlock %@! 🐼,Verzamel nog een paar noten om %@ vrij te spelen! 🐼,%@: احصل على المزيد من الجوائز لفتح هذا الحيوان! 🐼,Collect a few more bubbles to unlock %@! 🐼,Verzamel nog een paar bubbels om %@ vrij te spelen! 🐼,Push notification body when a new animal is nearly earned. The argument is the animal's name.,Localizable.xcstrings
notif.animal.body %@,en_nl_changed,as,Assamese,Collect a few more nuts to unlock %@! 🐼,Verzamel nog een paar noten om %@ vrij te spelen! 🐼,%@: এই জন্তুটোৰ তলা খুলিবলৈ আৰু কেইটামান ট্ৰফী অৰ্জন কৰক! 🐼,Collect a few more bubbles to unlock %@! 🐼,Verzamel nog een paar bubbels om %@ vrij te spelen! 🐼,Push notification body when a new animal is nearly earned. The argument is the animal's name.,Localizable.xcstrings
notif.animal.body %@,en_nl_changed,az,Azerbaijani,Collect a few more nuts to unlock %@! 🐼,Verzamel nog een paar noten om %@ vrij te spelen! 🐼,%@: Bu heyvanın kilidini açmaq üçün daha bir neçə kubok qazanın! 🐼,Collect a few more bubbles to unlock %@! 🐼,Verzamel nog een paar bubbels om %@ vrij te spelen! 🐼,Push notification body when a new animal is nearly earned. The argument is the animal's name.,Localizable.xcstrings
notif.animal.body %@,en_nl_changed,be,Belarusian,Collect a few more nuts to unlock %@! 🐼,Verzamel nog een paar noten om %@ vrij te spelen! 🐼,"%@: Зарабіце яшчэ некалькі трафеяў, каб разблакаваць гэтую жывёлу! 🐼",Collect a few more bubbles to unlock %@! 🐼,Verzamel nog een paar bubbels om %@ vrij te spelen! 🐼,Push notification body when a new animal is nearly earned. The argument is the animal's name.,Localizable.xcstrings
notif.animal.body %@,en_nl_changed,bg,Bulgarian,Collect a few more nuts to unlock %@! 🐼,Verzamel nog een paar noten om %@ vrij te spelen! 🐼,"%@: Спечелете още няколко трофея, за да отключите това животно! 🐼",Collect a few more bubbles to unlock %@! 🐼,Verzamel nog een paar bubbels om %@ vrij te spelen! 🐼,Push notification body when a new animal is nearly earned. The argument is the animal's name.,Localizable.xcstrings
notif.animal.body %@,en_nl_changed,bn,Bengali,Collect a few more nuts to unlock %@! 🐼,Verzamel nog een paar noten om %@ vrij te spelen! 🐼,%@: এই প্রাণীটিকে আনলক করতে আরও কয়েকটি ট্রফি অর্জন করুন! 🐼,Collect a few more bubbles to unlock %@! 🐼,Verzamel nog een paar bubbels om %@ vrij te spelen! 🐼,Push notification body when a new animal is nearly earned. The argument is the animal's name.,Localizable.xcstrings
notif.animal.body %@,en_nl_changed,bo,Tibetan,Collect a few more nuts to unlock %@! 🐼,Verzamel nog een paar noten om %@ vrij te spelen! 🐼,%@: སེམས་ཅན་འདི་ཕྱེ་ཆེད་དུ་རྟགས་མ་འགའ་ཤས་རག་རོགས། 🐼,Collect a few more bubbles to unlock %@! 🐼,Verzamel nog een paar bubbels om %@ vrij te spelen! 🐼,Push notification body when a new animal is nearly earned. The argument is the animal's name.,Localizable.xcstrings
notif.animal.body %@,en_nl_changed,bs,Bosnian,Collect a few more nuts to unlock %@! 🐼,Verzamel nog een paar noten om %@ vrij te spelen! 🐼,%@: Zaradite još nekoliko trofeja da otključate ovu životinju! 🐼,Collect a few more bubbles to unlock %@! 🐼,Verzamel nog een paar bubbels om %@ vrij te spelen! 🐼,Push notification body when a new animal is nearly earned. The argument is the animal's name.,Localizable.xcstrings
notif.animal.body %@,en_nl_changed,ca,Catalan,Collect a few more nuts to unlock %@! 🐼,Verzamel nog een paar noten om %@ vrij te spelen! 🐼,%@: Guanya uns quants trofeus més per desbloquejar aquest animal! 🐼,Collect a few more bubbles to unlock %@! 🐼,Verzamel nog een paar bubbels om %@ vrij te spelen! 🐼,Push notification body when a new animal is nearly earned. The argument is the animal's name.,Localizable.xcstrings
notif.animal.body %@,en_nl_changed,cs,Czech,Collect a few more nuts to unlock %@! 🐼,Verzamel nog een paar noten om %@ vrij te spelen! 🐼,%@: Získejte několik dalších trofejí a odemkněte toto zvíře! 🐼,Collect a few more bubbles to unlock %@! 🐼,Verzamel nog een paar bubbels om %@ vrij te spelen! 🐼,Push notification body when a new animal is nearly earned. The argument is the animal's name.,Localizable.xcstrings
notif.animal.body %@,en_nl_changed,cy,Welsh,Collect a few more nuts to unlock %@! 🐼,Verzamel nog een paar noten om %@ vrij te spelen! 🐼,%@: Enillwch ychydig mwy o dlysau i ddatgloi'r anifail hwn! 🐼,Collect a few more bubbles to unlock %@! 🐼,Verzamel nog een paar bubbels om %@ vrij te spelen! 🐼,Push notification body when a new animal is nearly earned. The argument is the animal's name.,Localizable.xcstrings
notif.animal.body %@,en_nl_changed,da,Danish,Collect a few more nuts to unlock %@! 🐼,Verzamel nog een paar noten om %@ vrij te spelen! 🐼,%@: Tjen et par trofæer mere for at låse dette dyr op! 🐼,Collect a few more bubbles to unlock %@! 🐼,Verzamel nog een paar bubbels om %@ vrij te spelen! 🐼,Push notification body when a new animal is nearly earned. The argument is the animal's name.,Localizable.xcstrings
notif.animal.body %@,en_nl_changed,de,German,Collect a few more nuts to unlock %@! 🐼,Verzamel nog een paar noten om %@ vrij te spelen! 🐼,Sammle noch ein paar Blasen und schalte %@ frei! 🐼,Collect a few more bubbles to unlock %@! 🐼,Verzamel nog een paar bubbels om %@ vrij te spelen! 🐼,Push notification body when a new animal is nearly earned. The argument is the animal's name.,Localizable.xcstrings
notif.animal.body %@,en_nl_changed,el,Greek,Collect a few more nuts to unlock %@! 🐼,Verzamel nog een paar noten om %@ vrij te spelen! 🐼,%@: Κερδίστε μερικά ακόμη τρόπαια για να ξεκλειδώσετε αυτό το ζώο! 🐼,Collect a few more bubbles to unlock %@! 🐼,Verzamel nog een paar bubbels om %@ vrij te spelen! 🐼,Push notification body when a new animal is nearly earned. The argument is the animal's name.,Localizable.xcstrings
notif.animal.body %@,en_nl_changed,es,Spanish,Collect a few more nuts to unlock %@! 🐼,Verzamel nog een paar noten om %@ vrij te spelen! 🐼,¡Consigue unas burbujas más para desbloquear a %@! 🐼,Collect a few more bubbles to unlock %@! 🐼,Verzamel nog een paar bubbels om %@ vrij te spelen! 🐼,Push notification body when a new animal is nearly earned. The argument is the animal's name.,Localizable.xcstrings
notif.animal.body %@,en_nl_changed,et,Estonian,Collect a few more nuts to unlock %@! 🐼,Verzamel nog een paar noten om %@ vrij te spelen! 🐼,%@: Teenige selle looma avamiseks veel mõned trofeed! 🐼,Collect a few more bubbles to unlock %@! 🐼,Verzamel nog een paar bubbels om %@ vrij te spelen! 🐼,Push notification body when a new animal is nearly earned. The argument is the animal's name.,Localizable.xcstrings
notif.animal.body %@,en_nl_changed,eu,Basque,Collect a few more nuts to unlock %@! 🐼,Verzamel nog een paar noten om %@ vrij te spelen! 🐼,%@: Irabazi trofeo batzuk animalia hau desblokeatzeko! 🐼,Collect a few more bubbles to unlock %@! 🐼,Verzamel nog een paar bubbels om %@ vrij te spelen! 🐼,Push notification body when a new animal is nearly earned. The argument is the animal's name.,Localizable.xcstrings
notif.animal.body %@,en_nl_changed,fa,Persian,Collect a few more nuts to unlock %@! 🐼,Verzamel nog een paar noten om %@ vrij te spelen! 🐼,%@: برای باز کردن قفل این حیوان چند تروفی دیگر به دست آورید! 🐼,Collect a few more bubbles to unlock %@! 🐼,Verzamel nog een paar bubbels om %@ vrij te spelen! 🐼,Push notification body when a new animal is nearly earned. The argument is the animal's name.,Localizable.xcstrings
notif.animal.body %@,en_nl_changed,fi,Finnish,Collect a few more nuts to unlock %@! 🐼,Verzamel nog een paar noten om %@ vrij te spelen! 🐼,%@: Ansaitse muutama palkinto lisää avataksesi tämän eläimen! 🐼,Collect a few more bubbles to unlock %@! 🐼,Verzamel nog een paar bubbels om %@ vrij te spelen! 🐼,Push notification body when a new animal is nearly earned. The argument is the animal's name.,Localizable.xcstrings
notif.animal.body %@,en_nl_changed,fo,Faroese,Collect a few more nuts to unlock %@! 🐼,Verzamel nog een paar noten om %@ vrij te spelen! 🐼,%@: Tjen nøkur steyp afturat fyri at læsa hetta djórið upp! 🐼,Collect a few more bubbles to unlock %@! 🐼,Verzamel nog een paar bubbels om %@ vrij te spelen! 🐼,Push notification body when a new animal is nearly earned. The argument is the animal's name.,Localizable.xcstrings
notif.animal.body %@,en_nl_changed,fr,French,Collect a few more nuts to unlock %@! 🐼,Verzamel nog een paar noten om %@ vrij te spelen! 🐼,Ramasse encore quelques bulles pour débloquer %@ ! 🐼,Collect a few more bubbles to unlock %@! 🐼,Verzamel nog een paar bubbels om %@ vrij te spelen! 🐼,Push notification body when a new animal is nearly earned. The argument is the animal's name.,Localizable.xcstrings
notif.animal.body %@,en_nl_changed,ga,Irish,Collect a few more nuts to unlock %@! 🐼,Verzamel nog een paar noten om %@ vrij te spelen! 🐼,%@: Faigh cúpla trófaithe eile chun an t-ainmhí seo a dhíghlasáil! 🐼,Collect a few more bubbles to unlock %@! 🐼,Verzamel nog een paar bubbels om %@ vrij te spelen! 🐼,Push notification body when a new animal is nearly earned. The argument is the animal's name.,Localizable.xcstrings
notif.animal.body %@,en_nl_changed,gl,Galician,Collect a few more nuts to unlock %@! 🐼,Verzamel nog een paar noten om %@ vrij te spelen! 🐼,%@: Gaña algúns trofeos máis para desbloquear este animal! 🐼,Collect a few more bubbles to unlock %@! 🐼,Verzamel nog een paar bubbels om %@ vrij te spelen! 🐼,Push notification body when a new animal is nearly earned. The argument is the animal's name.,Localizable.xcstrings
notif.animal.body %@,en_nl_changed,gu,Gujarati,Collect a few more nuts to unlock %@! 🐼,Verzamel nog een paar noten om %@ vrij te spelen! 🐼,%@: આ પ્રાણીને અનલૉક કરવા માટે થોડી વધુ ટ્રોફી કમાઓ! 🐼,Collect a few more bubbles to unlock %@! 🐼,Verzamel nog een paar bubbels om %@ vrij te spelen! 🐼,Push notification body when a new animal is nearly earned. The argument is the animal's name.,Localizable.xcstrings
notif.animal.body %@,en_nl_changed,he,Hebrew,Collect a few more nuts to unlock %@! 🐼,Verzamel nog een paar noten om %@ vrij te spelen! 🐼,%@: הרוויחו עוד כמה גביעים כדי לפתוח את החיה הזו! 🐼,Collect a few more bubbles to unlock %@! 🐼,Verzamel nog een paar bubbels om %@ vrij te spelen! 🐼,Push notification body when a new animal is nearly earned. The argument is the animal's name.,Localizable.xcstrings
notif.animal.body %@,en_nl_changed,hi,Hindi,Collect a few more nuts to unlock %@! 🐼,Verzamel nog een paar noten om %@ vrij te spelen! 🐼,%@: इस जानवर को अनलॉक करने के लिए कुछ और ट्राफियां अर्जित करें! 🐼,Collect a few more bubbles to unlock %@! 🐼,Verzamel nog een paar bubbels om %@ vrij te spelen! 🐼,Push notification body when a new animal is nearly earned. The argument is the animal's name.,Localizable.xcstrings
notif.animal.body %@,en_nl_changed,hr,Croatian,Collect a few more nuts to unlock %@! 🐼,Verzamel nog een paar noten om %@ vrij te spelen! 🐼,%@: Zaradite još nekoliko trofeja da otključate ovu životinju! 🐼,Collect a few more bubbles to unlock %@! 🐼,Verzamel nog een paar bubbels om %@ vrij te spelen! 🐼,Push notification body when a new animal is nearly earned. The argument is the animal's name.,Localizable.xcstrings
notif.animal.body %@,en_nl_changed,hu,Hungarian,Collect a few more nuts to unlock %@! 🐼,Verzamel nog een paar noten om %@ vrij te spelen! 🐼,"%@: Szerezz még néhány buborék, hogy feloldd ezt az állatot! 🐼",Collect a few more bubbles to unlock %@! 🐼,Verzamel nog een paar bubbels om %@ vrij te spelen! 🐼,Push notification body when a new animal is nearly earned. The argument is the animal's name.,Localizable.xcstrings
notif.animal.body %@,en_nl_changed,hy,Armenian,Collect a few more nuts to unlock %@! 🐼,Verzamel nog een paar noten om %@ vrij te spelen! 🐼,%@: Վաստակեք ևս մի քանի գավաթներ՝ այս կենդանուն բացելու համար: 🐼,Collect a few more bubbles to unlock %@! 🐼,Verzamel nog een paar bubbels om %@ vrij te spelen! 🐼,Push notification body when a new animal is nearly earned. The argument is the animal's name.,Localizable.xcstrings
notif.animal.body %@,en_nl_changed,id,Indonesian,Collect a few more nuts to unlock %@! 🐼,Verzamel nog een paar noten om %@ vrij te spelen! 🐼,%@: Hasilkan beberapa piala lagi untuk membuka kunci hewan ini! 🐼,Collect a few more bubbles to unlock %@! 🐼,Verzamel nog een paar bubbels om %@ vrij te spelen! 🐼,Push notification body when a new animal is nearly earned. The argument is the animal's name.,Localizable.xcstrings
notif.animal.body %@,en_nl_changed,is,Icelandic,Collect a few more nuts to unlock %@! 🐼,Verzamel nog een paar noten om %@ vrij te spelen! 🐼,%@: Fáðu þér nokkra titla í viðbót til að opna þetta dýr! 🐼,Collect a few more bubbles to unlock %@! 🐼,Verzamel nog een paar bubbels om %@ vrij te spelen! 🐼,Push notification body when a new animal is nearly earned. The argument is the animal's name.,Localizable.xcstrings
notif.animal.body %@,en_nl_changed,it,Italian,Collect a few more nuts to unlock %@! 🐼,Verzamel nog een paar noten om %@ vrij te spelen! 🐼,Raccogli ancora qualche bolla per sbloccare %@! 🐼,Collect a few more bubbles to unlock %@! 🐼,Verzamel nog een paar bubbels om %@ vrij te spelen! 🐼,Push notification body when a new animal is nearly earned. The argument is the animal's name.,Localizable.xcstrings
notif.animal.body %@,en_nl_changed,ja,Japanese,Collect a few more nuts to unlock %@! 🐼,Verzamel nog een paar noten om %@ vrij te spelen! 🐼,%@: この動物のロックを解除するには、さらにいくつかのバブルを獲得してください! 🐼,Collect a few more bubbles to unlock %@! 🐼,Verzamel nog een paar bubbels om %@ vrij te spelen! 🐼,Push notification body when a new animal is nearly earned. The argument is the animal's name.,Localizable.xcstrings
notif.animal.body %@,en_nl_changed,ka,Georgian,Collect a few more nuts to unlock %@! 🐼,Verzamel nog een paar noten om %@ vrij te spelen! 🐼,%@: იშოვე კიდევ რამდენიმე ტროფი ამ ცხოველის განბლოკვისთვის! 🐼,Collect a few more bubbles to unlock %@! 🐼,Verzamel nog een paar bubbels om %@ vrij te spelen! 🐼,Push notification body when a new animal is nearly earned. The argument is the animal's name.,Localizable.xcstrings
notif.animal.body %@,en_nl_changed,kk,Kazakh,Collect a few more nuts to unlock %@! 🐼,Verzamel nog een paar noten om %@ vrij te spelen! 🐼,%@: Осы жануардың құлпын ашу үшін тағы бірнеше жүлде ұтып алыңыз! 🐼,Collect a few more bubbles to unlock %@! 🐼,Verzamel nog een paar bubbels om %@ vrij te spelen! 🐼,Push notification body when a new animal is nearly earned. The argument is the animal's name.,Localizable.xcstrings
notif.animal.body %@,en_nl_changed,km,Khmer,Collect a few more nuts to unlock %@! 🐼,Verzamel nog een paar noten om %@ vrij te spelen! 🐼,%@: ទទួលបានពានរង្វាន់ពីរបីទៀតដើម្បីដោះសោសត្វនេះ! 🐼,Collect a few more bubbles to unlock %@! 🐼,Verzamel nog een paar bubbels om %@ vrij te spelen! 🐼,Push notification body when a new animal is nearly earned. The argument is the animal's name.,Localizable.xcstrings
notif.animal.body %@,en_nl_changed,kn,Kannada,Collect a few more nuts to unlock %@! 🐼,Verzamel nog een paar noten om %@ vrij te spelen! 🐼,%@: ಈ ಪ್ರಾಣಿಯನ್ನು ಅನ್‌ಲಾಕ್ ಮಾಡಲು ಇನ್ನೂ ಕೆಲವು ಟ್ರೋಫಿಗಳನ್ನು ಗಳಿಸಿ! 🐼,Collect a few more bubbles to unlock %@! 🐼,Verzamel nog een paar bubbels om %@ vrij te spelen! 🐼,Push notification body when a new animal is nearly earned. The argument is the animal's name.,Localizable.xcstrings
notif.animal.body %@,en_nl_changed,ko,Korean,Collect a few more nuts to unlock %@! 🐼,Verzamel nog een paar noten om %@ vrij te spelen! 🐼,%@: 이 동물의 잠금을 해제하려면 버블을 몇 개 더 획득하세요! 🐼,Collect a few more bubbles to unlock %@! 🐼,Verzamel nog een paar bubbels om %@ vrij te spelen! 🐼,Push notification body when a new animal is nearly earned. The argument is the animal's name.,Localizable.xcstrings
notif.animal.body %@,en_nl_changed,lo,Lao,Collect a few more nuts to unlock %@! 🐼,Verzamel nog een paar noten om %@ vrij te spelen! 🐼,%@: ຮັບຮາງວັນອີກສອງສາມອັນເພື່ອປົດລັອກສັດນີ້! 🐼,Collect a few more bubbles to unlock %@! 🐼,Verzamel nog een paar bubbels om %@ vrij te spelen! 🐼,Push notification body when a new animal is nearly earned. The argument is the animal's name.,Localizable.xcstrings
notif.animal.body %@,en_nl_changed,lt,Lithuanian,Collect a few more nuts to unlock %@! 🐼,Verzamel nog een paar noten om %@ vrij te spelen! 🐼,"%@: Uždirbkite dar kelis trofėjus, kad atrakintumėte šį gyvūną! 🐼",Collect a few more bubbles to unlock %@! 🐼,Verzamel nog een paar bubbels om %@ vrij te spelen! 🐼,Push notification body when a new animal is nearly earned. The argument is the animal's name.,Localizable.xcstrings
notif.animal.body %@,en_nl_changed,lv,Latvian,Collect a few more nuts to unlock %@! 🐼,Verzamel nog een paar noten om %@ vrij te spelen! 🐼,"%@: Nopelniet vēl dažas trofejas, lai atbloķētu šo dzīvnieku! 🐼",Collect a few more bubbles to unlock %@! 🐼,Verzamel nog een paar bubbels om %@ vrij te spelen! 🐼,Push notification body when a new animal is nearly earned. The argument is the animal's name.,Localizable.xcstrings
notif.animal.body %@,en_nl_changed,mk,Macedonian,Collect a few more nuts to unlock %@! 🐼,Verzamel nog een paar noten om %@ vrij te spelen! 🐼,%@: Заработете уште неколку трофеи за да го отклучите ова животно! 🐼,Collect a few more bubbles to unlock %@! 🐼,Verzamel nog een paar bubbels om %@ vrij te spelen! 🐼,Push notification body when a new animal is nearly earned. The argument is the animal's name.,Localizable.xcstrings
notif.animal.body %@,en_nl_changed,ml,Malayalam,Collect a few more nuts to unlock %@! 🐼,Verzamel nog een paar noten om %@ vrij te spelen! 🐼,%@: ഈ മൃഗത്തെ അൺലോക്ക് ചെയ്യാൻ കുറച്ച് ട്രോഫികൾ കൂടി നേടൂ! 🐼,Collect a few more bubbles to unlock %@! 🐼,Verzamel nog een paar bubbels om %@ vrij te spelen! 🐼,Push notification body when a new animal is nearly earned. The argument is the animal's name.,Localizable.xcstrings
notif.animal.body %@,en_nl_changed,mn,Mongolian,Collect a few more nuts to unlock %@! 🐼,Verzamel nog een paar noten om %@ vrij te spelen! 🐼,%@: Энэ амьтны түгжээг тайлахын тулд хэд хэдэн цом цуглуулаарай! 🐼,Collect a few more bubbles to unlock %@! 🐼,Verzamel nog een paar bubbels om %@ vrij te spelen! 🐼,Push notification body when a new animal is nearly earned. The argument is the animal's name.,Localizable.xcstrings
notif.animal.body %@,en_nl_changed,mr,Marathi,Collect a few more nuts to unlock %@! 🐼,Verzamel nog een paar noten om %@ vrij te spelen! 🐼,%@: या प्राण्याला अनलॉक करण्यासाठी आणखी काही ट्रॉफी मिळवा! 🐼,Collect a few more bubbles to unlock %@! 🐼,Verzamel nog een paar bubbels om %@ vrij te spelen! 🐼,Push notification body when a new animal is nearly earned. The argument is the animal's name.,Localizable.xcstrings
notif.animal.body %@,en_nl_changed,ms,Malay,Collect a few more nuts to unlock %@! 🐼,Verzamel nog een paar noten om %@ vrij te spelen! 🐼,%@: Peroleh beberapa lagi trofi untuk membuka kunci haiwan ini! 🐼,Collect a few more bubbles to unlock %@! 🐼,Verzamel nog een paar bubbels om %@ vrij te spelen! 🐼,Push notification body when a new animal is nearly earned. The argument is the animal's name.,Localizable.xcstrings
notif.animal.body %@,en_nl_changed,my,Burmese,Collect a few more nuts to unlock %@! 🐼,Verzamel nog een paar noten om %@ vrij te spelen! 🐼,%@: ဤတိရစ္ဆာန်ကိုသော့ဖွင့်ရန် နောက်ထပ်ဆုဖလားအချို့ကို ရယူလိုက်ပါ။ 🐼,Collect a few more bubbles to unlock %@! 🐼,Verzamel nog een paar bubbels om %@ vrij te spelen! 🐼,Push notification body when a new animal is nearly earned. The argument is the animal's name.,Localizable.xcstrings
notif.animal.body %@,en_nl_changed,nb,Norwegian,Collect a few more nuts to unlock %@! 🐼,Verzamel nog een paar noten om %@ vrij te spelen! 🐼,%@: Tjen noen flere trofeer for å låse opp dette dyret! 🐼,Collect a few more bubbles to unlock %@! 🐼,Verzamel nog een paar bubbels om %@ vrij te spelen! 🐼,Push notification body when a new animal is nearly earned. The argument is the animal's name.,Localizable.xcstrings
notif.animal.body %@,en_nl_changed,ne,Nepali,Collect a few more nuts to unlock %@! 🐼,Verzamel nog een paar noten om %@ vrij te spelen! 🐼,%@: यो जनावर अनलक गर्न केहि थप ट्रफीहरू कमाउनुहोस्! 🐼,Collect a few more bubbles to unlock %@! 🐼,Verzamel nog een paar bubbels om %@ vrij te spelen! 🐼,Push notification body when a new animal is nearly earned. The argument is the animal's name.,Localizable.xcstrings
notif.animal.body %@,en_nl_changed,or,Odia,Collect a few more nuts to unlock %@! 🐼,Verzamel nog een paar noten om %@ vrij te spelen! 🐼,%@: ଏହି ପଶୁକୁ ଖୋଲିବା ପାଇଁ ଆଉ କିଛି ଟ୍ରଫି ରୋଜଗାର କର! 🐼,Collect a few more bubbles to unlock %@! 🐼,Verzamel nog een paar bubbels om %@ vrij te spelen! 🐼,Push notification body when a new animal is nearly earned. The argument is the animal's name.,Localizable.xcstrings
notif.animal.body %@,en_nl_changed,pa,Punjabi,Collect a few more nuts to unlock %@! 🐼,Verzamel nog een paar noten om %@ vrij te spelen! 🐼,%@: ਇਸ ਜਾਨਵਰ ਨੂੰ ਅਨਲੌਕ ਕਰਨ ਲਈ ਕੁਝ ਹੋਰ ਟਰਾਫੀਆਂ ਕਮਾਓ! 🐼,Collect a few more bubbles to unlock %@! 🐼,Verzamel nog een paar bubbels om %@ vrij te spelen! 🐼,Push notification body when a new animal is nearly earned. The argument is the animal's name.,Localizable.xcstrings
notif.animal.body %@,en_nl_changed,pl,Polish,Collect a few more nuts to unlock %@! 🐼,Verzamel nog een paar noten om %@ vrij te spelen! 🐼,"Zbierz jeszcze kilka bąbelków, żeby odblokować %@! 🐼",Collect a few more bubbles to unlock %@! 🐼,Verzamel nog een paar bubbels om %@ vrij te spelen! 🐼,Push notification body when a new animal is nearly earned. The argument is the animal's name.,Localizable.xcstrings
notif.animal.body %@,en_nl_changed,pt,Portuguese,Collect a few more nuts to unlock %@! 🐼,Verzamel nog een paar noten om %@ vrij te spelen! 🐼,Apanha mais umas bolhas para desbloquear %@! 🐼,Collect a few more bubbles to unlock %@! 🐼,Verzamel nog een paar bubbels om %@ vrij te spelen! 🐼,Push notification body when a new animal is nearly earned. The argument is the animal's name.,Localizable.xcstrings
notif.animal.body %@,en_nl_changed,ro,Romanian,Collect a few more nuts to unlock %@! 🐼,Verzamel nog een paar noten om %@ vrij te spelen! 🐼,%@: Câștigă încă câteva trofee pentru a debloca acest animal! 🐼,Collect a few more bubbles to unlock %@! 🐼,Verzamel nog een paar bubbels om %@ vrij te spelen! 🐼,Push notification body when a new animal is nearly earned. The argument is the animal's name.,Localizable.xcstrings
notif.animal.body %@,en_nl_changed,ru,Russian,Collect a few more nuts to unlock %@! 🐼,Verzamel nog een paar noten om %@ vrij te spelen! 🐼,"Собери ещё немного пузырей, чтобы открыть %@! 🐼",Collect a few more bubbles to unlock %@! 🐼,Verzamel nog een paar bubbels om %@ vrij te spelen! 🐼,Push notification body when a new animal is nearly earned. The argument is the animal's name.,Localizable.xcstrings
notif.animal.body %@,en_nl_changed,si,Sinhala,Collect a few more nuts to unlock %@! 🐼,Verzamel nog een paar noten om %@ vrij te spelen! 🐼,%@: මෙම සතා අගුලු හැරීමට තවත් කුසලාන කිහිපයක් උපයන්න! 🐼,Collect a few more bubbles to unlock %@! 🐼,Verzamel nog een paar bubbels om %@ vrij te spelen! 🐼,Push notification body when a new animal is nearly earned. The argument is the animal's name.,Localizable.xcstrings
notif.animal.body %@,en_nl_changed,sk,Slovak,Collect a few more nuts to unlock %@! 🐼,Verzamel nog een paar noten om %@ vrij te spelen! 🐼,%@: Získajte niekoľko ďalších trofejí a odomknite toto zviera! 🐼,Collect a few more bubbles to unlock %@! 🐼,Verzamel nog een paar bubbels om %@ vrij te spelen! 🐼,Push notification body when a new animal is nearly earned. The argument is the animal's name.,Localizable.xcstrings
notif.animal.body %@,en_nl_changed,sl,Slovenian,Collect a few more nuts to unlock %@! 🐼,Verzamel nog een paar noten om %@ vrij te spelen! 🐼,"%@: Zaslužite še nekaj trofej, da odklenete to žival! 🐼",Collect a few more bubbles to unlock %@! 🐼,Verzamel nog een paar bubbels om %@ vrij te spelen! 🐼,Push notification body when a new animal is nearly earned. The argument is the animal's name.,Localizable.xcstrings
notif.animal.body %@,en_nl_changed,sq,Albanian,Collect a few more nuts to unlock %@! 🐼,Verzamel nog een paar noten om %@ vrij te spelen! 🐼,%@: Fitoni disa trofe të tjerë për të zhbllokuar këtë kafshë! 🐼,Collect a few more bubbles to unlock %@! 🐼,Verzamel nog een paar bubbels om %@ vrij te spelen! 🐼,Push notification body when a new animal is nearly earned. The argument is the animal's name.,Localizable.xcstrings
notif.animal.body %@,en_nl_changed,sr,Serbian,Collect a few more nuts to unlock %@! 🐼,Verzamel nog een paar noten om %@ vrij te spelen! 🐼,%@: Зарадите још неколико трофеја да бисте откључали ову животињу! 🐼,Collect a few more bubbles to unlock %@! 🐼,Verzamel nog een paar bubbels om %@ vrij te spelen! 🐼,Push notification body when a new animal is nearly earned. The argument is the animal's name.,Localizable.xcstrings
notif.animal.body %@,en_nl_changed,sv,Swedish,Collect a few more nuts to unlock %@! 🐼,Verzamel nog een paar noten om %@ vrij te spelen! 🐼,%@: Tjäna några fler troféer för att låsa upp detta djur! 🐼,Collect a few more bubbles to unlock %@! 🐼,Verzamel nog een paar bubbels om %@ vrij te spelen! 🐼,Push notification body when a new animal is nearly earned. The argument is the animal's name.,Localizable.xcstrings
notif.animal.body %@,en_nl_changed,sw,Swahili,Collect a few more nuts to unlock %@! 🐼,Verzamel nog een paar noten om %@ vrij te spelen! 🐼,%@: Pata vikombe vichache zaidi ili kumfungulia mnyama huyu! 🐼,Collect a few more bubbles to unlock %@! 🐼,Verzamel nog een paar bubbels om %@ vrij te spelen! 🐼,Push notification body when a new animal is nearly earned. The argument is the animal's name.,Localizable.xcstrings
notif.animal.body %@,en_nl_changed,ta,Tamil,Collect a few more nuts to unlock %@! 🐼,Verzamel nog een paar noten om %@ vrij te spelen! 🐼,%@: இந்த விலங்கைத் திறக்க இன்னும் சில கோப்பைகளைப் பெறுங்கள்! 🐼,Collect a few more bubbles to unlock %@! 🐼,Verzamel nog een paar bubbels om %@ vrij te spelen! 🐼,Push notification body when a new animal is nearly earned. The argument is the animal's name.,Localizable.xcstrings
notif.animal.body %@,en_nl_changed,te,Telugu,Collect a few more nuts to unlock %@! 🐼,Verzamel nog een paar noten om %@ vrij te spelen! 🐼,%@ను తెరవడానికి మరికొన్ని ట్రోఫీలు సంపాదించు! 🐼,Collect a few more bubbles to unlock %@! 🐼,Verzamel nog een paar bubbels om %@ vrij te spelen! 🐼,Push notification body when a new animal is nearly earned. The argument is the animal's name.,Localizable.xcstrings
notif.animal.body %@,en_nl_changed,th,Thai,Collect a few more nuts to unlock %@! 🐼,Verzamel nog een paar noten om %@ vrij te spelen! 🐼,%@: รับฟองสบู่เพิ่มอีกเล็กน้อยเพื่อปลดล็อคสัตว์ตัวนี้! 🐼,Collect a few more bubbles to unlock %@! 🐼,Verzamel nog een paar bubbels om %@ vrij te spelen! 🐼,Push notification body when a new animal is nearly earned. The argument is the animal's name.,Localizable.xcstrings
notif.animal.body %@,en_nl_changed,tr,Turkish,Collect a few more nuts to unlock %@! 🐼,Verzamel nog een paar noten om %@ vrij te spelen! 🐼,%@: Bu hayvanın kilidini açmak için birkaç baloncuk daha kazanın! 🐼,Collect a few more bubbles to unlock %@! 🐼,Verzamel nog een paar bubbels om %@ vrij te spelen! 🐼,Push notification body when a new animal is nearly earned. The argument is the animal's name.,Localizable.xcstrings
notif.animal.body %@,en_nl_changed,ug,Uyghur,Collect a few more nuts to unlock %@! 🐼,Verzamel nog een paar noten om %@ vrij te spelen! 🐼,%@: بۇ ھايۋاننىڭ قۇلۇپىنى ئېچىش ئۈچۈن يەنە بىر نەچچە لوڭقىغا ئېرىشىڭ! 🐼,Collect a few more bubbles to unlock %@! 🐼,Verzamel nog een paar bubbels om %@ vrij te spelen! 🐼,Push notification body when a new animal is nearly earned. The argument is the animal's name.,Localizable.xcstrings
notif.animal.body %@,en_nl_changed,uk,Ukrainian,Collect a few more nuts to unlock %@! 🐼,Verzamel nog een paar noten om %@ vrij te spelen! 🐼,"%@: Заробіть ще кілька трофеїв, щоб розблокувати цю тварину! 🐼",Collect a few more bubbles to unlock %@! 🐼,Verzamel nog een paar bubbels om %@ vrij te spelen! 🐼,Push notification body when a new animal is nearly earned. The argument is the animal's name.,Localizable.xcstrings
notif.animal.body %@,en_nl_changed,ur,Urdu,Collect a few more nuts to unlock %@! 🐼,Verzamel nog een paar noten om %@ vrij te spelen! 🐼,%@: اس جانور کو غیر مقفل کرنے کے لیے کچھ اور ٹرافیاں حاصل کریں! 🐼,Collect a few more bubbles to unlock %@! 🐼,Verzamel nog een paar bubbels om %@ vrij te spelen! 🐼,Push notification body when a new animal is nearly earned. The argument is the animal's name.,Localizable.xcstrings
notif.animal.body %@,en_nl_changed,uz,Uzbek,Collect a few more nuts to unlock %@! 🐼,Verzamel nog een paar noten om %@ vrij te spelen! 🐼,%@: Bu hayvonning qulfini ochish uchun yana bir nechta kuboklarni yutib oling! 🐼,Collect a few more bubbles to unlock %@! 🐼,Verzamel nog een paar bubbels om %@ vrij te spelen! 🐼,Push notification body when a new animal is nearly earned. The argument is the animal's name.,Localizable.xcstrings
notif.animal.body %@,en_nl_changed,vi,Vietnamese,Collect a few more nuts to unlock %@! 🐼,Verzamel nog een paar noten om %@ vrij te spelen! 🐼,%@: Kiếm thêm một vài danh hiệu để mở khóa con vật này! 🐼,Collect a few more bubbles to unlock %@! 🐼,Verzamel nog een paar bubbels om %@ vrij te spelen! 🐼,Push notification body when a new animal is nearly earned. The argument is the animal's name.,Localizable.xcstrings
notif.animal.body %@,en_nl_changed,zh,Chinese,Collect a few more nuts to unlock %@! 🐼,Verzamel nog een paar noten om %@ vrij te spelen! 🐼,%@: 赢得更多泡泡来解锁这只动物！ 🐼,Collect a few more bubbles to unlock %@! 🐼,Verzamel nog een paar bubbels om %@ vrij te spelen! 🐼,Push notification body when a new animal is nearly earned. The argument is the animal's name.,Localizable.xcstrings
notif.animal.body %@,en_nl_changed,zu,Zulu,Collect a few more nuts to unlock %@! 🐼,Verzamel nog een paar noten om %@ vrij te spelen! 🐼,%@: Zuza ezinye izindebe ezimbalwa ukuze uvule lesi silwane! 🐼,Collect a few more bubbles to unlock %@! 🐼,Verzamel nog een paar bubbels om %@ vrij te spelen! 🐼,Push notification body when a new animal is nearly earned. The argument is the animal's name.,Localizable.xcstrings
notif.animal.title %lld,en_nl_changed,af,Afrikaans,one: Only %lld nut to go! 🌰 | other: Only %lld nuts to go! 🌰,one: Nog maar %lld noot te gaan! 🌰 | other: Nog maar %lld noten te gaan! 🌰,one: Slegs %lld trofeë om te gaan! 🏆 | other: Slegs %lld trofeë om te gaan! 🏆,one: Only %lld bubble to go! 🫧 | other: Only %lld bubbles to go! 🫧,one: Nog maar %lld bubbel te gaan! 🫧 | other: Nog maar %lld bubbels te gaan! 🫧,Push notification title when a new animal is nearly earned. The argument is the nuts still needed.,Localizable.xcstrings
notif.animal.title %lld,en_nl_changed,am,Amharic,one: Only %lld nut to go! 🌰 | other: Only %lld nuts to go! 🌰,one: Nog maar %lld noot te gaan! 🌰 | other: Nog maar %lld noten te gaan! 🌰,one: %lld ዋንጫዎች ብቻ ቀርተዋል! 🏆 | other: %lld ዋንጫዎች ብቻ ቀርተዋል! 🏆,one: Only %lld bubble to go! 🫧 | other: Only %lld bubbles to go! 🫧,one: Nog maar %lld bubbel te gaan! 🫧 | other: Nog maar %lld bubbels te gaan! 🫧,Push notification title when a new animal is nearly earned. The argument is the nuts still needed.,Localizable.xcstrings
notif.animal.title %lld,en_nl_changed,ar,Arabic,one: Only %lld nut to go! 🌰 | other: Only %lld nuts to go! 🌰,one: Nog maar %lld noot te gaan! 🌰 | other: Nog maar %lld noten te gaan! 🌰,one: فقط %lld الجوائز للذهاب! 🏆 | other: فقط %lld الجوائز للذهاب! 🏆,one: Only %lld bubble to go! 🫧 | other: Only %lld bubbles to go! 🫧,one: Nog maar %lld bubbel te gaan! 🫧 | other: Nog maar %lld bubbels te gaan! 🫧,Push notification title when a new animal is nearly earned. The argument is the nuts still needed.,Localizable.xcstrings
notif.animal.title %lld,en_nl_changed,as,Assamese,one: Only %lld nut to go! 🌰 | other: Only %lld nuts to go! 🌰,one: Nog maar %lld noot te gaan! 🌰 | other: Nog maar %lld noten te gaan! 🌰,one: মাত্ৰ %lld টা ট্ৰফী বাকী আছে! 🏆 | other: মাত্ৰ %lld টা ট্ৰফী বাকী আছে! 🏆,one: Only %lld bubble to go! 🫧 | other: Only %lld bubbles to go! 🫧,one: Nog maar %lld bubbel te gaan! 🫧 | other: Nog maar %lld bubbels te gaan! 🫧,Push notification title when a new animal is nearly earned. The argument is the nuts still needed.,Localizable.xcstrings
notif.animal.title %lld,en_nl_changed,az,Azerbaijani,one: Only %lld nut to go! 🌰 | other: Only %lld nuts to go! 🌰,one: Nog maar %lld noot te gaan! 🌰 | other: Nog maar %lld noten te gaan! 🌰,one: Yalnız %lld kubok qalıb! 🏆 | other: Yalnız %lld kubok qalıb! 🏆,one: Only %lld bubble to go! 🫧 | other: Only %lld bubbles to go! 🫧,one: Nog maar %lld bubbel te gaan! 🫧 | other: Nog maar %lld bubbels te gaan! 🫧,Push notification title when a new animal is nearly earned. The argument is the nuts still needed.,Localizable.xcstrings
notif.animal.title %lld,en_nl_changed,be,Belarusian,one: Only %lld nut to go! 🌰 | other: Only %lld nuts to go! 🌰,one: Nog maar %lld noot te gaan! 🌰 | other: Nog maar %lld noten te gaan! 🌰,one: Засталося толькі %lld трафеяў! 🏆 | other: Засталося толькі %lld трафеяў! 🏆,one: Only %lld bubble to go! 🫧 | other: Only %lld bubbles to go! 🫧,one: Nog maar %lld bubbel te gaan! 🫧 | other: Nog maar %lld bubbels te gaan! 🫧,Push notification title when a new animal is nearly earned. The argument is the nuts still needed.,Localizable.xcstrings
notif.animal.title %lld,en_nl_changed,bg,Bulgarian,one: Only %lld nut to go! 🌰 | other: Only %lld nuts to go! 🌰,one: Nog maar %lld noot te gaan! 🌰 | other: Nog maar %lld noten te gaan! 🌰,one: Остават само %lld трофея! 🏆 | other: Остават само %lld трофея! 🏆,one: Only %lld bubble to go! 🫧 | other: Only %lld bubbles to go! 🫧,one: Nog maar %lld bubbel te gaan! 🫧 | other: Nog maar %lld bubbels te gaan! 🫧,Push notification title when a new animal is nearly earned. The argument is the nuts still needed.,Localizable.xcstrings
notif.animal.title %lld,en_nl_changed,bn,Bengali,one: Only %lld nut to go! 🌰 | other: Only %lld nuts to go! 🌰,one: Nog maar %lld noot te gaan! 🌰 | other: Nog maar %lld noten te gaan! 🌰,one: আর মাত্র %lldটি ট্রফি! 🏆 | other: আর মাত্র %lldটি ট্রফি! 🏆,one: Only %lld bubble to go! 🫧 | other: Only %lld bubbles to go! 🫧,one: Nog maar %lld bubbel te gaan! 🫧 | other: Nog maar %lld bubbels te gaan! 🫧,Push notification title when a new animal is nearly earned. The argument is the nuts still needed.,Localizable.xcstrings
notif.animal.title %lld,en_nl_changed,bo,Tibetan,one: Only %lld nut to go! 🌰 | other: Only %lld nuts to go! 🌰,one: Nog maar %lld noot te gaan! 🌰 | other: Nog maar %lld noten te gaan! 🌰,one: བྱ་དགའ་%lldལས་མེད་པ་རེད། . 🏆 | other: བྱ་དགའ་%lldལས་མེད་པ་རེད། . 🏆,one: Only %lld bubble to go! 🫧 | other: Only %lld bubbles to go! 🫧,one: Nog maar %lld bubbel te gaan! 🫧 | other: Nog maar %lld bubbels te gaan! 🫧,Push notification title when a new animal is nearly earned. The argument is the nuts still needed.,Localizable.xcstrings
notif.animal.title %lld,en_nl_changed,bs,Bosnian,one: Only %lld nut to go! 🌰 | other: Only %lld nuts to go! 🌰,one: Nog maar %lld noot te gaan! 🌰 | other: Nog maar %lld noten te gaan! 🌰,one: Još samo %lld trofeja! 🏆 | other: Još samo %lld trofeja! 🏆,one: Only %lld bubble to go! 🫧 | other: Only %lld bubbles to go! 🫧,one: Nog maar %lld bubbel te gaan! 🫧 | other: Nog maar %lld bubbels te gaan! 🫧,Push notification title when a new animal is nearly earned. The argument is the nuts still needed.,Localizable.xcstrings
notif.animal.title %lld,en_nl_changed,ca,Catalan,one: Only %lld nut to go! 🌰 | other: Only %lld nuts to go! 🌰,one: Nog maar %lld noot te gaan! 🌰 | other: Nog maar %lld noten te gaan! 🌰,one: Només queden %lld trofeus! 🏆 | other: Només queden %lld trofeus! 🏆,one: Only %lld bubble to go! 🫧 | other: Only %lld bubbles to go! 🫧,one: Nog maar %lld bubbel te gaan! 🫧 | other: Nog maar %lld bubbels te gaan! 🫧,Push notification title when a new animal is nearly earned. The argument is the nuts still needed.,Localizable.xcstrings
notif.animal.title %lld,en_nl_changed,cs,Czech,one: Only %lld nut to go! 🌰 | other: Only %lld nuts to go! 🌰,one: Nog maar %lld noot te gaan! 🌰 | other: Nog maar %lld noten te gaan! 🌰,one: Zbývá už jen %lld trofejí! 🏆 | other: Zbývá už jen %lld trofejí! 🏆,one: Only %lld bubble to go! 🫧 | other: Only %lld bubbles to go! 🫧,one: Nog maar %lld bubbel te gaan! 🫧 | other: Nog maar %lld bubbels te gaan! 🫧,Push notification title when a new animal is nearly earned. The argument is the nuts still needed.,Localizable.xcstrings
notif.animal.title %lld,en_nl_changed,cy,Welsh,one: Only %lld nut to go! 🌰 | other: Only %lld nuts to go! 🌰,one: Nog maar %lld noot te gaan! 🌰 | other: Nog maar %lld noten te gaan! 🌰,one: Dim ond %lld tlws i fynd! 🏆 | other: Dim ond %lld tlws i fynd! 🏆,one: Only %lld bubble to go! 🫧 | other: Only %lld bubbles to go! 🫧,one: Nog maar %lld bubbel te gaan! 🫧 | other: Nog maar %lld bubbels te gaan! 🫧,Push notification title when a new animal is nearly earned. The argument is the nuts still needed.,Localizable.xcstrings
notif.animal.title %lld,en_nl_changed,da,Danish,one: Only %lld nut to go! 🌰 | other: Only %lld nuts to go! 🌰,one: Nog maar %lld noot te gaan! 🌰 | other: Nog maar %lld noten te gaan! 🌰,one: Kun %lld trofæer tilbage! 🏆 | other: Kun %lld trofæer tilbage! 🏆,one: Only %lld bubble to go! 🫧 | other: Only %lld bubbles to go! 🫧,one: Nog maar %lld bubbel te gaan! 🫧 | other: Nog maar %lld bubbels te gaan! 🫧,Push notification title when a new animal is nearly earned. The argument is the nuts still needed.,Localizable.xcstrings
notif.animal.title %lld,en_nl_changed,de,German,one: Only %lld nut to go! 🌰 | other: Only %lld nuts to go! 🌰,one: Nog maar %lld noot te gaan! 🌰 | other: Nog maar %lld noten te gaan! 🌰,one: Nur noch %lld Blase! 🫧 | other: Nur noch %lld Blasen! 🫧,one: Only %lld bubble to go! 🫧 | other: Only %lld bubbles to go! 🫧,one: Nog maar %lld bubbel te gaan! 🫧 | other: Nog maar %lld bubbels te gaan! 🫧,Push notification title when a new animal is nearly earned. The argument is the nuts still needed.,Localizable.xcstrings
notif.animal.title %lld,en_nl_changed,el,Greek,one: Only %lld nut to go! 🌰 | other: Only %lld nuts to go! 🌰,one: Nog maar %lld noot te gaan! 🌰 | other: Nog maar %lld noten te gaan! 🌰,one: Μόνο %lld τρόπαια απομένουν! 🏆 | other: Μόνο %lld τρόπαια απομένουν! 🏆,one: Only %lld bubble to go! 🫧 | other: Only %lld bubbles to go! 🫧,one: Nog maar %lld bubbel te gaan! 🫧 | other: Nog maar %lld bubbels te gaan! 🫧,Push notification title when a new animal is nearly earned. The argument is the nuts still needed.,Localizable.xcstrings
notif.animal.title %lld,en_nl_changed,es,Spanish,one: Only %lld nut to go! 🌰 | other: Only %lld nuts to go! 🌰,one: Nog maar %lld noot te gaan! 🌰 | other: Nog maar %lld noten te gaan! 🌰,one: ¡Solo queda %lld burbuja! 🫧 | other: ¡Solo quedan %lld burbujas! 🫧,one: Only %lld bubble to go! 🫧 | other: Only %lld bubbles to go! 🫧,one: Nog maar %lld bubbel te gaan! 🫧 | other: Nog maar %lld bubbels te gaan! 🫧,Push notification title when a new animal is nearly earned. The argument is the nuts still needed.,Localizable.xcstrings
notif.animal.title %lld,en_nl_changed,et,Estonian,one: Only %lld nut to go! 🌰 | other: Only %lld nuts to go! 🌰,one: Nog maar %lld noot te gaan! 🌰 | other: Nog maar %lld noten te gaan! 🌰,one: Jäänud on vaid %lld karikat! 🏆 | other: Jäänud on vaid %lld karikat! 🏆,one: Only %lld bubble to go! 🫧 | other: Only %lld bubbles to go! 🫧,one: Nog maar %lld bubbel te gaan! 🫧 | other: Nog maar %lld bubbels te gaan! 🫧,Push notification title when a new animal is nearly earned. The argument is the nuts still needed.,Localizable.xcstrings
notif.animal.title %lld,en_nl_changed,eu,Basque,one: Only %lld nut to go! 🌰 | other: Only %lld nuts to go! 🌰,one: Nog maar %lld noot te gaan! 🌰 | other: Nog maar %lld noten te gaan! 🌰,one: %lld trofeo baino ez dira falta! 🏆 | other: %lld trofeo baino ez dira falta! 🏆,one: Only %lld bubble to go! 🫧 | other: Only %lld bubbles to go! 🫧,one: Nog maar %lld bubbel te gaan! 🫧 | other: Nog maar %lld bubbels te gaan! 🫧,Push notification title when a new animal is nearly earned. The argument is the nuts still needed.,Localizable.xcstrings
notif.animal.title %lld,en_nl_changed,fa,Persian,one: Only %lld nut to go! 🌰 | other: Only %lld nuts to go! 🌰,one: Nog maar %lld noot te gaan! 🌰 | other: Nog maar %lld noten te gaan! 🌰,one: فقط %lld جام باقی مانده است! 🏆 | other: فقط %lld جام باقی مانده است! 🏆,one: Only %lld bubble to go! 🫧 | other: Only %lld bubbles to go! 🫧,one: Nog maar %lld bubbel te gaan! 🫧 | other: Nog maar %lld bubbels te gaan! 🫧,Push notification title when a new animal is nearly earned. The argument is the nuts still needed.,Localizable.xcstrings
notif.animal.title %lld,en_nl_changed,fi,Finnish,one: Only %lld nut to go! 🌰 | other: Only %lld nuts to go! 🌰,one: Nog maar %lld noot te gaan! 🌰 | other: Nog maar %lld noten te gaan! 🌰,one: Vain %lld palkintoa jäljellä! 🏆 | other: Vain %lld palkintoa jäljellä! 🏆,one: Only %lld bubble to go! 🫧 | other: Only %lld bubbles to go! 🫧,one: Nog maar %lld bubbel te gaan! 🫧 | other: Nog maar %lld bubbels te gaan! 🫧,Push notification title when a new animal is nearly earned. The argument is the nuts still needed.,Localizable.xcstrings
notif.animal.title %lld,en_nl_changed,fo,Faroese,one: Only %lld nut to go! 🌰 | other: Only %lld nuts to go! 🌰,one: Nog maar %lld noot te gaan! 🌰 | other: Nog maar %lld noten te gaan! 🌰,one: Bert %lld steyp eftir! 🏆 | other: Bert %lld steyp eftir! 🏆,one: Only %lld bubble to go! 🫧 | other: Only %lld bubbles to go! 🫧,one: Nog maar %lld bubbel te gaan! 🫧 | other: Nog maar %lld bubbels te gaan! 🫧,Push notification title when a new animal is nearly earned. The argument is the nuts still needed.,Localizable.xcstrings
notif.animal.title %lld,en_nl_changed,fr,French,one: Only %lld nut to go! 🌰 | other: Only %lld nuts to go! 🌰,one: Nog maar %lld noot te gaan! 🌰 | other: Nog maar %lld noten te gaan! 🌰,one: Plus que %lld bulle ! 🫧 | other: Plus que %lld bulles ! 🫧,one: Only %lld bubble to go! 🫧 | other: Only %lld bubbles to go! 🫧,one: Nog maar %lld bubbel te gaan! 🫧 | other: Nog maar %lld bubbels te gaan! 🫧,Push notification title when a new animal is nearly earned. The argument is the nuts still needed.,Localizable.xcstrings
notif.animal.title %lld,en_nl_changed,ga,Irish,one: Only %lld nut to go! 🌰 | other: Only %lld nuts to go! 🌰,one: Nog maar %lld noot te gaan! 🌰 | other: Nog maar %lld noten te gaan! 🌰,one: Níl ach %lld thrófaí le dul! 🏆 | other: Níl ach %lld thrófaí le dul! 🏆,one: Only %lld bubble to go! 🫧 | other: Only %lld bubbles to go! 🫧,one: Nog maar %lld bubbel te gaan! 🫧 | other: Nog maar %lld bubbels te gaan! 🫧,Push notification title when a new animal is nearly earned. The argument is the nuts still needed.,Localizable.xcstrings
notif.animal.title %lld,en_nl_changed,gl,Galician,one: Only %lld nut to go! 🌰 | other: Only %lld nuts to go! 🌰,one: Nog maar %lld noot te gaan! 🌰 | other: Nog maar %lld noten te gaan! 🌰,one: Só quedan %lld trofeos! 🏆 | other: Só quedan %lld trofeos! 🏆,one: Only %lld bubble to go! 🫧 | other: Only %lld bubbles to go! 🫧,one: Nog maar %lld bubbel te gaan! 🫧 | other: Nog maar %lld bubbels te gaan! 🫧,Push notification title when a new animal is nearly earned. The argument is the nuts still needed.,Localizable.xcstrings
notif.animal.title %lld,en_nl_changed,gu,Gujarati,one: Only %lld nut to go! 🌰 | other: Only %lld nuts to go! 🌰,one: Nog maar %lld noot te gaan! 🌰 | other: Nog maar %lld noten te gaan! 🌰,one: માત્ર %lld ટ્રોફી બાકી છે! 🏆 | other: માત્ર %lld ટ્રોફી બાકી છે! 🏆,one: Only %lld bubble to go! 🫧 | other: Only %lld bubbles to go! 🫧,one: Nog maar %lld bubbel te gaan! 🫧 | other: Nog maar %lld bubbels te gaan! 🫧,Push notification title when a new animal is nearly earned. The argument is the nuts still needed.,Localizable.xcstrings
notif.animal.title %lld,en_nl_changed,he,Hebrew,one: Only %lld nut to go! 🌰 | other: Only %lld nuts to go! 🌰,one: Nog maar %lld noot te gaan! 🌰 | other: Nog maar %lld noten te gaan! 🌰,one: נותרו רק %lld גביעים! 🏆 | other: נותרו רק %lld גביעים! 🏆,one: Only %lld bubble to go! 🫧 | other: Only %lld bubbles to go! 🫧,one: Nog maar %lld bubbel te gaan! 🫧 | other: Nog maar %lld bubbels te gaan! 🫧,Push notification title when a new animal is nearly earned. The argument is the nuts still needed.,Localizable.xcstrings
notif.animal.title %lld,en_nl_changed,hi,Hindi,one: Only %lld nut to go! 🌰 | other: Only %lld nuts to go! 🌰,one: Nog maar %lld noot te gaan! 🌰 | other: Nog maar %lld noten te gaan! 🌰,one: केवल %lld ट्राफियां बाकी हैं! 🏆 | other: केवल %lld ट्राफियां बाकी हैं! 🏆,one: Only %lld bubble to go! 🫧 | other: Only %lld bubbles to go! 🫧,one: Nog maar %lld bubbel te gaan! 🫧 | other: Nog maar %lld bubbels te gaan! 🫧,Push notification title when a new animal is nearly earned. The argument is the nuts still needed.,Localizable.xcstrings
notif.animal.title %lld,en_nl_changed,hr,Croatian,one: Only %lld nut to go! 🌰 | other: Only %lld nuts to go! 🌰,one: Nog maar %lld noot te gaan! 🌰 | other: Nog maar %lld noten te gaan! 🌰,one: Još samo %lld trofeja! 🏆 | other: Još samo %lld trofeja! 🏆,one: Only %lld bubble to go! 🫧 | other: Only %lld bubbles to go! 🫧,one: Nog maar %lld bubbel te gaan! 🫧 | other: Nog maar %lld bubbels te gaan! 🫧,Push notification title when a new animal is nearly earned. The argument is the nuts still needed.,Localizable.xcstrings
notif.animal.title %lld,en_nl_changed,hu,Hungarian,one: Only %lld nut to go! 🌰 | other: Only %lld nuts to go! 🌰,one: Nog maar %lld noot te gaan! 🌰 | other: Nog maar %lld noten te gaan! 🌰,one: Már csak %lld buborék van hátra! 🏆 | other: Már csak %lld buborék van hátra! 🏆,one: Only %lld bubble to go! 🫧 | other: Only %lld bubbles to go! 🫧,one: Nog maar %lld bubbel te gaan! 🫧 | other: Nog maar %lld bubbels te gaan! 🫧,Push notification title when a new animal is nearly earned. The argument is the nuts still needed.,Localizable.xcstrings
notif.animal.title %lld,en_nl_changed,hy,Armenian,one: Only %lld nut to go! 🌰 | other: Only %lld nuts to go! 🌰,one: Nog maar %lld noot te gaan! 🌰 | other: Nog maar %lld noten te gaan! 🌰,one: Մնացել է ընդամենը %lld գավաթ: 🏆 | other: Մնացել է ընդամենը %lld գավաթ: 🏆,one: Only %lld bubble to go! 🫧 | other: Only %lld bubbles to go! 🫧,one: Nog maar %lld bubbel te gaan! 🫧 | other: Nog maar %lld bubbels te gaan! 🫧,Push notification title when a new animal is nearly earned. The argument is the nuts still needed.,Localizable.xcstrings
notif.animal.title %lld,en_nl_changed,id,Indonesian,one: Only %lld nut to go! 🌰 | other: Only %lld nuts to go! 🌰,one: Nog maar %lld noot te gaan! 🌰 | other: Nog maar %lld noten te gaan! 🌰,one: Tinggal %lld trofi lagi! 🏆 | other: Tinggal %lld trofi lagi! 🏆,one: Only %lld bubble to go! 🫧 | other: Only %lld bubbles to go! 🫧,one: Nog maar %lld bubbel te gaan! 🫧 | other: Nog maar %lld bubbels te gaan! 🫧,Push notification title when a new animal is nearly earned. The argument is the nuts still needed.,Localizable.xcstrings
notif.animal.title %lld,en_nl_changed,is,Icelandic,one: Only %lld nut to go! 🌰 | other: Only %lld nuts to go! 🌰,one: Nog maar %lld noot te gaan! 🌰 | other: Nog maar %lld noten te gaan! 🌰,one: Aðeins %lld bikarar eftir! 🏆 | other: Aðeins %lld bikarar eftir! 🏆,one: Only %lld bubble to go! 🫧 | other: Only %lld bubbles to go! 🫧,one: Nog maar %lld bubbel te gaan! 🫧 | other: Nog maar %lld bubbels te gaan! 🫧,Push notification title when a new animal is nearly earned. The argument is the nuts still needed.,Localizable.xcstrings
notif.animal.title %lld,en_nl_changed,it,Italian,one: Only %lld nut to go! 🌰 | other: Only %lld nuts to go! 🌰,one: Nog maar %lld noot te gaan! 🌰 | other: Nog maar %lld noten te gaan! 🌰,one: Manca solo %lld bolla! 🫧 | other: Mancano solo %lld bolle! 🫧,one: Only %lld bubble to go! 🫧 | other: Only %lld bubbles to go! 🫧,one: Nog maar %lld bubbel te gaan! 🫧 | other: Nog maar %lld bubbels te gaan! 🫧,Push notification title when a new animal is nearly earned. The argument is the nuts still needed.,Localizable.xcstrings
notif.animal.title %lld,en_nl_changed,ja,Japanese,one: Only %lld nut to go! 🌰 | other: Only %lld nuts to go! 🌰,one: Nog maar %lld noot te gaan! 🌰 | other: Nog maar %lld noten te gaan! 🌰,one: 残りのバブルはあと %lld つです！ 🏆 | other: 残りのバブルはあと %lld つです！ 🏆,one: Only %lld bubble to go! 🫧 | other: Only %lld bubbles to go! 🫧,one: Nog maar %lld bubbel te gaan! 🫧 | other: Nog maar %lld bubbels te gaan! 🫧,Push notification title when a new animal is nearly earned. The argument is the nuts still needed.,Localizable.xcstrings
notif.animal.title %lld,en_nl_changed,ka,Georgian,one: Only %lld nut to go! 🌰 | other: Only %lld nuts to go! 🌰,one: Nog maar %lld noot te gaan! 🌰 | other: Nog maar %lld noten te gaan! 🌰,one: დარჩენილია მხოლოდ %lld ტიტული! 🏆 | other: დარჩენილია მხოლოდ %lld ტიტული! 🏆,one: Only %lld bubble to go! 🫧 | other: Only %lld bubbles to go! 🫧,one: Nog maar %lld bubbel te gaan! 🫧 | other: Nog maar %lld bubbels te gaan! 🫧,Push notification title when a new animal is nearly earned. The argument is the nuts still needed.,Localizable.xcstrings
notif.animal.title %lld,en_nl_changed,kk,Kazakh,one: Only %lld nut to go! 🌰 | other: Only %lld nuts to go! 🌰,one: Nog maar %lld noot te gaan! 🌰 | other: Nog maar %lld noten te gaan! 🌰,one: Бар болғаны %lld жүлде қалды! 🏆 | other: Бар болғаны %lld жүлде қалды! 🏆,one: Only %lld bubble to go! 🫧 | other: Only %lld bubbles to go! 🫧,one: Nog maar %lld bubbel te gaan! 🫧 | other: Nog maar %lld bubbels te gaan! 🫧,Push notification title when a new animal is nearly earned. The argument is the nuts still needed.,Localizable.xcstrings
notif.animal.title %lld,en_nl_changed,km,Khmer,one: Only %lld nut to go! 🌰 | other: Only %lld nuts to go! 🌰,one: Nog maar %lld noot te gaan! 🌰 | other: Nog maar %lld noten te gaan! 🌰,one: នៅសល់តែ %lld ពានទេ! 🏆 | other: នៅសល់តែ %lld ពានទេ! 🏆,one: Only %lld bubble to go! 🫧 | other: Only %lld bubbles to go! 🫧,one: Nog maar %lld bubbel te gaan! 🫧 | other: Nog maar %lld bubbels te gaan! 🫧,Push notification title when a new animal is nearly earned. The argument is the nuts still needed.,Localizable.xcstrings
notif.animal.title %lld,en_nl_changed,kn,Kannada,one: Only %lld nut to go! 🌰 | other: Only %lld nuts to go! 🌰,one: Nog maar %lld noot te gaan! 🌰 | other: Nog maar %lld noten te gaan! 🌰,one: ಬರಲು ಕೇವಲ %lld ಟ್ರೋಫಿಗಳು! 🏆 | other: ಬರಲು ಕೇವಲ %lld ಟ್ರೋಫಿಗಳು! 🏆,one: Only %lld bubble to go! 🫧 | other: Only %lld bubbles to go! 🫧,one: Nog maar %lld bubbel te gaan! 🫧 | other: Nog maar %lld bubbels te gaan! 🫧,Push notification title when a new animal is nearly earned. The argument is the nuts still needed.,Localizable.xcstrings
notif.animal.title %lld,en_nl_changed,ko,Korean,one: Only %lld nut to go! 🌰 | other: Only %lld nuts to go! 🌰,one: Nog maar %lld noot te gaan! 🌰 | other: Nog maar %lld noten te gaan! 🌰,one: 버블는 %lld개만 남았습니다! 🏆 | other: 버블는 %lld개만 남았습니다! 🏆,one: Only %lld bubble to go! 🫧 | other: Only %lld bubbles to go! 🫧,one: Nog maar %lld bubbel te gaan! 🫧 | other: Nog maar %lld bubbels te gaan! 🫧,Push notification title when a new animal is nearly earned. The argument is the nuts still needed.,Localizable.xcstrings
notif.animal.title %lld,en_nl_changed,lo,Lao,one: Only %lld nut to go! 🌰 | other: Only %lld nuts to go! 🌰,one: Nog maar %lld noot te gaan! 🌰 | other: Nog maar %lld noten te gaan! 🌰,one: ເຫຼືອພຽງ %lld ລາງວັນເທົ່ານັ້ນ! 🏆 | other: ເຫຼືອພຽງ %lld ລາງວັນເທົ່ານັ້ນ! 🏆,one: Only %lld bubble to go! 🫧 | other: Only %lld bubbles to go! 🫧,one: Nog maar %lld bubbel te gaan! 🫧 | other: Nog maar %lld bubbels te gaan! 🫧,Push notification title when a new animal is nearly earned. The argument is the nuts still needed.,Localizable.xcstrings
notif.animal.title %lld,en_nl_changed,lt,Lithuanian,one: Only %lld nut to go! 🌰 | other: Only %lld nuts to go! 🌰,one: Nog maar %lld noot te gaan! 🌰 | other: Nog maar %lld noten te gaan! 🌰,one: Liko tik %lld trofėjai! 🏆 | other: Liko tik %lld trofėjai! 🏆,one: Only %lld bubble to go! 🫧 | other: Only %lld bubbles to go! 🫧,one: Nog maar %lld bubbel te gaan! 🫧 | other: Nog maar %lld bubbels te gaan! 🫧,Push notification title when a new animal is nearly earned. The argument is the nuts still needed.,Localizable.xcstrings
notif.animal.title %lld,en_nl_changed,lv,Latvian,one: Only %lld nut to go! 🌰 | other: Only %lld nuts to go! 🌰,one: Nog maar %lld noot te gaan! 🌰 | other: Nog maar %lld noten te gaan! 🌰,one: Vēl tikai %lld trofejas! 🏆 | other: Vēl tikai %lld trofejas! 🏆,one: Only %lld bubble to go! 🫧 | other: Only %lld bubbles to go! 🫧,one: Nog maar %lld bubbel te gaan! 🫧 | other: Nog maar %lld bubbels te gaan! 🫧,Push notification title when a new animal is nearly earned. The argument is the nuts still needed.,Localizable.xcstrings
notif.animal.title %lld,en_nl_changed,mk,Macedonian,one: Only %lld nut to go! 🌰 | other: Only %lld nuts to go! 🌰,one: Nog maar %lld noot te gaan! 🌰 | other: Nog maar %lld noten te gaan! 🌰,one: Уште само %lld трофеи! 🏆 | other: Уште само %lld трофеи! 🏆,one: Only %lld bubble to go! 🫧 | other: Only %lld bubbles to go! 🫧,one: Nog maar %lld bubbel te gaan! 🫧 | other: Nog maar %lld bubbels te gaan! 🫧,Push notification title when a new animal is nearly earned. The argument is the nuts still needed.,Localizable.xcstrings
notif.animal.title %lld,en_nl_changed,ml,Malayalam,one: Only %lld nut to go! 🌰 | other: Only %lld nuts to go! 🌰,one: Nog maar %lld noot te gaan! 🌰 | other: Nog maar %lld noten te gaan! 🌰,one: ഇനി %lld ട്രോഫികൾ മാത്രം! 🏆 | other: ഇനി %lld ട്രോഫികൾ മാത്രം! 🏆,one: Only %lld bubble to go! 🫧 | other: Only %lld bubbles to go! 🫧,one: Nog maar %lld bubbel te gaan! 🫧 | other: Nog maar %lld bubbels te gaan! 🫧,Push notification title when a new animal is nearly earned. The argument is the nuts still needed.,Localizable.xcstrings
notif.animal.title %lld,en_nl_changed,mn,Mongolian,one: Only %lld nut to go! 🌰 | other: Only %lld nuts to go! 🌰,one: Nog maar %lld noot te gaan! 🌰 | other: Nog maar %lld noten te gaan! 🌰,one: Зөвхөн %lld цом үлдлээ! 🏆 | other: Зөвхөн %lld цом үлдлээ! 🏆,one: Only %lld bubble to go! 🫧 | other: Only %lld bubbles to go! 🫧,one: Nog maar %lld bubbel te gaan! 🫧 | other: Nog maar %lld bubbels te gaan! 🫧,Push notification title when a new animal is nearly earned. The argument is the nuts still needed.,Localizable.xcstrings
notif.animal.title %lld,en_nl_changed,mr,Marathi,one: Only %lld nut to go! 🌰 | other: Only %lld nuts to go! 🌰,one: Nog maar %lld noot te gaan! 🌰 | other: Nog maar %lld noten te gaan! 🌰,one: फक्त %lld ट्रॉफी बाकी आहेत! 🏆 | other: फक्त %lld ट्रॉफी बाकी आहेत! 🏆,one: Only %lld bubble to go! 🫧 | other: Only %lld bubbles to go! 🫧,one: Nog maar %lld bubbel te gaan! 🫧 | other: Nog maar %lld bubbels te gaan! 🫧,Push notification title when a new animal is nearly earned. The argument is the nuts still needed.,Localizable.xcstrings
notif.animal.title %lld,en_nl_changed,ms,Malay,one: Only %lld nut to go! 🌰 | other: Only %lld nuts to go! 🌰,one: Nog maar %lld noot te gaan! 🌰 | other: Nog maar %lld noten te gaan! 🌰,one: Hanya tinggal %lld trofi lagi! 🏆 | other: Hanya tinggal %lld trofi lagi! 🏆,one: Only %lld bubble to go! 🫧 | other: Only %lld bubbles to go! 🫧,one: Nog maar %lld bubbel te gaan! 🫧 | other: Nog maar %lld bubbels te gaan! 🫧,Push notification title when a new animal is nearly earned. The argument is the nuts still needed.,Localizable.xcstrings
notif.animal.title %lld,en_nl_changed,my,Burmese,one: Only %lld nut to go! 🌰 | other: Only %lld nuts to go! 🌰,one: Nog maar %lld noot te gaan! 🌰 | other: Nog maar %lld noten te gaan! 🌰,one: ဆုဖလား %lld ခုပဲကျန်တော့တယ်။ 🏆 | other: ဆုဖလား %lld ခုပဲကျန်တော့တယ်။ 🏆,one: Only %lld bubble to go! 🫧 | other: Only %lld bubbles to go! 🫧,one: Nog maar %lld bubbel te gaan! 🫧 | other: Nog maar %lld bubbels te gaan! 🫧,Push notification title when a new animal is nearly earned. The argument is the nuts still needed.,Localizable.xcstrings
notif.animal.title %lld,en_nl_changed,nb,Norwegian,one: Only %lld nut to go! 🌰 | other: Only %lld nuts to go! 🌰,one: Nog maar %lld noot te gaan! 🌰 | other: Nog maar %lld noten te gaan! 🌰,one: Kun %lld trofeer igjen! 🏆 | other: Kun %lld trofeer igjen! 🏆,one: Only %lld bubble to go! 🫧 | other: Only %lld bubbles to go! 🫧,one: Nog maar %lld bubbel te gaan! 🫧 | other: Nog maar %lld bubbels te gaan! 🫧,Push notification title when a new animal is nearly earned. The argument is the nuts still needed.,Localizable.xcstrings
notif.animal.title %lld,en_nl_changed,ne,Nepali,one: Only %lld nut to go! 🌰 | other: Only %lld nuts to go! 🌰,one: Nog maar %lld noot te gaan! 🌰 | other: Nog maar %lld noten te gaan! 🌰,one: केवल %lld ट्रफीहरू जान बाँकी! 🏆 | other: केवल %lld ट्रफीहरू जान बाँकी! 🏆,one: Only %lld bubble to go! 🫧 | other: Only %lld bubbles to go! 🫧,one: Nog maar %lld bubbel te gaan! 🫧 | other: Nog maar %lld bubbels te gaan! 🫧,Push notification title when a new animal is nearly earned. The argument is the nuts still needed.,Localizable.xcstrings
notif.animal.title %lld,en_nl_changed,or,Odia,one: Only %lld nut to go! 🌰 | other: Only %lld nuts to go! 🌰,one: Nog maar %lld noot te gaan! 🌰 | other: Nog maar %lld noten te gaan! 🌰,one: ଯିବାକୁ କେବଳ %lld ଟ୍ରଫି! 🏆 | other: ଯିବାକୁ କେବଳ %lld ଟ୍ରଫି! 🏆,one: Only %lld bubble to go! 🫧 | other: Only %lld bubbles to go! 🫧,one: Nog maar %lld bubbel te gaan! 🫧 | other: Nog maar %lld bubbels te gaan! 🫧,Push notification title when a new animal is nearly earned. The argument is the nuts still needed.,Localizable.xcstrings
notif.animal.title %lld,en_nl_changed,pa,Punjabi,one: Only %lld nut to go! 🌰 | other: Only %lld nuts to go! 🌰,one: Nog maar %lld noot te gaan! 🌰 | other: Nog maar %lld noten te gaan! 🌰,one: ਸਿਰਫ਼ %lld ਟਰਾਫ਼ੀਆਂ ਬਾਕੀ ਹਨ! 🏆 | other: ਸਿਰਫ਼ %lld ਟਰਾਫ਼ੀਆਂ ਬਾਕੀ ਹਨ! 🏆,one: Only %lld bubble to go! 🫧 | other: Only %lld bubbles to go! 🫧,one: Nog maar %lld bubbel te gaan! 🫧 | other: Nog maar %lld bubbels te gaan! 🫧,Push notification title when a new animal is nearly earned. The argument is the nuts still needed.,Localizable.xcstrings
notif.animal.title %lld,en_nl_changed,pl,Polish,one: Only %lld nut to go! 🌰 | other: Only %lld nuts to go! 🌰,one: Nog maar %lld noot te gaan! 🌰 | other: Nog maar %lld noten te gaan! 🌰,one: Został %lld bąbelek! 🫧 | few: Zostały %lld bąbelki! 🫧 | many: Zostało %lld bąbelków! 🫧 | other: Zostało %lld bąbelka! 🫧,one: Only %lld bubble to go! 🫧 | other: Only %lld bubbles to go! 🫧,one: Nog maar %lld bubbel te gaan! 🫧 | other: Nog maar %lld bubbels te gaan! 🫧,Push notification title when a new animal is nearly earned. The argument is the nuts still needed.,Localizable.xcstrings
notif.animal.title %lld,en_nl_changed,pt,Portuguese,one: Only %lld nut to go! 🌰 | other: Only %lld nuts to go! 🌰,one: Nog maar %lld noot te gaan! 🌰 | other: Nog maar %lld noten te gaan! 🌰,one: Falta só %lld bolha! 🫧 | other: Faltam só %lld bolhas! 🫧,one: Only %lld bubble to go! 🫧 | other: Only %lld bubbles to go! 🫧,one: Nog maar %lld bubbel te gaan! 🫧 | other: Nog maar %lld bubbels te gaan! 🫧,Push notification title when a new animal is nearly earned. The argument is the nuts still needed.,Localizable.xcstrings
notif.animal.title %lld,en_nl_changed,ro,Romanian,one: Only %lld nut to go! 🌰 | other: Only %lld nuts to go! 🌰,one: Nog maar %lld noot te gaan! 🌰 | other: Nog maar %lld noten te gaan! 🌰,one: Mai sunt doar %lld trofee! 🏆 | other: Mai sunt doar %lld trofee! 🏆,one: Only %lld bubble to go! 🫧 | other: Only %lld bubbles to go! 🫧,one: Nog maar %lld bubbel te gaan! 🫧 | other: Nog maar %lld bubbels te gaan! 🫧,Push notification title when a new animal is nearly earned. The argument is the nuts still needed.,Localizable.xcstrings
notif.animal.title %lld,en_nl_changed,ru,Russian,one: Only %lld nut to go! 🌰 | other: Only %lld nuts to go! 🌰,one: Nog maar %lld noot te gaan! 🌰 | other: Nog maar %lld noten te gaan! 🌰,one: Остался %lld пузырь! 🫧 | few: Осталось %lld пузыря! 🫧 | many: Осталось %lld пузырей! 🫧 | other: Осталось %lld пузыря! 🫧,one: Only %lld bubble to go! 🫧 | other: Only %lld bubbles to go! 🫧,one: Nog maar %lld bubbel te gaan! 🫧 | other: Nog maar %lld bubbels te gaan! 🫧,Push notification title when a new animal is nearly earned. The argument is the nuts still needed.,Localizable.xcstrings
notif.animal.title %lld,en_nl_changed,si,Sinhala,one: Only %lld nut to go! 🌰 | other: Only %lld nuts to go! 🌰,one: Nog maar %lld noot te gaan! 🌰 | other: Nog maar %lld noten te gaan! 🌰,one: යාමට ඇත්තේ කුසලාන %lldක් පමණි! 🏆 | other: යාමට ඇත්තේ කුසලාන %lldක් පමණි! 🏆,one: Only %lld bubble to go! 🫧 | other: Only %lld bubbles to go! 🫧,one: Nog maar %lld bubbel te gaan! 🫧 | other: Nog maar %lld bubbels te gaan! 🫧,Push notification title when a new animal is nearly earned. The argument is the nuts still needed.,Localizable.xcstrings
notif.animal.title %lld,en_nl_changed,sk,Slovak,one: Only %lld nut to go! 🌰 | other: Only %lld nuts to go! 🌰,one: Nog maar %lld noot te gaan! 🌰 | other: Nog maar %lld noten te gaan! 🌰,one: Už len %lld trofejí! 🏆 | other: Už len %lld trofejí! 🏆,one: Only %lld bubble to go! 🫧 | other: Only %lld bubbles to go! 🫧,one: Nog maar %lld bubbel te gaan! 🫧 | other: Nog maar %lld bubbels te gaan! 🫧,Push notification title when a new animal is nearly earned. The argument is the nuts still needed.,Localizable.xcstrings
notif.animal.title %lld,en_nl_changed,sl,Slovenian,one: Only %lld nut to go! 🌰 | other: Only %lld nuts to go! 🌰,one: Nog maar %lld noot te gaan! 🌰 | other: Nog maar %lld noten te gaan! 🌰,one: Samo še %lld trofej! 🏆 | other: Samo še %lld trofej! 🏆,one: Only %lld bubble to go! 🫧 | other: Only %lld bubbles to go! 🫧,one: Nog maar %lld bubbel te gaan! 🫧 | other: Nog maar %lld bubbels te gaan! 🫧,Push notification title when a new animal is nearly earned. The argument is the nuts still needed.,Localizable.xcstrings
notif.animal.title %lld,en_nl_changed,sq,Albanian,one: Only %lld nut to go! 🌰 | other: Only %lld nuts to go! 🌰,one: Nog maar %lld noot te gaan! 🌰 | other: Nog maar %lld noten te gaan! 🌰,one: Kanë mbetur vetëm %lld trofe! 🏆 | other: Kanë mbetur vetëm %lld trofe! 🏆,one: Only %lld bubble to go! 🫧 | other: Only %lld bubbles to go! 🫧,one: Nog maar %lld bubbel te gaan! 🫧 | other: Nog maar %lld bubbels te gaan! 🫧,Push notification title when a new animal is nearly earned. The argument is the nuts still needed.,Localizable.xcstrings
notif.animal.title %lld,en_nl_changed,sr,Serbian,one: Only %lld nut to go! 🌰 | other: Only %lld nuts to go! 🌰,one: Nog maar %lld noot te gaan! 🌰 | other: Nog maar %lld noten te gaan! 🌰,one: Још само %lld трофеја! 🏆 | other: Још само %lld трофеја! 🏆,one: Only %lld bubble to go! 🫧 | other: Only %lld bubbles to go! 🫧,one: Nog maar %lld bubbel te gaan! 🫧 | other: Nog maar %lld bubbels te gaan! 🫧,Push notification title when a new animal is nearly earned. The argument is the nuts still needed.,Localizable.xcstrings
notif.animal.title %lld,en_nl_changed,sv,Swedish,one: Only %lld nut to go! 🌰 | other: Only %lld nuts to go! 🌰,one: Nog maar %lld noot te gaan! 🌰 | other: Nog maar %lld noten te gaan! 🌰,one: Bara %lld troféer kvar! 🏆 | other: Bara %lld troféer kvar! 🏆,one: Only %lld bubble to go! 🫧 | other: Only %lld bubbles to go! 🫧,one: Nog maar %lld bubbel te gaan! 🫧 | other: Nog maar %lld bubbels te gaan! 🫧,Push notification title when a new animal is nearly earned. The argument is the nuts still needed.,Localizable.xcstrings
notif.animal.title %lld,en_nl_changed,sw,Swahili,one: Only %lld nut to go! 🌰 | other: Only %lld nuts to go! 🌰,one: Nog maar %lld noot te gaan! 🌰 | other: Nog maar %lld noten te gaan! 🌰,one: Zimesalia kutwaa taji %lld tu! 🏆 | other: Zimesalia kutwaa taji %lld tu! 🏆,one: Only %lld bubble to go! 🫧 | other: Only %lld bubbles to go! 🫧,one: Nog maar %lld bubbel te gaan! 🫧 | other: Nog maar %lld bubbels te gaan! 🫧,Push notification title when a new animal is nearly earned. The argument is the nuts still needed.,Localizable.xcstrings
notif.animal.title %lld,en_nl_changed,ta,Tamil,one: Only %lld nut to go! 🌰 | other: Only %lld nuts to go! 🌰,one: Nog maar %lld noot te gaan! 🌰 | other: Nog maar %lld noten te gaan! 🌰,one: இன்னும் %lld கோப்பைகள் மட்டுமே! 🏆 | other: இன்னும் %lld கோப்பைகள் மட்டுமே! 🏆,one: Only %lld bubble to go! 🫧 | other: Only %lld bubbles to go! 🫧,one: Nog maar %lld bubbel te gaan! 🫧 | other: Nog maar %lld bubbels te gaan! 🫧,Push notification title when a new animal is nearly earned. The argument is the nuts still needed.,Localizable.xcstrings
notif.animal.title %lld,en_nl_changed,te,Telugu,one: Only %lld nut to go! 🌰 | other: Only %lld nuts to go! 🌰,one: Nog maar %lld noot te gaan! 🌰 | other: Nog maar %lld noten te gaan! 🌰,one: ఇంకా %lld ట్రోఫీలు మాత్రమే! 🏆 | other: ఇంకా %lld ట్రోఫీలు మాత్రమే! 🏆,one: Only %lld bubble to go! 🫧 | other: Only %lld bubbles to go! 🫧,one: Nog maar %lld bubbel te gaan! 🫧 | other: Nog maar %lld bubbels te gaan! 🫧,Push notification title when a new animal is nearly earned. The argument is the nuts still needed.,Localizable.xcstrings
notif.animal.title %lld,en_nl_changed,th,Thai,one: Only %lld nut to go! 🌰 | other: Only %lld nuts to go! 🌰,one: Nog maar %lld noot te gaan! 🌰 | other: Nog maar %lld noten te gaan! 🌰,one: เหลือเพียง %lld ฟองสบู่! 🏆 | other: เหลือเพียง %lld ฟองสบู่! 🏆,one: Only %lld bubble to go! 🫧 | other: Only %lld bubbles to go! 🫧,one: Nog maar %lld bubbel te gaan! 🫧 | other: Nog maar %lld bubbels te gaan! 🫧,Push notification title when a new animal is nearly earned. The argument is the nuts still needed.,Localizable.xcstrings
notif.animal.title %lld,en_nl_changed,tr,Turkish,one: Only %lld nut to go! 🌰 | other: Only %lld nuts to go! 🌰,one: Nog maar %lld noot te gaan! 🌰 | other: Nog maar %lld noten te gaan! 🌰,one: Geriye yalnızca %lld baloncuk kaldı! 🏆 | other: Geriye yalnızca %lld baloncuk kaldı! 🏆,one: Only %lld bubble to go! 🫧 | other: Only %lld bubbles to go! 🫧,one: Nog maar %lld bubbel te gaan! 🫧 | other: Nog maar %lld bubbels te gaan! 🫧,Push notification title when a new animal is nearly earned. The argument is the nuts still needed.,Localizable.xcstrings
notif.animal.title %lld,en_nl_changed,ug,Uyghur,one: Only %lld nut to go! 🌰 | other: Only %lld nuts to go! 🌰,one: Nog maar %lld noot te gaan! 🌰 | other: Nog maar %lld noten te gaan! 🌰,one: پەقەت %lld لوڭقا! 🏆 | other: پەقەت %lld لوڭقا! 🏆,one: Only %lld bubble to go! 🫧 | other: Only %lld bubbles to go! 🫧,one: Nog maar %lld bubbel te gaan! 🫧 | other: Nog maar %lld bubbels te gaan! 🫧,Push notification title when a new animal is nearly earned. The argument is the nuts still needed.,Localizable.xcstrings
notif.animal.title %lld,en_nl_changed,uk,Ukrainian,one: Only %lld nut to go! 🌰 | other: Only %lld nuts to go! 🌰,one: Nog maar %lld noot te gaan! 🌰 | other: Nog maar %lld noten te gaan! 🌰,one: Залишилося лише %lld трофеїв! 🏆 | other: Залишилося лише %lld трофеїв! 🏆,one: Only %lld bubble to go! 🫧 | other: Only %lld bubbles to go! 🫧,one: Nog maar %lld bubbel te gaan! 🫧 | other: Nog maar %lld bubbels te gaan! 🫧,Push notification title when a new animal is nearly earned. The argument is the nuts still needed.,Localizable.xcstrings
notif.animal.title %lld,en_nl_changed,ur,Urdu,one: Only %lld nut to go! 🌰 | other: Only %lld nuts to go! 🌰,one: Nog maar %lld noot te gaan! 🌰 | other: Nog maar %lld noten te gaan! 🌰,one: صرف %lld ٹرافیاں باقی ہیں! 🏆 | other: صرف %lld ٹرافیاں باقی ہیں! 🏆,one: Only %lld bubble to go! 🫧 | other: Only %lld bubbles to go! 🫧,one: Nog maar %lld bubbel te gaan! 🫧 | other: Nog maar %lld bubbels te gaan! 🫧,Push notification title when a new animal is nearly earned. The argument is the nuts still needed.,Localizable.xcstrings
notif.animal.title %lld,en_nl_changed,uz,Uzbek,one: Only %lld nut to go! 🌰 | other: Only %lld nuts to go! 🌰,one: Nog maar %lld noot te gaan! 🌰 | other: Nog maar %lld noten te gaan! 🌰,one: Oldinda atigi %lld ta kubok bor! 🏆 | other: Oldinda atigi %lld ta kubok bor! 🏆,one: Only %lld bubble to go! 🫧 | other: Only %lld bubbles to go! 🫧,one: Nog maar %lld bubbel te gaan! 🫧 | other: Nog maar %lld bubbels te gaan! 🫧,Push notification title when a new animal is nearly earned. The argument is the nuts still needed.,Localizable.xcstrings
notif.animal.title %lld,en_nl_changed,vi,Vietnamese,one: Only %lld nut to go! 🌰 | other: Only %lld nuts to go! 🌰,one: Nog maar %lld noot te gaan! 🌰 | other: Nog maar %lld noten te gaan! 🌰,one: Chỉ còn %lld cúp! 🏆 | other: Chỉ còn %lld cúp! 🏆,one: Only %lld bubble to go! 🫧 | other: Only %lld bubbles to go! 🫧,one: Nog maar %lld bubbel te gaan! 🫧 | other: Nog maar %lld bubbels te gaan! 🫧,Push notification title when a new animal is nearly earned. The argument is the nuts still needed.,Localizable.xcstrings
notif.animal.title %lld,en_nl_changed,zh,Chinese,one: Only %lld nut to go! 🌰 | other: Only %lld nuts to go! 🌰,one: Nog maar %lld noot te gaan! 🌰 | other: Nog maar %lld noten te gaan! 🌰,one: 只剩下%lld座泡泡了！ 🏆 | other: 只剩下%lld座泡泡了！ 🏆,one: Only %lld bubble to go! 🫧 | other: Only %lld bubbles to go! 🫧,one: Nog maar %lld bubbel te gaan! 🫧 | other: Nog maar %lld bubbels te gaan! 🫧,Push notification title when a new animal is nearly earned. The argument is the nuts still needed.,Localizable.xcstrings
notif.animal.title %lld,en_nl_changed,zu,Zulu,one: Only %lld nut to go! 🌰 | other: Only %lld nuts to go! 🌰,one: Nog maar %lld noot te gaan! 🌰 | other: Nog maar %lld noten te gaan! 🌰,one: Kusele izindebe ezi-%lld kuphela! 🏆 | other: Kusele izindebe ezi-%lld kuphela! 🏆,one: Only %lld bubble to go! 🫧 | other: Only %lld bubbles to go! 🫧,one: Nog maar %lld bubbel te gaan! 🫧 | other: Nog maar %lld bubbels te gaan! 🫧,Push notification title when a new animal is nearly earned. The argument is the nuts still needed.,Localizable.xcstrings
notif.cards.title %lld,en_nl_changed,af,Afrikaans,one: %lld nut collected! 🌰 | other: %lld nuts collected! 🌰,one: %lld noot verzameld! 🌰 | other: %lld noten verzameld! 🌰,one: %lld borrel versamel! 🫧 | other: %lld borrel versamel! 🫧,one: %lld bubble collected! 🫧 | other: %lld bubbles collected! 🫧,one: %lld bubbel verzameld! 🫧 | other: %lld bubbels verzameld! 🫧,Push notification title celebrating a nut milestone. The argument is the player's total.,Localizable.xcstrings
notif.cards.title %lld,en_nl_changed,am,Amharic,one: %lld nut collected! 🌰 | other: %lld nuts collected! 🌰,one: %lld noot verzameld! 🌰 | other: %lld noten verzameld! 🌰,one: %lld አረፋ ሰበሰብክ! 🫧 | other: %lld አረፋ ሰበሰብክ! 🫧,one: %lld bubble collected! 🫧 | other: %lld bubbles collected! 🫧,one: %lld bubbel verzameld! 🫧 | other: %lld bubbels verzameld! 🫧,Push notification title celebrating a nut milestone. The argument is the player's total.,Localizable.xcstrings
notif.cards.title %lld,en_nl_changed,ar,Arabic,one: %lld nut collected! 🌰 | other: %lld nuts collected! 🌰,one: %lld noot verzameld! 🌰 | other: %lld noten verzameld! 🌰,one: جمعت %lld فقاعة! 🫧 | other: جمعت %lld فقاعة! 🫧,one: %lld bubble collected! 🫧 | other: %lld bubbles collected! 🫧,one: %lld bubbel verzameld! 🫧 | other: %lld bubbels verzameld! 🫧,Push notification title celebrating a nut milestone. The argument is the player's total.,Localizable.xcstrings
notif.cards.title %lld,en_nl_changed,as,Assamese,one: %lld nut collected! 🌰 | other: %lld nuts collected! 🌰,one: %lld noot verzameld! 🌰 | other: %lld noten verzameld! 🌰,one: %lld বুদবুদ গোটোৱা হ’ল! 🫧 | other: %lld বুদবুদ গোটোৱা হ’ল! 🫧,one: %lld bubble collected! 🫧 | other: %lld bubbles collected! 🫧,one: %lld bubbel verzameld! 🫧 | other: %lld bubbels verzameld! 🫧,Push notification title celebrating a nut milestone. The argument is the player's total.,Localizable.xcstrings
notif.cards.title %lld,en_nl_changed,az,Azerbaijani,one: %lld nut collected! 🌰 | other: %lld nuts collected! 🌰,one: %lld noot verzameld! 🌰 | other: %lld noten verzameld! 🌰,one: %lld baloncuk toplandı! 🫧 | other: %lld baloncuk toplandı! 🫧,one: %lld bubble collected! 🫧 | other: %lld bubbles collected! 🫧,one: %lld bubbel verzameld! 🫧 | other: %lld bubbels verzameld! 🫧,Push notification title celebrating a nut milestone. The argument is the player's total.,Localizable.xcstrings
notif.cards.title %lld,en_nl_changed,be,Belarusian,one: %lld nut collected! 🌰 | other: %lld nuts collected! 🌰,one: %lld noot verzameld! 🌰 | other: %lld noten verzameld! 🌰,one: Сабрана %lld бурбалка! 🫧 | other: Сабрана %lld бурбалка! 🫧,one: %lld bubble collected! 🫧 | other: %lld bubbles collected! 🫧,one: %lld bubbel verzameld! 🫧 | other: %lld bubbels verzameld! 🫧,Push notification title celebrating a nut milestone. The argument is the player's total.,Localizable.xcstrings
notif.cards.title %lld,en_nl_changed,bg,Bulgarian,one: %lld nut collected! 🌰 | other: %lld nuts collected! 🌰,one: %lld noot verzameld! 🌰 | other: %lld noten verzameld! 🌰,one: %lld балон събран! 🫧 | other: %lld балон събран! 🫧,one: %lld bubble collected! 🫧 | other: %lld bubbles collected! 🫧,one: %lld bubbel verzameld! 🫧 | other: %lld bubbels verzameld! 🫧,Push notification title celebrating a nut milestone. The argument is the player's total.,Localizable.xcstrings
notif.cards.title %lld,en_nl_changed,bn,Bengali,one: %lld nut collected! 🌰 | other: %lld nuts collected! 🌰,one: %lld noot verzameld! 🌰 | other: %lld noten verzameld! 🌰,one: %lldটি বাবল সংগ্রহ! 🫧 | other: %lldটি বাবল সংগ্রহ! 🫧,one: %lld bubble collected! 🫧 | other: %lld bubbles collected! 🫧,one: %lld bubbel verzameld! 🫧 | other: %lld bubbels verzameld! 🫧,Push notification title celebrating a nut milestone. The argument is the player's total.,Localizable.xcstrings
notif.cards.title %lld,en_nl_changed,bo,Tibetan,one: %lld nut collected! 🌰 | other: %lld nuts collected! 🌰,one: %lld noot verzameld! 🌰 | other: %lld noten verzameld! 🌰,one: ལྦུ་བ %lld བསྡུས! 🫧 | other: ལྦུ་བ %lld བསྡུས! 🫧,one: %lld bubble collected! 🫧 | other: %lld bubbles collected! 🫧,one: %lld bubbel verzameld! 🫧 | other: %lld bubbels verzameld! 🫧,Push notification title celebrating a nut milestone. The argument is the player's total.,Localizable.xcstrings
notif.cards.title %lld,en_nl_changed,bs,Bosnian,one: %lld nut collected! 🌰 | other: %lld nuts collected! 🌰,one: %lld noot verzameld! 🌰 | other: %lld noten verzameld! 🌰,one: Skupljen %lld mjehurić! 🫧 | other: Skupljen %lld mjehurić! 🫧,one: %lld bubble collected! 🫧 | other: %lld bubbles collected! 🫧,one: %lld bubbel verzameld! 🫧 | other: %lld bubbels verzameld! 🫧,Push notification title celebrating a nut milestone. The argument is the player's total.,Localizable.xcstrings
notif.cards.title %lld,en_nl_changed,ca,Catalan,one: %lld nut collected! 🌰 | other: %lld nuts collected! 🌰,one: %lld noot verzameld! 🌰 | other: %lld noten verzameld! 🌰,one: %lld bombolla recollida! 🫧 | other: %lld bombolla recollida! 🫧,one: %lld bubble collected! 🫧 | other: %lld bubbles collected! 🫧,one: %lld bubbel verzameld! 🫧 | other: %lld bubbels verzameld! 🫧,Push notification title celebrating a nut milestone. The argument is the player's total.,Localizable.xcstrings
notif.cards.title %lld,en_nl_changed,cs,Czech,one: %lld nut collected! 🌰 | other: %lld nuts collected! 🌰,one: %lld noot verzameld! 🌰 | other: %lld noten verzameld! 🌰,one: Nasbírána %lld bublina! 🫧 | other: Nasbírána %lld bublina! 🫧,one: %lld bubble collected! 🫧 | other: %lld bubbles collected! 🫧,one: %lld bubbel verzameld! 🫧 | other: %lld bubbels verzameld! 🫧,Push notification title celebrating a nut milestone. The argument is the player's total.,Localizable.xcstrings
notif.cards.title %lld,en_nl_changed,cy,Welsh,one: %lld nut collected! 🌰 | other: %lld nuts collected! 🌰,one: %lld noot verzameld! 🌰 | other: %lld noten verzameld! 🌰,one: %lld swigen wedi’i chasglu! 🫧 | other: %lld swigen wedi’i chasglu! 🫧,one: %lld bubble collected! 🫧 | other: %lld bubbles collected! 🫧,one: %lld bubbel verzameld! 🫧 | other: %lld bubbels verzameld! 🫧,Push notification title celebrating a nut milestone. The argument is the player's total.,Localizable.xcstrings
notif.cards.title %lld,en_nl_changed,da,Danish,one: %lld nut collected! 🌰 | other: %lld nuts collected! 🌰,one: %lld noot verzameld! 🌰 | other: %lld noten verzameld! 🌰,one: %lld boble samlet! 🫧 | other: %lld boble samlet! 🫧,one: %lld bubble collected! 🫧 | other: %lld bubbles collected! 🫧,one: %lld bubbel verzameld! 🫧 | other: %lld bubbels verzameld! 🫧,Push notification title celebrating a nut milestone. The argument is the player's total.,Localizable.xcstrings
notif.cards.title %lld,en_nl_changed,de,German,one: %lld nut collected! 🌰 | other: %lld nuts collected! 🌰,one: %lld noot verzameld! 🌰 | other: %lld noten verzameld! 🌰,one: %lld Blase gesammelt! 🫧 | other: %lld Blasen gesammelt! 🫧,one: %lld bubble collected! 🫧 | other: %lld bubbles collected! 🫧,one: %lld bubbel verzameld! 🫧 | other: %lld bubbels verzameld! 🫧,Push notification title celebrating a nut milestone. The argument is the player's total.,Localizable.xcstrings
notif.cards.title %lld,en_nl_changed,el,Greek,one: %lld nut collected! 🌰 | other: %lld nuts collected! 🌰,one: %lld noot verzameld! 🌰 | other: %lld noten verzameld! 🌰,one: Μάζεψες %lld φούσκα! 🫧 | other: Μάζεψες %lld φούσκα! 🫧,one: %lld bubble collected! 🫧 | other: %lld bubbles collected! 🫧,one: %lld bubbel verzameld! 🫧 | other: %lld bubbels verzameld! 🫧,Push notification title celebrating a nut milestone. The argument is the player's total.,Localizable.xcstrings
notif.cards.title %lld,en_nl_changed,es,Spanish,one: %lld nut collected! 🌰 | other: %lld nuts collected! 🌰,one: %lld noot verzameld! 🌰 | other: %lld noten verzameld! 🌰,one: ¡%lld burbuja conseguida! 🫧 | other: ¡%lld burbujas conseguidas! 🫧,one: %lld bubble collected! 🫧 | other: %lld bubbles collected! 🫧,one: %lld bubbel verzameld! 🫧 | other: %lld bubbels verzameld! 🫧,Push notification title celebrating a nut milestone. The argument is the player's total.,Localizable.xcstrings
notif.cards.title %lld,en_nl_changed,et,Estonian,one: %lld nut collected! 🌰 | other: %lld nuts collected! 🌰,one: %lld noot verzameld! 🌰 | other: %lld noten verzameld! 🌰,one: %lld mull kogutud! 🫧 | other: %lld mull kogutud! 🫧,one: %lld bubble collected! 🫧 | other: %lld bubbles collected! 🫧,one: %lld bubbel verzameld! 🫧 | other: %lld bubbels verzameld! 🫧,Push notification title celebrating a nut milestone. The argument is the player's total.,Localizable.xcstrings
notif.cards.title %lld,en_nl_changed,eu,Basque,one: %lld nut collected! 🌰 | other: %lld nuts collected! 🌰,one: %lld noot verzameld! 🌰 | other: %lld noten verzameld! 🌰,one: %lld burbuila bilduta! 🫧 | other: %lld burbuila bilduta! 🫧,one: %lld bubble collected! 🫧 | other: %lld bubbles collected! 🫧,one: %lld bubbel verzameld! 🫧 | other: %lld bubbels verzameld! 🫧,Push notification title celebrating a nut milestone. The argument is the player's total.,Localizable.xcstrings
notif.cards.title %lld,en_nl_changed,fa,Persian,one: %lld nut collected! 🌰 | other: %lld nuts collected! 🌰,one: %lld noot verzameld! 🌰 | other: %lld noten verzameld! 🌰,one: %lld حباب جمع شد! 🫧 | other: %lld حباب جمع شد! 🫧,one: %lld bubble collected! 🫧 | other: %lld bubbles collected! 🫧,one: %lld bubbel verzameld! 🫧 | other: %lld bubbels verzameld! 🫧,Push notification title celebrating a nut milestone. The argument is the player's total.,Localizable.xcstrings
notif.cards.title %lld,en_nl_changed,fi,Finnish,one: %lld nut collected! 🌰 | other: %lld nuts collected! 🌰,one: %lld noot verzameld! 🌰 | other: %lld noten verzameld! 🌰,one: %lld kupla kerätty! 🫧 | other: %lld kupla kerätty! 🫧,one: %lld bubble collected! 🫧 | other: %lld bubbles collected! 🫧,one: %lld bubbel verzameld! 🫧 | other: %lld bubbels verzameld! 🫧,Push notification title celebrating a nut milestone. The argument is the player's total.,Localizable.xcstrings
notif.cards.title %lld,en_nl_changed,fo,Faroese,one: %lld nut collected! 🌰 | other: %lld nuts collected! 🌰,one: %lld noot verzameld! 🌰 | other: %lld noten verzameld! 🌰,one: %lld bløðra savnað! 🫧 | other: %lld bløðra savnað! 🫧,one: %lld bubble collected! 🫧 | other: %lld bubbles collected! 🫧,one: %lld bubbel verzameld! 🫧 | other: %lld bubbels verzameld! 🫧,Push notification title celebrating a nut milestone. The argument is the player's total.,Localizable.xcstrings
notif.cards.title %lld,en_nl_changed,fr,French,one: %lld nut collected! 🌰 | other: %lld nuts collected! 🌰,one: %lld noot verzameld! 🌰 | other: %lld noten verzameld! 🌰,one: %lld bulle ramassée ! 🫧 | other: %lld bulles ramassées ! 🫧,one: %lld bubble collected! 🫧 | other: %lld bubbles collected! 🫧,one: %lld bubbel verzameld! 🫧 | other: %lld bubbels verzameld! 🫧,Push notification title celebrating a nut milestone. The argument is the player's total.,Localizable.xcstrings
notif.cards.title %lld,en_nl_changed,ga,Irish,one: %lld nut collected! 🌰 | other: %lld nuts collected! 🌰,one: %lld noot verzameld! 🌰 | other: %lld noten verzameld! 🌰,one: %lld mboilgeog bailithe! 🫧 | other: %lld mboilgeog bailithe! 🫧,one: %lld bubble collected! 🫧 | other: %lld bubbles collected! 🫧,one: %lld bubbel verzameld! 🫧 | other: %lld bubbels verzameld! 🫧,Push notification title celebrating a nut milestone. The argument is the player's total.,Localizable.xcstrings
notif.cards.title %lld,en_nl_changed,gl,Galician,one: %lld nut collected! 🌰 | other: %lld nuts collected! 🌰,one: %lld noot verzameld! 🌰 | other: %lld noten verzameld! 🌰,one: %lld burbulla recollida! 🫧 | other: %lld burbulla recollida! 🫧,one: %lld bubble collected! 🫧 | other: %lld bubbles collected! 🫧,one: %lld bubbel verzameld! 🫧 | other: %lld bubbels verzameld! 🫧,Push notification title celebrating a nut milestone. The argument is the player's total.,Localizable.xcstrings
notif.cards.title %lld,en_nl_changed,gu,Gujarati,one: %lld nut collected! 🌰 | other: %lld nuts collected! 🌰,one: %lld noot verzameld! 🌰 | other: %lld noten verzameld! 🌰,one: %lld બબલ ભેગો! 🫧 | other: %lld બબલ ભેગો! 🫧,one: %lld bubble collected! 🫧 | other: %lld bubbles collected! 🫧,one: %lld bubbel verzameld! 🫧 | other: %lld bubbels verzameld! 🫧,Push notification title celebrating a nut milestone. The argument is the player's total.,Localizable.xcstrings
notif.cards.title %lld,en_nl_changed,he,Hebrew,one: %lld nut collected! 🌰 | other: %lld nuts collected! 🌰,one: %lld noot verzameld! 🌰 | other: %lld noten verzameld! 🌰,one: %lld בועה נאספה! 🫧 | other: %lld בועה נאספה! 🫧,one: %lld bubble collected! 🫧 | other: %lld bubbles collected! 🫧,one: %lld bubbel verzameld! 🫧 | other: %lld bubbels verzameld! 🫧,Push notification title celebrating a nut milestone. The argument is the player's total.,Localizable.xcstrings
notif.cards.title %lld,en_nl_changed,hi,Hindi,one: %lld nut collected! 🌰 | other: %lld nuts collected! 🌰,one: %lld noot verzameld! 🌰 | other: %lld noten verzameld! 🌰,one: %lld बुलबुला मिला! 🫧 | other: %lld बुलबुला मिला! 🫧,one: %lld bubble collected! 🫧 | other: %lld bubbles collected! 🫧,one: %lld bubbel verzameld! 🫧 | other: %lld bubbels verzameld! 🫧,Push notification title celebrating a nut milestone. The argument is the player's total.,Localizable.xcstrings
notif.cards.title %lld,en_nl_changed,hr,Croatian,one: %lld nut collected! 🌰 | other: %lld nuts collected! 🌰,one: %lld noot verzameld! 🌰 | other: %lld noten verzameld! 🌰,one: Skupljen %lld mjehurić! 🫧 | other: Skupljen %lld mjehurić! 🫧,one: %lld bubble collected! 🫧 | other: %lld bubbles collected! 🫧,one: %lld bubbel verzameld! 🫧 | other: %lld bubbels verzameld! 🫧,Push notification title celebrating a nut milestone. The argument is the player's total.,Localizable.xcstrings
notif.cards.title %lld,en_nl_changed,hu,Hungarian,one: %lld nut collected! 🌰 | other: %lld nuts collected! 🌰,one: %lld noot verzameld! 🌰 | other: %lld noten verzameld! 🌰,one: %lld buborék összegyűjtve! 🫧 | other: %lld buborék összegyűjtve! 🫧,one: %lld bubble collected! 🫧 | other: %lld bubbles collected! 🫧,one: %lld bubbel verzameld! 🫧 | other: %lld bubbels verzameld! 🫧,Push notification title celebrating a nut milestone. The argument is the player's total.,Localizable.xcstrings
notif.cards.title %lld,en_nl_changed,hy,Armenian,one: %lld nut collected! 🌰 | other: %lld nuts collected! 🌰,one: %lld noot verzameld! 🌰 | other: %lld noten verzameld! 🌰,one: %lld պղպջակ հավաքեցիր! 🫧 | other: %lld պղպջակ հավաքեցիր! 🫧,one: %lld bubble collected! 🫧 | other: %lld bubbles collected! 🫧,one: %lld bubbel verzameld! 🫧 | other: %lld bubbels verzameld! 🫧,Push notification title celebrating a nut milestone. The argument is the player's total.,Localizable.xcstrings
notif.cards.title %lld,en_nl_changed,id,Indonesian,one: %lld nut collected! 🌰 | other: %lld nuts collected! 🌰,one: %lld noot verzameld! 🌰 | other: %lld noten verzameld! 🌰,one: %lld gelembung terkumpul! 🫧 | other: %lld gelembung terkumpul! 🫧,one: %lld bubble collected! 🫧 | other: %lld bubbles collected! 🫧,one: %lld bubbel verzameld! 🫧 | other: %lld bubbels verzameld! 🫧,Push notification title celebrating a nut milestone. The argument is the player's total.,Localizable.xcstrings
notif.cards.title %lld,en_nl_changed,is,Icelandic,one: %lld nut collected! 🌰 | other: %lld nuts collected! 🌰,one: %lld noot verzameld! 🌰 | other: %lld noten verzameld! 🌰,one: %lld bóla safnað! 🫧 | other: %lld bóla safnað! 🫧,one: %lld bubble collected! 🫧 | other: %lld bubbles collected! 🫧,one: %lld bubbel verzameld! 🫧 | other: %lld bubbels verzameld! 🫧,Push notification title celebrating a nut milestone. The argument is the player's total.,Localizable.xcstrings
notif.cards.title %lld,en_nl_changed,it,Italian,one: %lld nut collected! 🌰 | other: %lld nuts collected! 🌰,one: %lld noot verzameld! 🌰 | other: %lld noten verzameld! 🌰,one: %lld bolla raccolta! 🫧 | other: %lld bolle raccolte! 🫧,one: %lld bubble collected! 🫧 | other: %lld bubbles collected! 🫧,one: %lld bubbel verzameld! 🫧 | other: %lld bubbels verzameld! 🫧,Push notification title celebrating a nut milestone. The argument is the player's total.,Localizable.xcstrings
notif.cards.title %lld,en_nl_changed,ja,Japanese,one: %lld nut collected! 🌰 | other: %lld nuts collected! 🌰,one: %lld noot verzameld! 🌰 | other: %lld noten verzameld! 🌰,one: バブル%lldこゲット！ 🫧 | other: バブル%lldこゲット！ 🫧,one: %lld bubble collected! 🫧 | other: %lld bubbles collected! 🫧,one: %lld bubbel verzameld! 🫧 | other: %lld bubbels verzameld! 🫧,Push notification title celebrating a nut milestone. The argument is the player's total.,Localizable.xcstrings
notif.cards.title %lld,en_nl_changed,ka,Georgian,one: %lld nut collected! 🌰 | other: %lld nuts collected! 🌰,one: %lld noot verzameld! 🌰 | other: %lld noten verzameld! 🌰,one: %lld ბუშტი შეაგროვე! 🫧 | other: %lld ბუშტი შეაგროვე! 🫧,one: %lld bubble collected! 🫧 | other: %lld bubbles collected! 🫧,one: %lld bubbel verzameld! 🫧 | other: %lld bubbels verzameld! 🫧,Push notification title celebrating a nut milestone. The argument is the player's total.,Localizable.xcstrings
notif.cards.title %lld,en_nl_changed,kk,Kazakh,one: %lld nut collected! 🌰 | other: %lld nuts collected! 🌰,one: %lld noot verzameld! 🌰 | other: %lld noten verzameld! 🌰,one: %lld көпіршік жиналды! 🫧 | other: %lld көпіршік жиналды! 🫧,one: %lld bubble collected! 🫧 | other: %lld bubbles collected! 🫧,one: %lld bubbel verzameld! 🫧 | other: %lld bubbels verzameld! 🫧,Push notification title celebrating a nut milestone. The argument is the player's total.,Localizable.xcstrings
notif.cards.title %lld,en_nl_changed,km,Khmer,one: %lld nut collected! 🌰 | other: %lld nuts collected! 🌰,one: %lld noot verzameld! 🌰 | other: %lld noten verzameld! 🌰,one: ប្រមូលបានពពុះ %lld! 🫧 | other: ប្រមូលបានពពុះ %lld! 🫧,one: %lld bubble collected! 🫧 | other: %lld bubbles collected! 🫧,one: %lld bubbel verzameld! 🫧 | other: %lld bubbels verzameld! 🫧,Push notification title celebrating a nut milestone. The argument is the player's total.,Localizable.xcstrings
notif.cards.title %lld,en_nl_changed,kn,Kannada,one: %lld nut collected! 🌰 | other: %lld nuts collected! 🌰,one: %lld noot verzameld! 🌰 | other: %lld noten verzameld! 🌰,one: %lld ಬಬಲ್ ಸಂಗ್ರಹಿಸಿದೆ! 🫧 | other: %lld ಬಬಲ್ ಸಂಗ್ರಹಿಸಿದೆ! 🫧,one: %lld bubble collected! 🫧 | other: %lld bubbles collected! 🫧,one: %lld bubbel verzameld! 🫧 | other: %lld bubbels verzameld! 🫧,Push notification title celebrating a nut milestone. The argument is the player's total.,Localizable.xcstrings
notif.cards.title %lld,en_nl_changed,ko,Korean,one: %lld nut collected! 🌰 | other: %lld nuts collected! 🌰,one: %lld noot verzameld! 🌰 | other: %lld noten verzameld! 🌰,one: 버블 %lld개 모았어요! 🫧 | other: 버블 %lld개 모았어요! 🫧,one: %lld bubble collected! 🫧 | other: %lld bubbles collected! 🫧,one: %lld bubbel verzameld! 🫧 | other: %lld bubbels verzameld! 🫧,Push notification title celebrating a nut milestone. The argument is the player's total.,Localizable.xcstrings
notif.cards.title %lld,en_nl_changed,lo,Lao,one: %lld nut collected! 🌰 | other: %lld nuts collected! 🌰,one: %lld noot verzameld! 🌰 | other: %lld noten verzameld! 🌰,one: ເກັບຟອງໄດ້ %lld! 🫧 | other: ເກັບຟອງໄດ້ %lld! 🫧,one: %lld bubble collected! 🫧 | other: %lld bubbles collected! 🫧,one: %lld bubbel verzameld! 🫧 | other: %lld bubbels verzameld! 🫧,Push notification title celebrating a nut milestone. The argument is the player's total.,Localizable.xcstrings
notif.cards.title %lld,en_nl_changed,lt,Lithuanian,one: %lld nut collected! 🌰 | other: %lld nuts collected! 🌰,one: %lld noot verzameld! 🌰 | other: %lld noten verzameld! 🌰,one: Surinktas %lld burbulas! 🫧 | other: Surinktas %lld burbulas! 🫧,one: %lld bubble collected! 🫧 | other: %lld bubbles collected! 🫧,one: %lld bubbel verzameld! 🫧 | other: %lld bubbels verzameld! 🫧,Push notification title celebrating a nut milestone. The argument is the player's total.,Localizable.xcstrings
notif.cards.title %lld,en_nl_changed,lv,Latvian,one: %lld nut collected! 🌰 | other: %lld nuts collected! 🌰,one: %lld noot verzameld! 🌰 | other: %lld noten verzameld! 🌰,one: %lld burbulis savākts! 🫧 | other: %lld burbulis savākts! 🫧,one: %lld bubble collected! 🫧 | other: %lld bubbles collected! 🫧,one: %lld bubbel verzameld! 🫧 | other: %lld bubbels verzameld! 🫧,Push notification title celebrating a nut milestone. The argument is the player's total.,Localizable.xcstrings
notif.cards.title %lld,en_nl_changed,mk,Macedonian,one: %lld nut collected! 🌰 | other: %lld nuts collected! 🌰,one: %lld noot verzameld! 🌰 | other: %lld noten verzameld! 🌰,one: %lld меурче собрано! 🫧 | other: %lld меурче собрано! 🫧,one: %lld bubble collected! 🫧 | other: %lld bubbles collected! 🫧,one: %lld bubbel verzameld! 🫧 | other: %lld bubbels verzameld! 🫧,Push notification title celebrating a nut milestone. The argument is the player's total.,Localizable.xcstrings
notif.cards.title %lld,en_nl_changed,ml,Malayalam,one: %lld nut collected! 🌰 | other: %lld nuts collected! 🌰,one: %lld noot verzameld! 🌰 | other: %lld noten verzameld! 🌰,one: %lld ബബിൾ ശേഖരിച്ചു! 🫧 | other: %lld ബബിൾ ശേഖരിച്ചു! 🫧,one: %lld bubble collected! 🫧 | other: %lld bubbles collected! 🫧,one: %lld bubbel verzameld! 🫧 | other: %lld bubbels verzameld! 🫧,Push notification title celebrating a nut milestone. The argument is the player's total.,Localizable.xcstrings
notif.cards.title %lld,en_nl_changed,mn,Mongolian,one: %lld nut collected! 🌰 | other: %lld nuts collected! 🌰,one: %lld noot verzameld! 🌰 | other: %lld noten verzameld! 🌰,one: %lld бөмбөлөг цуглууллаа! 🫧 | other: %lld бөмбөлөг цуглууллаа! 🫧,one: %lld bubble collected! 🫧 | other: %lld bubbles collected! 🫧,one: %lld bubbel verzameld! 🫧 | other: %lld bubbels verzameld! 🫧,Push notification title celebrating a nut milestone. The argument is the player's total.,Localizable.xcstrings
notif.cards.title %lld,en_nl_changed,mr,Marathi,one: %lld nut collected! 🌰 | other: %lld nuts collected! 🌰,one: %lld noot verzameld! 🌰 | other: %lld noten verzameld! 🌰,one: %lld बुडबुडा गोळा केला! 🫧 | other: %lld बुडबुडा गोळा केला! 🫧,one: %lld bubble collected! 🫧 | other: %lld bubbles collected! 🫧,one: %lld bubbel verzameld! 🫧 | other: %lld bubbels verzameld! 🫧,Push notification title celebrating a nut milestone. The argument is the player's total.,Localizable.xcstrings
notif.cards.title %lld,en_nl_changed,ms,Malay,one: %lld nut collected! 🌰 | other: %lld nuts collected! 🌰,one: %lld noot verzameld! 🌰 | other: %lld noten verzameld! 🌰,one: %lld gelembung dikumpul! 🫧 | other: %lld gelembung dikumpul! 🫧,one: %lld bubble collected! 🫧 | other: %lld bubbles collected! 🫧,one: %lld bubbel verzameld! 🫧 | other: %lld bubbels verzameld! 🫧,Push notification title celebrating a nut milestone. The argument is the player's total.,Localizable.xcstrings
notif.cards.title %lld,en_nl_changed,my,Burmese,one: %lld nut collected! 🌰 | other: %lld nuts collected! 🌰,one: %lld noot verzameld! 🌰 | other: %lld noten verzameld! 🌰,one: %lld ပူဖောင်း စုမိပြီ! 🫧 | other: %lld ပူဖောင်း စုမိပြီ! 🫧,one: %lld bubble collected! 🫧 | other: %lld bubbles collected! 🫧,one: %lld bubbel verzameld! 🫧 | other: %lld bubbels verzameld! 🫧,Push notification title celebrating a nut milestone. The argument is the player's total.,Localizable.xcstrings
notif.cards.title %lld,en_nl_changed,nb,Norwegian,one: %lld nut collected! 🌰 | other: %lld nuts collected! 🌰,one: %lld noot verzameld! 🌰 | other: %lld noten verzameld! 🌰,one: %lld boble samlet! 🫧 | other: %lld boble samlet! 🫧,one: %lld bubble collected! 🫧 | other: %lld bubbles collected! 🫧,one: %lld bubbel verzameld! 🫧 | other: %lld bubbels verzameld! 🫧,Push notification title celebrating a nut milestone. The argument is the player's total.,Localizable.xcstrings
notif.cards.title %lld,en_nl_changed,ne,Nepali,one: %lld nut collected! 🌰 | other: %lld nuts collected! 🌰,one: %lld noot verzameld! 🌰 | other: %lld noten verzameld! 🌰,one: %lld बबल जम्मा भयो! 🫧 | other: %lld बबल जम्मा भयो! 🫧,one: %lld bubble collected! 🫧 | other: %lld bubbles collected! 🫧,one: %lld bubbel verzameld! 🫧 | other: %lld bubbels verzameld! 🫧,Push notification title celebrating a nut milestone. The argument is the player's total.,Localizable.xcstrings
notif.cards.title %lld,en_nl_changed,or,Odia,one: %lld nut collected! 🌰 | other: %lld nuts collected! 🌰,one: %lld noot verzameld! 🌰 | other: %lld noten verzameld! 🌰,one: %lld ବବଲ୍ ସଂଗ୍ରହ! 🫧 | other: %lld ବବଲ୍ ସଂଗ୍ରହ! 🫧,one: %lld bubble collected! 🫧 | other: %lld bubbles collected! 🫧,one: %lld bubbel verzameld! 🫧 | other: %lld bubbels verzameld! 🫧,Push notification title celebrating a nut milestone. The argument is the player's total.,Localizable.xcstrings
notif.cards.title %lld,en_nl_changed,pa,Punjabi,one: %lld nut collected! 🌰 | other: %lld nuts collected! 🌰,one: %lld noot verzameld! 🌰 | other: %lld noten verzameld! 🌰,one: %lld ਬੁਲਬੁਲਾ ਇਕੱਠਾ ਕੀਤਾ! 🫧 | other: %lld ਬੁਲਬੁਲਾ ਇਕੱਠਾ ਕੀਤਾ! 🫧,one: %lld bubble collected! 🫧 | other: %lld bubbles collected! 🫧,one: %lld bubbel verzameld! 🫧 | other: %lld bubbels verzameld! 🫧,Push notification title celebrating a nut milestone. The argument is the player's total.,Localizable.xcstrings
notif.cards.title %lld,en_nl_changed,pl,Polish,one: %lld nut collected! 🌰 | other: %lld nuts collected! 🌰,one: %lld noot verzameld! 🌰 | other: %lld noten verzameld! 🌰,one: Zebrany %lld bąbelek! 🫧 | few: Zebrane %lld bąbelki! 🫧 | many: Zebrane %lld bąbelków! 🫧 | other: Zebrane %lld bąbelka! 🫧,one: %lld bubble collected! 🫧 | other: %lld bubbles collected! 🫧,one: %lld bubbel verzameld! 🫧 | other: %lld bubbels verzameld! 🫧,Push notification title celebrating a nut milestone. The argument is the player's total.,Localizable.xcstrings
notif.cards.title %lld,en_nl_changed,pt,Portuguese,one: %lld nut collected! 🌰 | other: %lld nuts collected! 🌰,one: %lld noot verzameld! 🌰 | other: %lld noten verzameld! 🌰,one: %lld bolha apanhada! 🫧 | other: %lld bolhas apanhadas! 🫧,one: %lld bubble collected! 🫧 | other: %lld bubbles collected! 🫧,one: %lld bubbel verzameld! 🫧 | other: %lld bubbels verzameld! 🫧,Push notification title celebrating a nut milestone. The argument is the player's total.,Localizable.xcstrings
notif.cards.title %lld,en_nl_changed,ro,Romanian,one: %lld nut collected! 🌰 | other: %lld nuts collected! 🌰,one: %lld noot verzameld! 🌰 | other: %lld noten verzameld! 🌰,one: %lld bulă strânsă! 🫧 | other: %lld bulă strânsă! 🫧,one: %lld bubble collected! 🫧 | other: %lld bubbles collected! 🫧,one: %lld bubbel verzameld! 🫧 | other: %lld bubbels verzameld! 🫧,Push notification title celebrating a nut milestone. The argument is the player's total.,Localizable.xcstrings
notif.cards.title %lld,en_nl_changed,ru,Russian,one: %lld nut collected! 🌰 | other: %lld nuts collected! 🌰,one: %lld noot verzameld! 🌰 | other: %lld noten verzameld! 🌰,one: Собран %lld пузырь! 🫧 | few: Собрано %lld пузыря! 🫧 | many: Собрано %lld пузырей! 🫧 | other: Собрано %lld пузыря! 🫧,one: %lld bubble collected! 🫧 | other: %lld bubbles collected! 🫧,one: %lld bubbel verzameld! 🫧 | other: %lld bubbels verzameld! 🫧,Push notification title celebrating a nut milestone. The argument is the player's total.,Localizable.xcstrings
notif.cards.title %lld,en_nl_changed,si,Sinhala,one: %lld nut collected! 🌰 | other: %lld nuts collected! 🌰,one: %lld noot verzameld! 🌰 | other: %lld noten verzameld! 🌰,one: %lld බුබුලක් එකතු කළා! 🫧 | other: %lld බුබුලක් එකතු කළා! 🫧,one: %lld bubble collected! 🫧 | other: %lld bubbles collected! 🫧,one: %lld bubbel verzameld! 🫧 | other: %lld bubbels verzameld! 🫧,Push notification title celebrating a nut milestone. The argument is the player's total.,Localizable.xcstrings
notif.cards.title %lld,en_nl_changed,sk,Slovak,one: %lld nut collected! 🌰 | other: %lld nuts collected! 🌰,one: %lld noot verzameld! 🌰 | other: %lld noten verzameld! 🌰,one: %lld bublina nazbieraná! 🫧 | other: %lld bublina nazbieraná! 🫧,one: %lld bubble collected! 🫧 | other: %lld bubbles collected! 🫧,one: %lld bubbel verzameld! 🫧 | other: %lld bubbels verzameld! 🫧,Push notification title celebrating a nut milestone. The argument is the player's total.,Localizable.xcstrings
notif.cards.title %lld,en_nl_changed,sl,Slovenian,one: %lld nut collected! 🌰 | other: %lld nuts collected! 🌰,one: %lld noot verzameld! 🌰 | other: %lld noten verzameld! 🌰,one: %lld zbran mehurček! 🫧 | other: %lld zbran mehurček! 🫧,one: %lld bubble collected! 🫧 | other: %lld bubbles collected! 🫧,one: %lld bubbel verzameld! 🫧 | other: %lld bubbels verzameld! 🫧,Push notification title celebrating a nut milestone. The argument is the player's total.,Localizable.xcstrings
notif.cards.title %lld,en_nl_changed,sq,Albanian,one: %lld nut collected! 🌰 | other: %lld nuts collected! 🌰,one: %lld noot verzameld! 🌰 | other: %lld noten verzameld! 🌰,one: %lld flluskë e mbledhur! 🫧 | other: %lld flluskë e mbledhur! 🫧,one: %lld bubble collected! 🫧 | other: %lld bubbles collected! 🫧,one: %lld bubbel verzameld! 🫧 | other: %lld bubbels verzameld! 🫧,Push notification title celebrating a nut milestone. The argument is the player's total.,Localizable.xcstrings
notif.cards.title %lld,en_nl_changed,sr,Serbian,one: %lld nut collected! 🌰 | other: %lld nuts collected! 🌰,one: %lld noot verzameld! 🌰 | other: %lld noten verzameld! 🌰,one: Sakupljen %lld mehurić! 🫧 | other: Sakupljen %lld mehurić! 🫧,one: %lld bubble collected! 🫧 | other: %lld bubbles collected! 🫧,one: %lld bubbel verzameld! 🫧 | other: %lld bubbels verzameld! 🫧,Push notification title celebrating a nut milestone. The argument is the player's total.,Localizable.xcstrings
notif.cards.title %lld,en_nl_changed,sv,Swedish,one: %lld nut collected! 🌰 | other: %lld nuts collected! 🌰,one: %lld noot verzameld! 🌰 | other: %lld noten verzameld! 🌰,one: %lld bubbla samlad! 🫧 | other: %lld bubbla samlad! 🫧,one: %lld bubble collected! 🫧 | other: %lld bubbles collected! 🫧,one: %lld bubbel verzameld! 🫧 | other: %lld bubbels verzameld! 🫧,Push notification title celebrating a nut milestone. The argument is the player's total.,Localizable.xcstrings
notif.cards.title %lld,en_nl_changed,sw,Swahili,one: %lld nut collected! 🌰 | other: %lld nuts collected! 🌰,one: %lld noot verzameld! 🌰 | other: %lld noten verzameld! 🌰,one: Kiputo %lld kimekusanywa! 🫧 | other: Kiputo %lld kimekusanywa! 🫧,one: %lld bubble collected! 🫧 | other: %lld bubbles collected! 🫧,one: %lld bubbel verzameld! 🫧 | other: %lld bubbels verzameld! 🫧,Push notification title celebrating a nut milestone. The argument is the player's total.,Localizable.xcstrings
notif.cards.title %lld,en_nl_changed,ta,Tamil,one: %lld nut collected! 🌰 | other: %lld nuts collected! 🌰,one: %lld noot verzameld! 🌰 | other: %lld noten verzameld! 🌰,one: %lld குமிழி சேகரித்தாய்! 🫧 | other: %lld குமிழி சேகரித்தாய்! 🫧,one: %lld bubble collected! 🫧 | other: %lld bubbles collected! 🫧,one: %lld bubbel verzameld! 🫧 | other: %lld bubbels verzameld! 🫧,Push notification title celebrating a nut milestone. The argument is the player's total.,Localizable.xcstrings
notif.cards.title %lld,en_nl_changed,te,Telugu,one: %lld nut collected! 🌰 | other: %lld nuts collected! 🌰,one: %lld noot verzameld! 🌰 | other: %lld noten verzameld! 🌰,one: %lld బబుల్ సేకరించావు! 🫧 | other: %lld బబుల్ సేకరించావు! 🫧,one: %lld bubble collected! 🫧 | other: %lld bubbles collected! 🫧,one: %lld bubbel verzameld! 🫧 | other: %lld bubbels verzameld! 🫧,Push notification title celebrating a nut milestone. The argument is the player's total.,Localizable.xcstrings
notif.cards.title %lld,en_nl_changed,th,Thai,one: %lld nut collected! 🌰 | other: %lld nuts collected! 🌰,one: %lld noot verzameld! 🌰 | other: %lld noten verzameld! 🌰,one: เก็บฟองสบู่ %lld ฟองแล้ว! 🫧 | other: เก็บฟองสบู่ %lld ฟองแล้ว! 🫧,one: %lld bubble collected! 🫧 | other: %lld bubbles collected! 🫧,one: %lld bubbel verzameld! 🫧 | other: %lld bubbels verzameld! 🫧,Push notification title celebrating a nut milestone. The argument is the player's total.,Localizable.xcstrings
notif.cards.title %lld,en_nl_changed,tr,Turkish,one: %lld nut collected! 🌰 | other: %lld nuts collected! 🌰,one: %lld noot verzameld! 🌰 | other: %lld noten verzameld! 🌰,one: %lld baloncuk toplandı! 🫧 | other: %lld baloncuk toplandı! 🫧,one: %lld bubble collected! 🫧 | other: %lld bubbles collected! 🫧,one: %lld bubbel verzameld! 🫧 | other: %lld bubbels verzameld! 🫧,Push notification title celebrating a nut milestone. The argument is the player's total.,Localizable.xcstrings
notif.cards.title %lld,en_nl_changed,ug,Uyghur,one: %lld nut collected! 🌰 | other: %lld nuts collected! 🌰,one: %lld noot verzameld! 🌰 | other: %lld noten verzameld! 🌰,one: %lld كۆپۈك توپلاندى! 🫧 | other: %lld كۆپۈك توپلاندى! 🫧,one: %lld bubble collected! 🫧 | other: %lld bubbles collected! 🫧,one: %lld bubbel verzameld! 🫧 | other: %lld bubbels verzameld! 🫧,Push notification title celebrating a nut milestone. The argument is the player's total.,Localizable.xcstrings
notif.cards.title %lld,en_nl_changed,uk,Ukrainian,one: %lld nut collected! 🌰 | other: %lld nuts collected! 🌰,one: %lld noot verzameld! 🌰 | other: %lld noten verzameld! 🌰,one: %lld бульбашку зібрано! 🫧 | other: %lld бульбашку зібрано! 🫧,one: %lld bubble collected! 🫧 | other: %lld bubbles collected! 🫧,one: %lld bubbel verzameld! 🫧 | other: %lld bubbels verzameld! 🫧,Push notification title celebrating a nut milestone. The argument is the player's total.,Localizable.xcstrings
notif.cards.title %lld,en_nl_changed,ur,Urdu,one: %lld nut collected! 🌰 | other: %lld nuts collected! 🌰,one: %lld noot verzameld! 🌰 | other: %lld noten verzameld! 🌰,one: %lld ببل جمع ہوا! 🫧 | other: %lld ببل جمع ہوا! 🫧,one: %lld bubble collected! 🫧 | other: %lld bubbles collected! 🫧,one: %lld bubbel verzameld! 🫧 | other: %lld bubbels verzameld! 🫧,Push notification title celebrating a nut milestone. The argument is the player's total.,Localizable.xcstrings
notif.cards.title %lld,en_nl_changed,uz,Uzbek,one: %lld nut collected! 🌰 | other: %lld nuts collected! 🌰,one: %lld noot verzameld! 🌰 | other: %lld noten verzameld! 🌰,one: %lld pufakcha yig‘ildi! 🫧 | other: %lld pufakcha yig‘ildi! 🫧,one: %lld bubble collected! 🫧 | other: %lld bubbles collected! 🫧,one: %lld bubbel verzameld! 🫧 | other: %lld bubbels verzameld! 🫧,Push notification title celebrating a nut milestone. The argument is the player's total.,Localizable.xcstrings
notif.cards.title %lld,en_nl_changed,vi,Vietnamese,one: %lld nut collected! 🌰 | other: %lld nuts collected! 🌰,one: %lld noot verzameld! 🌰 | other: %lld noten verzameld! 🌰,one: Đã nhặt %lld bong bóng! 🫧 | other: Đã nhặt %lld bong bóng! 🫧,one: %lld bubble collected! 🫧 | other: %lld bubbles collected! 🫧,one: %lld bubbel verzameld! 🫧 | other: %lld bubbels verzameld! 🫧,Push notification title celebrating a nut milestone. The argument is the player's total.,Localizable.xcstrings
notif.cards.title %lld,en_nl_changed,zh,Chinese,one: %lld nut collected! 🌰 | other: %lld nuts collected! 🌰,one: %lld noot verzameld! 🌰 | other: %lld noten verzameld! 🌰,one: 已收集 %lld 个泡泡！🫧 | other: 已收集 %lld 个泡泡！🫧,one: %lld bubble collected! 🫧 | other: %lld bubbles collected! 🫧,one: %lld bubbel verzameld! 🫧 | other: %lld bubbels verzameld! 🫧,Push notification title celebrating a nut milestone. The argument is the player's total.,Localizable.xcstrings
notif.cards.title %lld,en_nl_changed,zu,Zulu,one: %lld nut collected! 🌰 | other: %lld nuts collected! 🌰,one: %lld noot verzameld! 🌰 | other: %lld noten verzameld! 🌰,one: Kuqoqwe ibhamuza elingu-%lld! 🫧 | other: Kuqoqwe ibhamuza elingu-%lld! 🫧,one: %lld bubble collected! 🫧 | other: %lld bubbles collected! 🫧,one: %lld bubbel verzameld! 🫧 | other: %lld bubbels verzameld! 🫧,Push notification title celebrating a nut milestone. The argument is the player's total.,Localizable.xcstrings
notif.comeback.body,en_nl_changed,af,Afrikaans,Your animals are waiting. Jump back in and keep collecting nuts!,Je dieren wachten op je. Spring weer verder en verzamel meer noten!,Jou diere wag. Kom terug om te speel en hou aan om trofeë in te samel!,Your animals are waiting. Jump back in and keep collecting bubbles!,Je dieren wachten op je. Spring weer verder en verzamel meer bubbels!,"Push notification body after a long absence. Warm, never guilt-inducing.",Localizable.xcstrings
notif.comeback.body,en_nl_changed,am,Amharic,Your animals are waiting. Jump back in and keep collecting nuts!,Je dieren wachten op je. Spring weer verder en verzamel meer noten!,እንስሳትዎ እየጠበቁ ናቸው. ለመጫወት ይመለሱ እና ዋንጫዎችን መሰብሰብዎን ይቀጥሉ!,Your animals are waiting. Jump back in and keep collecting bubbles!,Je dieren wachten op je. Spring weer verder en verzamel meer bubbels!,"Push notification body after a long absence. Warm, never guilt-inducing.",Localizable.xcstrings
notif.comeback.body,en_nl_changed,ar,Arabic,Your animals are waiting. Jump back in and keep collecting nuts!,Je dieren wachten op je. Spring weer verder en verzamel meer noten!,حيواناتك تنتظر. عد للعب واستمر في جمع الجوائز!,Your animals are waiting. Jump back in and keep collecting bubbles!,Je dieren wachten op je. Spring weer verder en verzamel meer bubbels!,"Push notification body after a long absence. Warm, never guilt-inducing.",Localizable.xcstrings
notif.comeback.body,en_nl_changed,as,Assamese,Your animals are waiting. Jump back in and keep collecting nuts!,Je dieren wachten op je. Spring weer verder en verzamel meer noten!,তোমাৰ জীৱ-জন্তুবোৰে ৰৈ আছে। খেলিবলৈ উভতি আহক আৰু ট্ৰফী সংগ্ৰহ কৰি থাকিব!,Your animals are waiting. Jump back in and keep collecting bubbles!,Je dieren wachten op je. Spring weer verder en verzamel meer bubbels!,"Push notification body after a long absence. Warm, never guilt-inducing.",Localizable.xcstrings
notif.comeback.body,en_nl_changed,az,Azerbaijani,Your animals are waiting. Jump back in and keep collecting nuts!,Je dieren wachten op je. Spring weer verder en verzamel meer noten!,Heyvanlarınız gözləyir. Oynamaq üçün qayıdın və kuboklar toplamağa davam edin!,Your animals are waiting. Jump back in and keep collecting bubbles!,Je dieren wachten op je. Spring weer verder en verzamel meer bubbels!,"Push notification body after a long absence. Warm, never guilt-inducing.",Localizable.xcstrings
notif.comeback.body,en_nl_changed,be,Belarusian,Your animals are waiting. Jump back in and keep collecting nuts!,Je dieren wachten op je. Spring weer verder en verzamel meer noten!,Вашы жывёлы чакаюць. Вяртайцеся гуляць і працягвайце збіраць трафеі!,Your animals are waiting. Jump back in and keep collecting bubbles!,Je dieren wachten op je. Spring weer verder en verzamel meer bubbels!,"Push notification body after a long absence. Warm, never guilt-inducing.",Localizable.xcstrings
notif.comeback.body,en_nl_changed,bg,Bulgarian,Your animals are waiting. Jump back in and keep collecting nuts!,Je dieren wachten op je. Spring weer verder en verzamel meer noten!,Животните ви чакат. Върнете се да играете и продължавайте да събирате трофеи!,Your animals are waiting. Jump back in and keep collecting bubbles!,Je dieren wachten op je. Spring weer verder en verzamel meer bubbels!,"Push notification body after a long absence. Warm, never guilt-inducing.",Localizable.xcstrings
notif.comeback.body,en_nl_changed,bn,Bengali,Your animals are waiting. Jump back in and keep collecting nuts!,Je dieren wachten op je. Spring weer verder en verzamel meer noten!,আপনার পশুরা অপেক্ষা করছে। খেলতে ফিরে আসুন এবং ট্রফি সংগ্রহ করতে থাকুন!,Your animals are waiting. Jump back in and keep collecting bubbles!,Je dieren wachten op je. Spring weer verder en verzamel meer bubbels!,"Push notification body after a long absence. Warm, never guilt-inducing.",Localizable.xcstrings
notif.comeback.body,en_nl_changed,bo,Tibetan,Your animals are waiting. Jump back in and keep collecting nuts!,Je dieren wachten op je. Spring weer verder en verzamel meer noten!,ཁྱེད་ཀྱི་སེམས་ཅན་སྒུག་ནས་ཡོད།རྩེད་མོ་རྩེད་པར་ཕྱིར་ལོག་ནས་རྟགས་མ་བསྡུ་རུབ་བྱེད་རོགས།,Your animals are waiting. Jump back in and keep collecting bubbles!,Je dieren wachten op je. Spring weer verder en verzamel meer bubbels!,"Push notification body after a long absence. Warm, never guilt-inducing.",Localizable.xcstrings
notif.comeback.body,en_nl_changed,bs,Bosnian,Your animals are waiting. Jump back in and keep collecting nuts!,Je dieren wachten op je. Spring weer verder en verzamel meer noten!,Vaše životinje čekaju. Vratite se da igrate i nastavite skupljati trofeje!,Your animals are waiting. Jump back in and keep collecting bubbles!,Je dieren wachten op je. Spring weer verder en verzamel meer bubbels!,"Push notification body after a long absence. Warm, never guilt-inducing.",Localizable.xcstrings
notif.comeback.body,en_nl_changed,ca,Catalan,Your animals are waiting. Jump back in and keep collecting nuts!,Je dieren wachten op je. Spring weer verder en verzamel meer noten!,Els teus animals estan esperant. Torna a jugar i segueix recollint trofeus!,Your animals are waiting. Jump back in and keep collecting bubbles!,Je dieren wachten op je. Spring weer verder en verzamel meer bubbels!,"Push notification body after a long absence. Warm, never guilt-inducing.",Localizable.xcstrings
notif.comeback.body,en_nl_changed,cs,Czech,Your animals are waiting. Jump back in and keep collecting nuts!,Je dieren wachten op je. Spring weer verder en verzamel meer noten!,Vaše zvířata čekají. Vraťte se ke hře a pokračujte ve sbírání trofejí!,Your animals are waiting. Jump back in and keep collecting bubbles!,Je dieren wachten op je. Spring weer verder en verzamel meer bubbels!,"Push notification body after a long absence. Warm, never guilt-inducing.",Localizable.xcstrings
notif.comeback.body,en_nl_changed,cy,Welsh,Your animals are waiting. Jump back in and keep collecting nuts!,Je dieren wachten op je. Spring weer verder en verzamel meer noten!,Mae eich anifeiliaid yn aros. Dewch yn ôl i chwarae a daliwch ati i gasglu tlysau!,Your animals are waiting. Jump back in and keep collecting bubbles!,Je dieren wachten op je. Spring weer verder en verzamel meer bubbels!,"Push notification body after a long absence. Warm, never guilt-inducing.",Localizable.xcstrings
notif.comeback.body,en_nl_changed,da,Danish,Your animals are waiting. Jump back in and keep collecting nuts!,Je dieren wachten op je. Spring weer verder en verzamel meer noten!,Dine dyr venter. Kom tilbage for at spille og fortsæt med at samle trofæer!,Your animals are waiting. Jump back in and keep collecting bubbles!,Je dieren wachten op je. Spring weer verder en verzamel meer bubbels!,"Push notification body after a long absence. Warm, never guilt-inducing.",Localizable.xcstrings
notif.comeback.body,en_nl_changed,de,German,Your animals are waiting. Jump back in and keep collecting nuts!,Je dieren wachten op je. Spring weer verder en verzamel meer noten!,Deine Tiere warten. Komm zurück und sammle weiter Blasen!,Your animals are waiting. Jump back in and keep collecting bubbles!,Je dieren wachten op je. Spring weer verder en verzamel meer bubbels!,"Push notification body after a long absence. Warm, never guilt-inducing.",Localizable.xcstrings
notif.comeback.body,en_nl_changed,el,Greek,Your animals are waiting. Jump back in and keep collecting nuts!,Je dieren wachten op je. Spring weer verder en verzamel meer noten!,Τα ζώα σας περιμένουν. Επιστρέψτε για να παίξετε και συνεχίστε να μαζεύετε τρόπαια!,Your animals are waiting. Jump back in and keep collecting bubbles!,Je dieren wachten op je. Spring weer verder en verzamel meer bubbels!,"Push notification body after a long absence. Warm, never guilt-inducing.",Localizable.xcstrings
notif.comeback.body,en_nl_changed,es,Spanish,Your animals are waiting. Jump back in and keep collecting nuts!,Je dieren wachten op je. Spring weer verder en verzamel meer noten!,Tus animales te esperan. ¡Vuelve a jugar y sigue consiguiendo burbujas!,Your animals are waiting. Jump back in and keep collecting bubbles!,Je dieren wachten op je. Spring weer verder en verzamel meer bubbels!,"Push notification body after a long absence. Warm, never guilt-inducing.",Localizable.xcstrings
notif.comeback.body,en_nl_changed,et,Estonian,Your animals are waiting. Jump back in and keep collecting nuts!,Je dieren wachten op je. Spring weer verder en verzamel meer noten!,Teie loomad ootavad. Tulge tagasi mängima ja jätkake karikate kogumist!,Your animals are waiting. Jump back in and keep collecting bubbles!,Je dieren wachten op je. Spring weer verder en verzamel meer bubbels!,"Push notification body after a long absence. Warm, never guilt-inducing.",Localizable.xcstrings
notif.comeback.body,en_nl_changed,eu,Basque,Your animals are waiting. Jump back in and keep collecting nuts!,Je dieren wachten op je. Spring weer verder en verzamel meer noten!,Zure animaliak zain daude. Itzuli jolastera eta jarraitu garaikurrak biltzen!,Your animals are waiting. Jump back in and keep collecting bubbles!,Je dieren wachten op je. Spring weer verder en verzamel meer bubbels!,"Push notification body after a long absence. Warm, never guilt-inducing.",Localizable.xcstrings
notif.comeback.body,en_nl_changed,fa,Persian,Your animals are waiting. Jump back in and keep collecting nuts!,Je dieren wachten op je. Spring weer verder en verzamel meer noten!,حیوانات شما منتظر هستند. برای بازی برگردید و به جمع آوری غنائم ادامه دهید!,Your animals are waiting. Jump back in and keep collecting bubbles!,Je dieren wachten op je. Spring weer verder en verzamel meer bubbels!,"Push notification body after a long absence. Warm, never guilt-inducing.",Localizable.xcstrings
notif.comeback.body,en_nl_changed,fi,Finnish,Your animals are waiting. Jump back in and keep collecting nuts!,Je dieren wachten op je. Spring weer verder en verzamel meer noten!,Eläimesi odottavat. Tule takaisin pelaamaan ja jatka pokaalien keräämistä!,Your animals are waiting. Jump back in and keep collecting bubbles!,Je dieren wachten op je. Spring weer verder en verzamel meer bubbels!,"Push notification body after a long absence. Warm, never guilt-inducing.",Localizable.xcstrings
notif.comeback.body,en_nl_changed,fo,Faroese,Your animals are waiting. Jump back in and keep collecting nuts!,Je dieren wachten op je. Spring weer verder en verzamel meer noten!,Tíni djór bíða. Kom aftur at spæla og halt áfram at savna steyp!,Your animals are waiting. Jump back in and keep collecting bubbles!,Je dieren wachten op je. Spring weer verder en verzamel meer bubbels!,"Push notification body after a long absence. Warm, never guilt-inducing.",Localizable.xcstrings
notif.comeback.body,en_nl_changed,fr,French,Your animals are waiting. Jump back in and keep collecting nuts!,Je dieren wachten op je. Spring weer verder en verzamel meer noten!,Tes animaux t’attendent. Reviens jouer et ramasser des bulles !,Your animals are waiting. Jump back in and keep collecting bubbles!,Je dieren wachten op je. Spring weer verder en verzamel meer bubbels!,"Push notification body after a long absence. Warm, never guilt-inducing.",Localizable.xcstrings
notif.comeback.body,en_nl_changed,ga,Irish,Your animals are waiting. Jump back in and keep collecting nuts!,Je dieren wachten op je. Spring weer verder en verzamel meer noten!,Tá do chuid ainmhithe ag fanacht. Tar ar ais ag imirt agus lean ort ag bailiú trófaithe!,Your animals are waiting. Jump back in and keep collecting bubbles!,Je dieren wachten op je. Spring weer verder en verzamel meer bubbels!,"Push notification body after a long absence. Warm, never guilt-inducing.",Localizable.xcstrings
notif.comeback.body,en_nl_changed,gl,Galician,Your animals are waiting. Jump back in and keep collecting nuts!,Je dieren wachten op je. Spring weer verder en verzamel meer noten!,Os teus animais están esperando. Volve xogar e segue collendo trofeos!,Your animals are waiting. Jump back in and keep collecting bubbles!,Je dieren wachten op je. Spring weer verder en verzamel meer bubbels!,"Push notification body after a long absence. Warm, never guilt-inducing.",Localizable.xcstrings
notif.comeback.body,en_nl_changed,gu,Gujarati,Your animals are waiting. Jump back in and keep collecting nuts!,Je dieren wachten op je. Spring weer verder en verzamel meer noten!,તમારા પ્રાણીઓ રાહ જોઈ રહ્યા છે. રમવા માટે પાછા આવો અને ટ્રોફી એકત્રિત કરવાનું ચાલુ રાખો!,Your animals are waiting. Jump back in and keep collecting bubbles!,Je dieren wachten op je. Spring weer verder en verzamel meer bubbels!,"Push notification body after a long absence. Warm, never guilt-inducing.",Localizable.xcstrings
notif.comeback.body,en_nl_changed,he,Hebrew,Your animals are waiting. Jump back in and keep collecting nuts!,Je dieren wachten op je. Spring weer verder en verzamel meer noten!,החיות שלך מחכות. חזור לשחק ולהמשיך לאסוף גביעים!,Your animals are waiting. Jump back in and keep collecting bubbles!,Je dieren wachten op je. Spring weer verder en verzamel meer bubbels!,"Push notification body after a long absence. Warm, never guilt-inducing.",Localizable.xcstrings
notif.comeback.body,en_nl_changed,hi,Hindi,Your animals are waiting. Jump back in and keep collecting nuts!,Je dieren wachten op je. Spring weer verder en verzamel meer noten!,आपके जानवर इंतज़ार कर रहे हैं. खेलने के लिए वापस आएँ और ट्राफियाँ इकट्ठा करते रहें!,Your animals are waiting. Jump back in and keep collecting bubbles!,Je dieren wachten op je. Spring weer verder en verzamel meer bubbels!,"Push notification body after a long absence. Warm, never guilt-inducing.",Localizable.xcstrings
notif.comeback.body,en_nl_changed,hr,Croatian,Your animals are waiting. Jump back in and keep collecting nuts!,Je dieren wachten op je. Spring weer verder en verzamel meer noten!,Vaše životinje čekaju. Vratite se igrati i nastavite skupljati trofeje!,Your animals are waiting. Jump back in and keep collecting bubbles!,Je dieren wachten op je. Spring weer verder en verzamel meer bubbels!,"Push notification body after a long absence. Warm, never guilt-inducing.",Localizable.xcstrings
notif.comeback.body,en_nl_changed,hu,Hungarian,Your animals are waiting. Jump back in and keep collecting nuts!,Je dieren wachten op je. Spring weer verder en verzamel meer noten!,"Az állataid várnak. Gyere vissza játszani, és gyűjtsd tovább a buborék!",Your animals are waiting. Jump back in and keep collecting bubbles!,Je dieren wachten op je. Spring weer verder en verzamel meer bubbels!,"Push notification body after a long absence. Warm, never guilt-inducing.",Localizable.xcstrings
notif.comeback.body,en_nl_changed,hy,Armenian,Your animals are waiting. Jump back in and keep collecting nuts!,Je dieren wachten op je. Spring weer verder en verzamel meer noten!,Ձեր կենդանիները սպասում են:Վերադարձեք խաղալու և շարունակեք գավաթներ հավաքել:,Your animals are waiting. Jump back in and keep collecting bubbles!,Je dieren wachten op je. Spring weer verder en verzamel meer bubbels!,"Push notification body after a long absence. Warm, never guilt-inducing.",Localizable.xcstrings
notif.comeback.body,en_nl_changed,id,Indonesian,Your animals are waiting. Jump back in and keep collecting nuts!,Je dieren wachten op je. Spring weer verder en verzamel meer noten!,Hewan Anda sedang menunggu. Kembalilah bermain dan terus kumpulkan piala!,Your animals are waiting. Jump back in and keep collecting bubbles!,Je dieren wachten op je. Spring weer verder en verzamel meer bubbels!,"Push notification body after a long absence. Warm, never guilt-inducing.",Localizable.xcstrings
notif.comeback.body,en_nl_changed,is,Icelandic,Your animals are waiting. Jump back in and keep collecting nuts!,Je dieren wachten op je. Spring weer verder en verzamel meer noten!,Dýrin þín bíða. Komdu aftur til að spila og haltu áfram að safna titlum!,Your animals are waiting. Jump back in and keep collecting bubbles!,Je dieren wachten op je. Spring weer verder en verzamel meer bubbels!,"Push notification body after a long absence. Warm, never guilt-inducing.",Localizable.xcstrings
notif.comeback.body,en_nl_changed,it,Italian,Your animals are waiting. Jump back in and keep collecting nuts!,Je dieren wachten op je. Spring weer verder en verzamel meer noten!,I tuoi animali ti aspettano. Torna a giocare e raccogli altre bolle!,Your animals are waiting. Jump back in and keep collecting bubbles!,Je dieren wachten op je. Spring weer verder en verzamel meer bubbels!,"Push notification body after a long absence. Warm, never guilt-inducing.",Localizable.xcstrings
notif.comeback.body,en_nl_changed,ja,Japanese,Your animals are waiting. Jump back in and keep collecting nuts!,Je dieren wachten op je. Spring weer verder en verzamel meer noten!,あなたの動物たちが待っています。再びプレイしてバブルを集め続けましょう!,Your animals are waiting. Jump back in and keep collecting bubbles!,Je dieren wachten op je. Spring weer verder en verzamel meer bubbels!,"Push notification body after a long absence. Warm, never guilt-inducing.",Localizable.xcstrings
notif.comeback.body,en_nl_changed,ka,Georgian,Your animals are waiting. Jump back in and keep collecting nuts!,Je dieren wachten op je. Spring weer verder en verzamel meer noten!,თქვენი ცხოველები გელოდებიან. დაბრუნდი სათამაშოდ და გააგრძელე თასების შეგროვება!,Your animals are waiting. Jump back in and keep collecting bubbles!,Je dieren wachten op je. Spring weer verder en verzamel meer bubbels!,"Push notification body after a long absence. Warm, never guilt-inducing.",Localizable.xcstrings
notif.comeback.body,en_nl_changed,kk,Kazakh,Your animals are waiting. Jump back in and keep collecting nuts!,Je dieren wachten op je. Spring weer verder en verzamel meer noten!,Сіздің жануарларыңыз күтіп тұр. Ойынға оралыңыз және жүлделерді жинауды жалғастырыңыз!,Your animals are waiting. Jump back in and keep collecting bubbles!,Je dieren wachten op je. Spring weer verder en verzamel meer bubbels!,"Push notification body after a long absence. Warm, never guilt-inducing.",Localizable.xcstrings
notif.comeback.body,en_nl_changed,km,Khmer,Your animals are waiting. Jump back in and keep collecting nuts!,Je dieren wachten op je. Spring weer verder en verzamel meer noten!,សត្វរបស់អ្នកកំពុងរង់ចាំ។ត្រលប់មកលេង ហើយបន្តប្រមូលពានរង្វាន់!,Your animals are waiting. Jump back in and keep collecting bubbles!,Je dieren wachten op je. Spring weer verder en verzamel meer bubbels!,"Push notification body after a long absence. Warm, never guilt-inducing.",Localizable.xcstrings
notif.comeback.body,en_nl_changed,kn,Kannada,Your animals are waiting. Jump back in and keep collecting nuts!,Je dieren wachten op je. Spring weer verder en verzamel meer noten!,ನಿಮ್ಮ ಪ್ರಾಣಿಗಳು ಕಾಯುತ್ತಿವೆ. ಆಡಲು ಹಿಂತಿರುಗಿ ಮತ್ತು ಟ್ರೋಫಿಗಳನ್ನು ಸಂಗ್ರಹಿಸುವುದನ್ನು ಮುಂದುವರಿಸಿ!,Your animals are waiting. Jump back in and keep collecting bubbles!,Je dieren wachten op je. Spring weer verder en verzamel meer bubbels!,"Push notification body after a long absence. Warm, never guilt-inducing.",Localizable.xcstrings
notif.comeback.body,en_nl_changed,ko,Korean,Your animals are waiting. Jump back in and keep collecting nuts!,Je dieren wachten op je. Spring weer verder en verzamel meer noten!,당신의 동물들이 기다리고 있습니다. 다시 플레이하고 계속해서 버블을 모아보세요!,Your animals are waiting. Jump back in and keep collecting bubbles!,Je dieren wachten op je. Spring weer verder en verzamel meer bubbels!,"Push notification body after a long absence. Warm, never guilt-inducing.",Localizable.xcstrings
notif.comeback.body,en_nl_changed,lo,Lao,Your animals are waiting. Jump back in and keep collecting nuts!,Je dieren wachten op je. Spring weer verder en verzamel meer noten!,ສັດ​ຂອງ​ທ່ານ​ກໍາ​ລັງ​ລໍ​ຖ້າ​. ກັບມາຫຼິ້ນ ແລະເກັບລາງວັນຕໍ່ໄປ!,Your animals are waiting. Jump back in and keep collecting bubbles!,Je dieren wachten op je. Spring weer verder en verzamel meer bubbels!,"Push notification body after a long absence. Warm, never guilt-inducing.",Localizable.xcstrings
notif.comeback.body,en_nl_changed,lt,Lithuanian,Your animals are waiting. Jump back in and keep collecting nuts!,Je dieren wachten op je. Spring weer verder en verzamel meer noten!,Jūsų gyvūnai laukia. Grįžkite žaisti ir toliau rinkti trofėjus!,Your animals are waiting. Jump back in and keep collecting bubbles!,Je dieren wachten op je. Spring weer verder en verzamel meer bubbels!,"Push notification body after a long absence. Warm, never guilt-inducing.",Localizable.xcstrings
notif.comeback.body,en_nl_changed,lv,Latvian,Your animals are waiting. Jump back in and keep collecting nuts!,Je dieren wachten op je. Spring weer verder en verzamel meer noten!,Jūsu dzīvnieki gaida. Atgriezieties spēlēt un turpiniet vākt trofejas!,Your animals are waiting. Jump back in and keep collecting bubbles!,Je dieren wachten op je. Spring weer verder en verzamel meer bubbels!,"Push notification body after a long absence. Warm, never guilt-inducing.",Localizable.xcstrings
notif.comeback.body,en_nl_changed,mk,Macedonian,Your animals are waiting. Jump back in and keep collecting nuts!,Je dieren wachten op je. Spring weer verder en verzamel meer noten!,Вашите животни чекаат. Вратете се да играте и продолжете да собирате трофеи!,Your animals are waiting. Jump back in and keep collecting bubbles!,Je dieren wachten op je. Spring weer verder en verzamel meer bubbels!,"Push notification body after a long absence. Warm, never guilt-inducing.",Localizable.xcstrings
notif.comeback.body,en_nl_changed,ml,Malayalam,Your animals are waiting. Jump back in and keep collecting nuts!,Je dieren wachten op je. Spring weer verder en verzamel meer noten!,"നിങ്ങളുടെ മൃഗങ്ങൾ കാത്തിരിക്കുന്നു. കളിക്കാൻ തിരികെ വരിക, ട്രോഫികൾ ശേഖരിക്കുന്നത് തുടരുക!",Your animals are waiting. Jump back in and keep collecting bubbles!,Je dieren wachten op je. Spring weer verder en verzamel meer bubbels!,"Push notification body after a long absence. Warm, never guilt-inducing.",Localizable.xcstrings
notif.comeback.body,en_nl_changed,mn,Mongolian,Your animals are waiting. Jump back in and keep collecting nuts!,Je dieren wachten op je. Spring weer verder en verzamel meer noten!,Таны амьтад хүлээж байна. Тоглохоор буцаж ирээд цом цуглуулж байгаарай!,Your animals are waiting. Jump back in and keep collecting bubbles!,Je dieren wachten op je. Spring weer verder en verzamel meer bubbels!,"Push notification body after a long absence. Warm, never guilt-inducing.",Localizable.xcstrings
notif.comeback.body,en_nl_changed,mr,Marathi,Your animals are waiting. Jump back in and keep collecting nuts!,Je dieren wachten op je. Spring weer verder en verzamel meer noten!,तुमचे प्राणी वाट पाहत आहेत. खेळायला परत या आणि ट्रॉफी गोळा करत रहा!,Your animals are waiting. Jump back in and keep collecting bubbles!,Je dieren wachten op je. Spring weer verder en verzamel meer bubbels!,"Push notification body after a long absence. Warm, never guilt-inducing.",Localizable.xcstrings
notif.comeback.body,en_nl_changed,ms,Malay,Your animals are waiting. Jump back in and keep collecting nuts!,Je dieren wachten op je. Spring weer verder en verzamel meer noten!,Haiwan anda sedang menunggu. Kembali bermain dan terus mengumpul trofi!,Your animals are waiting. Jump back in and keep collecting bubbles!,Je dieren wachten op je. Spring weer verder en verzamel meer bubbels!,"Push notification body after a long absence. Warm, never guilt-inducing.",Localizable.xcstrings
notif.comeback.body,en_nl_changed,my,Burmese,Your animals are waiting. Jump back in and keep collecting nuts!,Je dieren wachten op je. Spring weer verder en verzamel meer noten!,မင်းရဲ့တိရစ္ဆာန်တွေက စောင့်နေတယ်။ပြန်လာကစားပြီး ဆုဖလားတွေ ဆက်လက်စုဆောင်းလိုက်ပါ။,Your animals are waiting. Jump back in and keep collecting bubbles!,Je dieren wachten op je. Spring weer verder en verzamel meer bubbels!,"Push notification body after a long absence. Warm, never guilt-inducing.",Localizable.xcstrings
notif.comeback.body,en_nl_changed,nb,Norwegian,Your animals are waiting. Jump back in and keep collecting nuts!,Je dieren wachten op je. Spring weer verder en verzamel meer noten!,Dyrene dine venter. Kom tilbake for å spille og fortsett å samle trofeer!,Your animals are waiting. Jump back in and keep collecting bubbles!,Je dieren wachten op je. Spring weer verder en verzamel meer bubbels!,"Push notification body after a long absence. Warm, never guilt-inducing.",Localizable.xcstrings
notif.comeback.body,en_nl_changed,ne,Nepali,Your animals are waiting. Jump back in and keep collecting nuts!,Je dieren wachten op je. Spring weer verder en verzamel meer noten!,तपाईंका जनावरहरू पर्खिरहेका छन्। खेल्न फिर्ता आउनुहोस् र ट्रफीहरू सङ्कलन गरिरहनुहोस्!,Your animals are waiting. Jump back in and keep collecting bubbles!,Je dieren wachten op je. Spring weer verder en verzamel meer bubbels!,"Push notification body after a long absence. Warm, never guilt-inducing.",Localizable.xcstrings
notif.comeback.body,en_nl_changed,or,Odia,Your animals are waiting. Jump back in and keep collecting nuts!,Je dieren wachten op je. Spring weer verder en verzamel meer noten!,ତୁମର ପଶୁମାନେ ଅପେକ୍ଷା କରିଛନ୍ତି |ଖେଳିବାକୁ ଫେରି ଆସ ଏବଂ ଟ୍ରଫି ସଂଗ୍ରହ ଜାରି ରଖ!,Your animals are waiting. Jump back in and keep collecting bubbles!,Je dieren wachten op je. Spring weer verder en verzamel meer bubbels!,"Push notification body after a long absence. Warm, never guilt-inducing.",Localizable.xcstrings
notif.comeback.body,en_nl_changed,pa,Punjabi,Your animals are waiting. Jump back in and keep collecting nuts!,Je dieren wachten op je. Spring weer verder en verzamel meer noten!,ਤੁਹਾਡੇ ਜਾਨਵਰ ਉਡੀਕ ਕਰ ਰਹੇ ਹਨ। ਖੇਡਣ ਲਈ ਵਾਪਸ ਆਓ ਅਤੇ ਟਰਾਫੀਆਂ ਇਕੱਠੀਆਂ ਕਰਦੇ ਰਹੋ!,Your animals are waiting. Jump back in and keep collecting bubbles!,Je dieren wachten op je. Spring weer verder en verzamel meer bubbels!,"Push notification body after a long absence. Warm, never guilt-inducing.",Localizable.xcstrings
notif.comeback.body,en_nl_changed,pl,Polish,Your animals are waiting. Jump back in and keep collecting nuts!,Je dieren wachten op je. Spring weer verder en verzamel meer noten!,Twoje zwierzaki czekają. Wróć do gry i zbieraj bąbelki!,Your animals are waiting. Jump back in and keep collecting bubbles!,Je dieren wachten op je. Spring weer verder en verzamel meer bubbels!,"Push notification body after a long absence. Warm, never guilt-inducing.",Localizable.xcstrings
notif.comeback.body,en_nl_changed,pt,Portuguese,Your animals are waiting. Jump back in and keep collecting nuts!,Je dieren wachten op je. Spring weer verder en verzamel meer noten!,Os teus animais estão à espera. Volta a jogar e apanha mais bolhas!,Your animals are waiting. Jump back in and keep collecting bubbles!,Je dieren wachten op je. Spring weer verder en verzamel meer bubbels!,"Push notification body after a long absence. Warm, never guilt-inducing.",Localizable.xcstrings
notif.comeback.body,en_nl_changed,ro,Romanian,Your animals are waiting. Jump back in and keep collecting nuts!,Je dieren wachten op je. Spring weer verder en verzamel meer noten!,Animalele tale așteaptă. Întoarce-te să joci și continuă să strângi trofee!,Your animals are waiting. Jump back in and keep collecting bubbles!,Je dieren wachten op je. Spring weer verder en verzamel meer bubbels!,"Push notification body after a long absence. Warm, never guilt-inducing.",Localizable.xcstrings
notif.comeback.body,en_nl_changed,ru,Russian,Your animals are waiting. Jump back in and keep collecting nuts!,Je dieren wachten op je. Spring weer verder en verzamel meer noten!,Твои животные ждут. Возвращайся и собирай пузыри!,Your animals are waiting. Jump back in and keep collecting bubbles!,Je dieren wachten op je. Spring weer verder en verzamel meer bubbels!,"Push notification body after a long absence. Warm, never guilt-inducing.",Localizable.xcstrings
notif.comeback.body,en_nl_changed,si,Sinhala,Your animals are waiting. Jump back in and keep collecting nuts!,Je dieren wachten op je. Spring weer verder en verzamel meer noten!,ඔබේ සතුන් බලා සිටී. ක්‍රීඩා කිරීමට නැවත පැමිණ කුසලාන එකතු කර ගන්න!,Your animals are waiting. Jump back in and keep collecting bubbles!,Je dieren wachten op je. Spring weer verder en verzamel meer bubbels!,"Push notification body after a long absence. Warm, never guilt-inducing.",Localizable.xcstrings
notif.comeback.body,en_nl_changed,sk,Slovak,Your animals are waiting. Jump back in and keep collecting nuts!,Je dieren wachten op je. Spring weer verder en verzamel meer noten!,Vaše zvieratá čakajú. Vráťte sa hrať a zbierajte trofeje!,Your animals are waiting. Jump back in and keep collecting bubbles!,Je dieren wachten op je. Spring weer verder en verzamel meer bubbels!,"Push notification body after a long absence. Warm, never guilt-inducing.",Localizable.xcstrings
notif.comeback.body,en_nl_changed,sl,Slovenian,Your animals are waiting. Jump back in and keep collecting nuts!,Je dieren wachten op je. Spring weer verder en verzamel meer noten!,Vaše živali čakajo. Vrnite se igrat in še naprej zbirajte trofeje!,Your animals are waiting. Jump back in and keep collecting bubbles!,Je dieren wachten op je. Spring weer verder en verzamel meer bubbels!,"Push notification body after a long absence. Warm, never guilt-inducing.",Localizable.xcstrings
notif.comeback.body,en_nl_changed,sq,Albanian,Your animals are waiting. Jump back in and keep collecting nuts!,Je dieren wachten op je. Spring weer verder en verzamel meer noten!,Kafshët tuaja janë duke pritur. Kthehuni për të luajtur dhe vazhdoni të mblidhni trofe!,Your animals are waiting. Jump back in and keep collecting bubbles!,Je dieren wachten op je. Spring weer verder en verzamel meer bubbels!,"Push notification body after a long absence. Warm, never guilt-inducing.",Localizable.xcstrings
notif.comeback.body,en_nl_changed,sr,Serbian,Your animals are waiting. Jump back in and keep collecting nuts!,Je dieren wachten op je. Spring weer verder en verzamel meer noten!,Ваше животиње чекају. Вратите се да играте и наставите да сакупљате трофеје!,Your animals are waiting. Jump back in and keep collecting bubbles!,Je dieren wachten op je. Spring weer verder en verzamel meer bubbels!,"Push notification body after a long absence. Warm, never guilt-inducing.",Localizable.xcstrings
notif.comeback.body,en_nl_changed,sv,Swedish,Your animals are waiting. Jump back in and keep collecting nuts!,Je dieren wachten op je. Spring weer verder en verzamel meer noten!,Dina djur väntar. Kom tillbaka för att spela och fortsätt samla troféer!,Your animals are waiting. Jump back in and keep collecting bubbles!,Je dieren wachten op je. Spring weer verder en verzamel meer bubbels!,"Push notification body after a long absence. Warm, never guilt-inducing.",Localizable.xcstrings
notif.comeback.body,en_nl_changed,sw,Swahili,Your animals are waiting. Jump back in and keep collecting nuts!,Je dieren wachten op je. Spring weer verder en verzamel meer noten!,Wanyama wako wanasubiri. Rudi kucheza na uendelee kukusanya vikombe!,Your animals are waiting. Jump back in and keep collecting bubbles!,Je dieren wachten op je. Spring weer verder en verzamel meer bubbels!,"Push notification body after a long absence. Warm, never guilt-inducing.",Localizable.xcstrings
notif.comeback.body,en_nl_changed,ta,Tamil,Your animals are waiting. Jump back in and keep collecting nuts!,Je dieren wachten op je. Spring weer verder en verzamel meer noten!,"உங்கள் விலங்குகள் காத்திருக்கின்றன. விளையாட மீண்டும் வாருங்கள், கோப்பைகளை சேகரித்துக்கொண்டே இருங்கள்!",Your animals are waiting. Jump back in and keep collecting bubbles!,Je dieren wachten op je. Spring weer verder en verzamel meer bubbels!,"Push notification body after a long absence. Warm, never guilt-inducing.",Localizable.xcstrings
notif.comeback.body,en_nl_changed,te,Telugu,Your animals are waiting. Jump back in and keep collecting nuts!,Je dieren wachten op je. Spring weer verder en verzamel meer noten!,నీ జంతువులు ఎదురుచూస్తున్నాయి. మళ్లీ వచ్చి ట్రోఫీలు సేకరిస్తూ ఉండు!,Your animals are waiting. Jump back in and keep collecting bubbles!,Je dieren wachten op je. Spring weer verder en verzamel meer bubbels!,"Push notification body after a long absence. Warm, never guilt-inducing.",Localizable.xcstrings
notif.comeback.body,en_nl_changed,th,Thai,Your animals are waiting. Jump back in and keep collecting nuts!,Je dieren wachten op je. Spring weer verder en verzamel meer noten!,สัตว์ของคุณกำลังรออยู่กลับมาเล่นสะสมฟองสบู่กันต่อ!,Your animals are waiting. Jump back in and keep collecting bubbles!,Je dieren wachten op je. Spring weer verder en verzamel meer bubbels!,"Push notification body after a long absence. Warm, never guilt-inducing.",Localizable.xcstrings
notif.comeback.body,en_nl_changed,tr,Turkish,Your animals are waiting. Jump back in and keep collecting nuts!,Je dieren wachten op je. Spring weer verder en verzamel meer noten!,Hayvanlarınız bekliyor. Oynamak için geri gelin ve baloncuk toplamaya devam edin!,Your animals are waiting. Jump back in and keep collecting bubbles!,Je dieren wachten op je. Spring weer verder en verzamel meer bubbels!,"Push notification body after a long absence. Warm, never guilt-inducing.",Localizable.xcstrings
notif.comeback.body,en_nl_changed,ug,Uyghur,Your animals are waiting. Jump back in and keep collecting nuts!,Je dieren wachten op je. Spring weer verder en verzamel meer noten!,ھايۋانلىرىڭىز ساقلاۋاتىدۇ. قايتىپ كېلىپ داۋاملىق لوڭقا يىغىڭ!,Your animals are waiting. Jump back in and keep collecting bubbles!,Je dieren wachten op je. Spring weer verder en verzamel meer bubbels!,"Push notification body after a long absence. Warm, never guilt-inducing.",Localizable.xcstrings
notif.comeback.body,en_nl_changed,uk,Ukrainian,Your animals are waiting. Jump back in and keep collecting nuts!,Je dieren wachten op je. Spring weer verder en verzamel meer noten!,Ваші тварини чекають. Повертайтеся до гри та продовжуйте збирати трофеї!,Your animals are waiting. Jump back in and keep collecting bubbles!,Je dieren wachten op je. Spring weer verder en verzamel meer bubbels!,"Push notification body after a long absence. Warm, never guilt-inducing.",Localizable.xcstrings
notif.comeback.body,en_nl_changed,ur,Urdu,Your animals are waiting. Jump back in and keep collecting nuts!,Je dieren wachten op je. Spring weer verder en verzamel meer noten!,آپ کے جانور انتظار کر رہے ہیں۔کھیلنے کے لیے واپس آئیں اور ٹرافیاں جمع کرتے رہیں!,Your animals are waiting. Jump back in and keep collecting bubbles!,Je dieren wachten op je. Spring weer verder en verzamel meer bubbels!,"Push notification body after a long absence. Warm, never guilt-inducing.",Localizable.xcstrings
notif.comeback.body,en_nl_changed,uz,Uzbek,Your animals are waiting. Jump back in and keep collecting nuts!,Je dieren wachten op je. Spring weer verder en verzamel meer noten!,Sizning hayvonlar kutmoqda. O'ynash uchun qaytib keling va sovrinlar yig'ishda davom eting!,Your animals are waiting. Jump back in and keep collecting bubbles!,Je dieren wachten op je. Spring weer verder en verzamel meer bubbels!,"Push notification body after a long absence. Warm, never guilt-inducing.",Localizable.xcstrings
notif.comeback.body,en_nl_changed,vi,Vietnamese,Your animals are waiting. Jump back in and keep collecting nuts!,Je dieren wachten op je. Spring weer verder en verzamel meer noten!,Động vật của bạn đang chờ đợi. Hãy quay lại chơi và tiếp tục thu thập chiến lợi phẩm!,Your animals are waiting. Jump back in and keep collecting bubbles!,Je dieren wachten op je. Spring weer verder en verzamel meer bubbels!,"Push notification body after a long absence. Warm, never guilt-inducing.",Localizable.xcstrings
notif.comeback.body,en_nl_changed,zh,Chinese,Your animals are waiting. Jump back in and keep collecting nuts!,Je dieren wachten op je. Spring weer verder en verzamel meer noten!,你的动物正在等待。回来玩并继续收集泡泡！,Your animals are waiting. Jump back in and keep collecting bubbles!,Je dieren wachten op je. Spring weer verder en verzamel meer bubbels!,"Push notification body after a long absence. Warm, never guilt-inducing.",Localizable.xcstrings
notif.comeback.body,en_nl_changed,zu,Zulu,Your animals are waiting. Jump back in and keep collecting nuts!,Je dieren wachten op je. Spring weer verder en verzamel meer noten!,Izilwane zakho zilindile. Buya uzodlala futhi uqhubeke nokuqoqa izindebe!,Your animals are waiting. Jump back in and keep collecting bubbles!,Je dieren wachten op je. Spring weer verder en verzamel meer bubbels!,"Push notification body after a long absence. Warm, never guilt-inducing.",Localizable.xcstrings
notif.reactivate.body %lld,en_nl_changed,af,Afrikaans,one: It’s been %lld day. Let’s solve some sums and collect more nuts! | other: It’s been %lld days. Let’s solve some sums and collect more nuts!,one: Het is %lld dag geleden. Tijd voor wat sommen en nieuwe noten! | other: Het is %lld dagen geleden. Tijd voor wat sommen en nieuwe noten!,one: Dit is al %lld dae. Kom ons los 'n paar wiskunde-oefeninge op en verdien meer trofeë! | other: Dit is al %lld dae. Kom ons los 'n paar wiskunde-oefeninge op en verdien meer trofeë!,one: It’s been %lld day. Let’s solve some sums and collect more bubbles! | other: It’s been %lld days. Let’s solve some sums and collect more bubbles!,one: Het is %lld dag geleden. Tijd voor wat sommen en nieuwe bubbels! | other: Het is %lld dagen geleden. Tijd voor wat sommen en nieuwe bubbels!,Push notification body after a very long absence. The argument is the number of days since the last session.,Localizable.xcstrings
notif.reactivate.body %lld,en_nl_changed,am,Amharic,one: It’s been %lld day. Let’s solve some sums and collect more nuts! | other: It’s been %lld days. Let’s solve some sums and collect more nuts!,one: Het is %lld dag geleden. Tijd voor wat sommen en nieuwe noten! | other: Het is %lld dagen geleden. Tijd voor wat sommen en nieuwe noten!,one: %lld ቀን ሆኖታል።አንዳንድ የሂሳብ ልምምዶችን እንፍታ እና ብዙ ዋንጫዎችን እናገኝ! | other: %lld ቀን ሆኖታል።አንዳንድ የሂሳብ ልምምዶችን እንፍታ እና ብዙ ዋንጫዎችን እናገኝ!,one: It’s been %lld day. Let’s solve some sums and collect more bubbles! | other: It’s been %lld days. Let’s solve some sums and collect more bubbles!,one: Het is %lld dag geleden. Tijd voor wat sommen en nieuwe bubbels! | other: Het is %lld dagen geleden. Tijd voor wat sommen en nieuwe bubbels!,Push notification body after a very long absence. The argument is the number of days since the last session.,Localizable.xcstrings
notif.reactivate.body %lld,en_nl_changed,ar,Arabic,one: It’s been %lld day. Let’s solve some sums and collect more nuts! | other: It’s been %lld days. Let’s solve some sums and collect more nuts!,one: Het is %lld dag geleden. Tijd voor wat sommen en nieuwe noten! | other: Het is %lld dagen geleden. Tijd voor wat sommen en nieuwe noten!,one: لقد مرت %lld أيام. دعونا نحل بعض تمارين الرياضيات ونكسب المزيد من الجوائز! | other: لقد مرت %lld أيام. دعونا نحل بعض تمارين الرياضيات ونكسب المزيد من الجوائز!,one: It’s been %lld day. Let’s solve some sums and collect more bubbles! | other: It’s been %lld days. Let’s solve some sums and collect more bubbles!,one: Het is %lld dag geleden. Tijd voor wat sommen en nieuwe bubbels! | other: Het is %lld dagen geleden. Tijd voor wat sommen en nieuwe bubbels!,Push notification body after a very long absence. The argument is the number of days since the last session.,Localizable.xcstrings
notif.reactivate.body %lld,en_nl_changed,as,Assamese,one: It’s been %lld day. Let’s solve some sums and collect more nuts! | other: It’s been %lld days. Let’s solve some sums and collect more nuts!,one: Het is %lld dag geleden. Tijd voor wat sommen en nieuwe noten! | other: Het is %lld dagen geleden. Tijd voor wat sommen en nieuwe noten!,one: %lld দিন হ'ল। আহকচোন কিছুমান গণিতৰ অনুশীলন সমাধান কৰি আৰু অধিক ট্ৰফী উপাৰ্জন কৰো! | other: %lld দিন হ'ল। আহকচোন কিছুমান গণিতৰ অনুশীলন সমাধান কৰি আৰু অধিক ট্ৰফী উপাৰ্জন কৰো!,one: It’s been %lld day. Let’s solve some sums and collect more bubbles! | other: It’s been %lld days. Let’s solve some sums and collect more bubbles!,one: Het is %lld dag geleden. Tijd voor wat sommen en nieuwe bubbels! | other: Het is %lld dagen geleden. Tijd voor wat sommen en nieuwe bubbels!,Push notification body after a very long absence. The argument is the number of days since the last session.,Localizable.xcstrings
notif.reactivate.body %lld,en_nl_changed,az,Azerbaijani,one: It’s been %lld day. Let’s solve some sums and collect more nuts! | other: It’s been %lld days. Let’s solve some sums and collect more nuts!,one: Het is %lld dag geleden. Tijd voor wat sommen en nieuwe noten! | other: Het is %lld dagen geleden. Tijd voor wat sommen en nieuwe noten!,one: %lld gün keçdi. Gəlin bəzi riyaziyyat tapşırıqlarını həll edək və daha çox kubok qazanaq! | other: %lld gün keçdi. Gəlin bəzi riyaziyyat tapşırıqlarını həll edək və daha çox kubok qazanaq!,one: It’s been %lld day. Let’s solve some sums and collect more bubbles! | other: It’s been %lld days. Let’s solve some sums and collect more bubbles!,one: Het is %lld dag geleden. Tijd voor wat sommen en nieuwe bubbels! | other: Het is %lld dagen geleden. Tijd voor wat sommen en nieuwe bubbels!,Push notification body after a very long absence. The argument is the number of days since the last session.,Localizable.xcstrings
notif.reactivate.body %lld,en_nl_changed,be,Belarusian,one: It’s been %lld day. Let’s solve some sums and collect more nuts! | other: It’s been %lld days. Let’s solve some sums and collect more nuts!,one: Het is %lld dag geleden. Tijd voor wat sommen en nieuwe noten! | other: Het is %lld dagen geleden. Tijd voor wat sommen en nieuwe noten!,one: Прайшло %lld дні. Давайце разгадаем матэматычныя заданні і заробім больш трафеяў! | other: Прайшло %lld дні. Давайце разгадаем матэматычныя заданні і заробім больш трафеяў!,one: It’s been %lld day. Let’s solve some sums and collect more bubbles! | other: It’s been %lld days. Let’s solve some sums and collect more bubbles!,one: Het is %lld dag geleden. Tijd voor wat sommen en nieuwe bubbels! | other: Het is %lld dagen geleden. Tijd voor wat sommen en nieuwe bubbels!,Push notification body after a very long absence. The argument is the number of days since the last session.,Localizable.xcstrings
notif.reactivate.body %lld,en_nl_changed,bg,Bulgarian,one: It’s been %lld day. Let’s solve some sums and collect more nuts! | other: It’s been %lld days. Let’s solve some sums and collect more nuts!,one: Het is %lld dag geleden. Tijd voor wat sommen en nieuwe noten! | other: Het is %lld dagen geleden. Tijd voor wat sommen en nieuwe noten!,one: Минаха %lld дни. Нека да решим някои математически упражнения и да спечелим повече трофеи! | other: Минаха %lld дни. Нека да решим някои математически упражнения и да спечелим повече трофеи!,one: It’s been %lld day. Let’s solve some sums and collect more bubbles! | other: It’s been %lld days. Let’s solve some sums and collect more bubbles!,one: Het is %lld dag geleden. Tijd voor wat sommen en nieuwe bubbels! | other: Het is %lld dagen geleden. Tijd voor wat sommen en nieuwe bubbels!,Push notification body after a very long absence. The argument is the number of days since the last session.,Localizable.xcstrings
notif.reactivate.body %lld,en_nl_changed,bn,Bengali,one: It’s been %lld day. Let’s solve some sums and collect more nuts! | other: It’s been %lld days. Let’s solve some sums and collect more nuts!,one: Het is %lld dag geleden. Tijd voor wat sommen en nieuwe noten! | other: Het is %lld dagen geleden. Tijd voor wat sommen en nieuwe noten!,one: %lld দিন হয়ে গেল। আসুন কিছু গণিত অনুশীলন সমাধান করি এবং আরও ট্রফি অর্জন করি! | other: %lld দিন হয়ে গেল। আসুন কিছু গণিত অনুশীলন সমাধান করি এবং আরও ট্রফি অর্জন করি!,one: It’s been %lld day. Let’s solve some sums and collect more bubbles! | other: It’s been %lld days. Let’s solve some sums and collect more bubbles!,one: Het is %lld dag geleden. Tijd voor wat sommen en nieuwe bubbels! | other: Het is %lld dagen geleden. Tijd voor wat sommen en nieuwe bubbels!,Push notification body after a very long absence. The argument is the number of days since the last session.,Localizable.xcstrings
notif.reactivate.body %lld,en_nl_changed,bo,Tibetan,one: It’s been %lld day. Let’s solve some sums and collect more nuts! | other: It’s been %lld days. Let’s solve some sums and collect more nuts!,one: Het is %lld dag geleden. Tijd voor wat sommen en nieuwe noten! | other: Het is %lld dagen geleden. Tijd voor wat sommen en nieuwe noten!,one: ཉིན་ %lld ཕྱིན་སོང་།ང་ཚོས་ཨང་རྩིས་སྦྱོང་བརྡར་ཁ་ཤས་ཐག་གཅོད་བྱས་ནས་རྟགས་མ་མང་བ་རག་རོགས། | other: ཉིན་ %lld ཕྱིན་སོང་།ང་ཚོས་ཨང་རྩིས་སྦྱོང་བརྡར་ཁ་ཤས་ཐག་གཅོད་བྱས་ནས་རྟགས་མ་མང་བ་རག་རོགས།,one: It’s been %lld day. Let’s solve some sums and collect more bubbles! | other: It’s been %lld days. Let’s solve some sums and collect more bubbles!,one: Het is %lld dag geleden. Tijd voor wat sommen en nieuwe bubbels! | other: Het is %lld dagen geleden. Tijd voor wat sommen en nieuwe bubbels!,Push notification body after a very long absence. The argument is the number of days since the last session.,Localizable.xcstrings
notif.reactivate.body %lld,en_nl_changed,bs,Bosnian,one: It’s been %lld day. Let’s solve some sums and collect more nuts! | other: It’s been %lld days. Let’s solve some sums and collect more nuts!,one: Het is %lld dag geleden. Tijd voor wat sommen en nieuwe noten! | other: Het is %lld dagen geleden. Tijd voor wat sommen en nieuwe noten!,one: Prošlo je %lld dana. Hajde da riješimo neke matematičke vježbe i zaradimo još trofeja! | other: Prošlo je %lld dana. Hajde da riješimo neke matematičke vježbe i zaradimo još trofeja!,one: It’s been %lld day. Let’s solve some sums and collect more bubbles! | other: It’s been %lld days. Let’s solve some sums and collect more bubbles!,one: Het is %lld dag geleden. Tijd voor wat sommen en nieuwe bubbels! | other: Het is %lld dagen geleden. Tijd voor wat sommen en nieuwe bubbels!,Push notification body after a very long absence. The argument is the number of days since the last session.,Localizable.xcstrings
notif.reactivate.body %lld,en_nl_changed,ca,Catalan,one: It’s been %lld day. Let’s solve some sums and collect more nuts! | other: It’s been %lld days. Let’s solve some sums and collect more nuts!,one: Het is %lld dag geleden. Tijd voor wat sommen en nieuwe noten! | other: Het is %lld dagen geleden. Tijd voor wat sommen en nieuwe noten!,one: Han passat %lld dies. Anem a resoldre alguns exercicis de matemàtiques i guanyar més trofeus! | other: Han passat %lld dies. Anem a resoldre alguns exercicis de matemàtiques i guanyar més trofeus!,one: It’s been %lld day. Let’s solve some sums and collect more bubbles! | other: It’s been %lld days. Let’s solve some sums and collect more bubbles!,one: Het is %lld dag geleden. Tijd voor wat sommen en nieuwe bubbels! | other: Het is %lld dagen geleden. Tijd voor wat sommen en nieuwe bubbels!,Push notification body after a very long absence. The argument is the number of days since the last session.,Localizable.xcstrings
notif.reactivate.body %lld,en_nl_changed,cs,Czech,one: It’s been %lld day. Let’s solve some sums and collect more nuts! | other: It’s been %lld days. Let’s solve some sums and collect more nuts!,one: Het is %lld dag geleden. Tijd voor wat sommen en nieuwe noten! | other: Het is %lld dagen geleden. Tijd voor wat sommen en nieuwe noten!,one: Jsou to %lld dny. Pojďme vyřešit pár matematických cvičení a vydělat více trofejí! | other: Jsou to %lld dny. Pojďme vyřešit pár matematických cvičení a vydělat více trofejí!,one: It’s been %lld day. Let’s solve some sums and collect more bubbles! | other: It’s been %lld days. Let’s solve some sums and collect more bubbles!,one: Het is %lld dag geleden. Tijd voor wat sommen en nieuwe bubbels! | other: Het is %lld dagen geleden. Tijd voor wat sommen en nieuwe bubbels!,Push notification body after a very long absence. The argument is the number of days since the last session.,Localizable.xcstrings
notif.reactivate.body %lld,en_nl_changed,cy,Welsh,one: It’s been %lld day. Let’s solve some sums and collect more nuts! | other: It’s been %lld days. Let’s solve some sums and collect more nuts!,one: Het is %lld dag geleden. Tijd voor wat sommen en nieuwe noten! | other: Het is %lld dagen geleden. Tijd voor wat sommen en nieuwe noten!,one: Mae wedi bod yn %lld diwrnod. Gadewch i ni ddatrys rhai ymarferion mathemateg ac ennill mwy o dlysau! | other: Mae wedi bod yn %lld diwrnod. Gadewch i ni ddatrys rhai ymarferion mathemateg ac ennill mwy o dlysau!,one: It’s been %lld day. Let’s solve some sums and collect more bubbles! | other: It’s been %lld days. Let’s solve some sums and collect more bubbles!,one: Het is %lld dag geleden. Tijd voor wat sommen en nieuwe bubbels! | other: Het is %lld dagen geleden. Tijd voor wat sommen en nieuwe bubbels!,Push notification body after a very long absence. The argument is the number of days since the last session.,Localizable.xcstrings
notif.reactivate.body %lld,en_nl_changed,da,Danish,one: It’s been %lld day. Let’s solve some sums and collect more nuts! | other: It’s been %lld days. Let’s solve some sums and collect more nuts!,one: Het is %lld dag geleden. Tijd voor wat sommen en nieuwe noten! | other: Het is %lld dagen geleden. Tijd voor wat sommen en nieuwe noten!,one: Der er gået %lld dage. Lad os løse nogle matematikøvelser og tjene flere trofæer! | other: Der er gået %lld dage. Lad os løse nogle matematikøvelser og tjene flere trofæer!,one: It’s been %lld day. Let’s solve some sums and collect more bubbles! | other: It’s been %lld days. Let’s solve some sums and collect more bubbles!,one: Het is %lld dag geleden. Tijd voor wat sommen en nieuwe bubbels! | other: Het is %lld dagen geleden. Tijd voor wat sommen en nieuwe bubbels!,Push notification body after a very long absence. The argument is the number of days since the last session.,Localizable.xcstrings
notif.reactivate.body %lld,en_nl_changed,de,German,one: It’s been %lld day. Let’s solve some sums and collect more nuts! | other: It’s been %lld days. Let’s solve some sums and collect more nuts!,one: Het is %lld dag geleden. Tijd voor wat sommen en nieuwe noten! | other: Het is %lld dagen geleden. Tijd voor wat sommen en nieuwe noten!,one: Es ist %lld Tag her. Lass uns rechnen und Blasen sammeln! | other: Es sind %lld Tage her. Lass uns rechnen und Blasen sammeln!,one: It’s been %lld day. Let’s solve some sums and collect more bubbles! | other: It’s been %lld days. Let’s solve some sums and collect more bubbles!,one: Het is %lld dag geleden. Tijd voor wat sommen en nieuwe bubbels! | other: Het is %lld dagen geleden. Tijd voor wat sommen en nieuwe bubbels!,Push notification body after a very long absence. The argument is the number of days since the last session.,Localizable.xcstrings
notif.reactivate.body %lld,en_nl_changed,el,Greek,one: It’s been %lld day. Let’s solve some sums and collect more nuts! | other: It’s been %lld days. Let’s solve some sums and collect more nuts!,one: Het is %lld dag geleden. Tijd voor wat sommen en nieuwe noten! | other: Het is %lld dagen geleden. Tijd voor wat sommen en nieuwe noten!,one: Έχουν περάσει %lld μέρες. Ας λύσουμε μερικές ασκήσεις μαθηματικών και ας κερδίσουμε περισσότερα τρόπαια! | other: Έχουν περάσει %lld μέρες. Ας λύσουμε μερικές ασκήσεις μαθηματικών και ας κερδίσουμε περισσότερα τρόπαια!,one: It’s been %lld day. Let’s solve some sums and collect more bubbles! | other: It’s been %lld days. Let’s solve some sums and collect more bubbles!,one: Het is %lld dag geleden. Tijd voor wat sommen en nieuwe bubbels! | other: Het is %lld dagen geleden. Tijd voor wat sommen en nieuwe bubbels!,Push notification body after a very long absence. The argument is the number of days since the last session.,Localizable.xcstrings
notif.reactivate.body %lld,en_nl_changed,es,Spanish,one: It’s been %lld day. Let’s solve some sums and collect more nuts! | other: It’s been %lld days. Let’s solve some sums and collect more nuts!,one: Het is %lld dag geleden. Tijd voor wat sommen en nieuwe noten! | other: Het is %lld dagen geleden. Tijd voor wat sommen en nieuwe noten!,one: Ha pasado %lld día. ¡Vamos a hacer sumas y conseguir burbujas! | other: Han pasado %lld días. ¡Vamos a hacer sumas y conseguir burbujas!,one: It’s been %lld day. Let’s solve some sums and collect more bubbles! | other: It’s been %lld days. Let’s solve some sums and collect more bubbles!,one: Het is %lld dag geleden. Tijd voor wat sommen en nieuwe bubbels! | other: Het is %lld dagen geleden. Tijd voor wat sommen en nieuwe bubbels!,Push notification body after a very long absence. The argument is the number of days since the last session.,Localizable.xcstrings
notif.reactivate.body %lld,en_nl_changed,et,Estonian,one: It’s been %lld day. Let’s solve some sums and collect more nuts! | other: It’s been %lld days. Let’s solve some sums and collect more nuts!,one: Het is %lld dag geleden. Tijd voor wat sommen en nieuwe noten! | other: Het is %lld dagen geleden. Tijd voor wat sommen en nieuwe noten!,one: %lld päeva on möödas. Lahendame mõned matemaatikaülesanded ja teenime rohkem karikaid! | other: %lld päeva on möödas. Lahendame mõned matemaatikaülesanded ja teenime rohkem karikaid!,one: It’s been %lld day. Let’s solve some sums and collect more bubbles! | other: It’s been %lld days. Let’s solve some sums and collect more bubbles!,one: Het is %lld dag geleden. Tijd voor wat sommen en nieuwe bubbels! | other: Het is %lld dagen geleden. Tijd voor wat sommen en nieuwe bubbels!,Push notification body after a very long absence. The argument is the number of days since the last session.,Localizable.xcstrings
notif.reactivate.body %lld,en_nl_changed,eu,Basque,one: It’s been %lld day. Let’s solve some sums and collect more nuts! | other: It’s been %lld days. Let’s solve some sums and collect more nuts!,one: Het is %lld dag geleden. Tijd voor wat sommen en nieuwe noten! | other: Het is %lld dagen geleden. Tijd voor wat sommen en nieuwe noten!,one: %lld egun pasa dira. Ebatzi ditzagun matematikako ariketa batzuk eta irabaz ditzagun garaikur gehiago! | other: %lld egun pasa dira. Ebatzi ditzagun matematikako ariketa batzuk eta irabaz ditzagun garaikur gehiago!,one: It’s been %lld day. Let’s solve some sums and collect more bubbles! | other: It’s been %lld days. Let’s solve some sums and collect more bubbles!,one: Het is %lld dag geleden. Tijd voor wat sommen en nieuwe bubbels! | other: Het is %lld dagen geleden. Tijd voor wat sommen en nieuwe bubbels!,Push notification body after a very long absence. The argument is the number of days since the last session.,Localizable.xcstrings
notif.reactivate.body %lld,en_nl_changed,fa,Persian,one: It’s been %lld day. Let’s solve some sums and collect more nuts! | other: It’s been %lld days. Let’s solve some sums and collect more nuts!,one: Het is %lld dag geleden. Tijd voor wat sommen en nieuwe noten! | other: Het is %lld dagen geleden. Tijd voor wat sommen en nieuwe noten!,one: %lld روز گذشتبیایید چند تمرین ریاضی را حل کنیم و غنائم بیشتری کسب کنیم! | other: %lld روز گذشتبیایید چند تمرین ریاضی را حل کنیم و غنائم بیشتری کسب کنیم!,one: It’s been %lld day. Let’s solve some sums and collect more bubbles! | other: It’s been %lld days. Let’s solve some sums and collect more bubbles!,one: Het is %lld dag geleden. Tijd voor wat sommen en nieuwe bubbels! | other: Het is %lld dagen geleden. Tijd voor wat sommen en nieuwe bubbels!,Push notification body after a very long absence. The argument is the number of days since the last session.,Localizable.xcstrings
notif.reactivate.body %lld,en_nl_changed,fi,Finnish,one: It’s been %lld day. Let’s solve some sums and collect more nuts! | other: It’s been %lld days. Let’s solve some sums and collect more nuts!,one: Het is %lld dag geleden. Tijd voor wat sommen en nieuwe noten! | other: Het is %lld dagen geleden. Tijd voor wat sommen en nieuwe noten!,one: Siitä on %lld päivää. Ratkaistaan ​​matemaattisia tehtäviä ja ansaitaan lisää pokaaleja! | other: Siitä on %lld päivää. Ratkaistaan ​​matemaattisia tehtäviä ja ansaitaan lisää pokaaleja!,one: It’s been %lld day. Let’s solve some sums and collect more bubbles! | other: It’s been %lld days. Let’s solve some sums and collect more bubbles!,one: Het is %lld dag geleden. Tijd voor wat sommen en nieuwe bubbels! | other: Het is %lld dagen geleden. Tijd voor wat sommen en nieuwe bubbels!,Push notification body after a very long absence. The argument is the number of days since the last session.,Localizable.xcstrings
notif.reactivate.body %lld,en_nl_changed,fo,Faroese,one: It’s been %lld day. Let’s solve some sums and collect more nuts! | other: It’s been %lld days. Let’s solve some sums and collect more nuts!,one: Het is %lld dag geleden. Tijd voor wat sommen en nieuwe noten! | other: Het is %lld dagen geleden. Tijd voor wat sommen en nieuwe noten!,one: Tað eru %lld dagar síðani. Latið okkum loysa nakrar støddfrøðiligar uppgávur og vinna okkum fleiri steyp! | other: Tað eru %lld dagar síðani. Latið okkum loysa nakrar støddfrøðiligar uppgávur og vinna okkum fleiri steyp!,one: It’s been %lld day. Let’s solve some sums and collect more bubbles! | other: It’s been %lld days. Let’s solve some sums and collect more bubbles!,one: Het is %lld dag geleden. Tijd voor wat sommen en nieuwe bubbels! | other: Het is %lld dagen geleden. Tijd voor wat sommen en nieuwe bubbels!,Push notification body after a very long absence. The argument is the number of days since the last session.,Localizable.xcstrings
notif.reactivate.body %lld,en_nl_changed,fr,French,one: It’s been %lld day. Let’s solve some sums and collect more nuts! | other: It’s been %lld days. Let’s solve some sums and collect more nuts!,one: Het is %lld dag geleden. Tijd voor wat sommen en nieuwe noten! | other: Het is %lld dagen geleden. Tijd voor wat sommen en nieuwe noten!,"one: Ça fait %lld jour. Allez, des calculs et des bulles ! | other: Ça fait %lld jours. Allez, des calculs et des bulles !",one: It’s been %lld day. Let’s solve some sums and collect more bubbles! | other: It’s been %lld days. Let’s solve some sums and collect more bubbles!,one: Het is %lld dag geleden. Tijd voor wat sommen en nieuwe bubbels! | other: Het is %lld dagen geleden. Tijd voor wat sommen en nieuwe bubbels!,Push notification body after a very long absence. The argument is the number of days since the last session.,Localizable.xcstrings
notif.reactivate.body %lld,en_nl_changed,ga,Irish,one: It’s been %lld day. Let’s solve some sums and collect more nuts! | other: It’s been %lld days. Let’s solve some sums and collect more nuts!,one: Het is %lld dag geleden. Tijd voor wat sommen en nieuwe noten! | other: Het is %lld dagen geleden. Tijd voor wat sommen en nieuwe noten!,one: Tá sé %lld lá. Déanaimis roinnt cleachtaí matamaitice a réiteach agus níos mó trófaithe a thuilleamh! | other: Tá sé %lld lá. Déanaimis roinnt cleachtaí matamaitice a réiteach agus níos mó trófaithe a thuilleamh!,one: It’s been %lld day. Let’s solve some sums and collect more bubbles! | other: It’s been %lld days. Let’s solve some sums and collect more bubbles!,one: Het is %lld dag geleden. Tijd voor wat sommen en nieuwe bubbels! | other: Het is %lld dagen geleden. Tijd voor wat sommen en nieuwe bubbels!,Push notification body after a very long absence. The argument is the number of days since the last session.,Localizable.xcstrings
notif.reactivate.body %lld,en_nl_changed,gl,Galician,one: It’s been %lld day. Let’s solve some sums and collect more nuts! | other: It’s been %lld days. Let’s solve some sums and collect more nuts!,one: Het is %lld dag geleden. Tijd voor wat sommen en nieuwe noten! | other: Het is %lld dagen geleden. Tijd voor wat sommen en nieuwe noten!,one: Xa pasaron %lld días. Resolvemos algúns exercicios de matemáticas e gañemos máis trofeos! | other: Xa pasaron %lld días. Resolvemos algúns exercicios de matemáticas e gañemos máis trofeos!,one: It’s been %lld day. Let’s solve some sums and collect more bubbles! | other: It’s been %lld days. Let’s solve some sums and collect more bubbles!,one: Het is %lld dag geleden. Tijd voor wat sommen en nieuwe bubbels! | other: Het is %lld dagen geleden. Tijd voor wat sommen en nieuwe bubbels!,Push notification body after a very long absence. The argument is the number of days since the last session.,Localizable.xcstrings
notif.reactivate.body %lld,en_nl_changed,gu,Gujarati,one: It’s been %lld day. Let’s solve some sums and collect more nuts! | other: It’s been %lld days. Let’s solve some sums and collect more nuts!,one: Het is %lld dag geleden. Tijd voor wat sommen en nieuwe noten! | other: Het is %lld dagen geleden. Tijd voor wat sommen en nieuwe noten!,one: %lld દિવસ થઈ ગયા. ચાલો ગણિતની કેટલીક કસરતો ઉકેલીએ અને વધુ ટ્રોફી કમાઈએ! | other: %lld દિવસ થઈ ગયા. ચાલો ગણિતની કેટલીક કસરતો ઉકેલીએ અને વધુ ટ્રોફી કમાઈએ!,one: It’s been %lld day. Let’s solve some sums and collect more bubbles! | other: It’s been %lld days. Let’s solve some sums and collect more bubbles!,one: Het is %lld dag geleden. Tijd voor wat sommen en nieuwe bubbels! | other: Het is %lld dagen geleden. Tijd voor wat sommen en nieuwe bubbels!,Push notification body after a very long absence. The argument is the number of days since the last session.,Localizable.xcstrings
notif.reactivate.body %lld,en_nl_changed,he,Hebrew,one: It’s been %lld day. Let’s solve some sums and collect more nuts! | other: It’s been %lld days. Let’s solve some sums and collect more nuts!,one: Het is %lld dag geleden. Tijd voor wat sommen en nieuwe noten! | other: Het is %lld dagen geleden. Tijd voor wat sommen en nieuwe noten!,one: עברו %lld ימים. בואו נפתור כמה תרגילי מתמטיקה ונרוויח עוד גביעים! | other: עברו %lld ימים. בואו נפתור כמה תרגילי מתמטיקה ונרוויח עוד גביעים!,one: It’s been %lld day. Let’s solve some sums and collect more bubbles! | other: It’s been %lld days. Let’s solve some sums and collect more bubbles!,one: Het is %lld dag geleden. Tijd voor wat sommen en nieuwe bubbels! | other: Het is %lld dagen geleden. Tijd voor wat sommen en nieuwe bubbels!,Push notification body after a very long absence. The argument is the number of days since the last session.,Localizable.xcstrings
notif.reactivate.body %lld,en_nl_changed,hi,Hindi,one: It’s been %lld day. Let’s solve some sums and collect more nuts! | other: It’s been %lld days. Let’s solve some sums and collect more nuts!,one: Het is %lld dag geleden. Tijd voor wat sommen en nieuwe noten! | other: Het is %lld dagen geleden. Tijd voor wat sommen en nieuwe noten!,one: %lld दिन हो गये. आइए गणित के कुछ अभ्यास हल करें और अधिक ट्राफियां अर्जित करें! | other: %lld दिन हो गये. आइए गणित के कुछ अभ्यास हल करें और अधिक ट्राफियां अर्जित करें!,one: It’s been %lld day. Let’s solve some sums and collect more bubbles! | other: It’s been %lld days. Let’s solve some sums and collect more bubbles!,one: Het is %lld dag geleden. Tijd voor wat sommen en nieuwe bubbels! | other: Het is %lld dagen geleden. Tijd voor wat sommen en nieuwe bubbels!,Push notification body after a very long absence. The argument is the number of days since the last session.,Localizable.xcstrings
notif.reactivate.body %lld,en_nl_changed,hr,Croatian,one: It’s been %lld day. Let’s solve some sums and collect more nuts! | other: It’s been %lld days. Let’s solve some sums and collect more nuts!,one: Het is %lld dag geleden. Tijd voor wat sommen en nieuwe noten! | other: Het is %lld dagen geleden. Tijd voor wat sommen en nieuwe noten!,one: Prošla su %lld dana. Riješimo nekoliko matematičkih zadataka i osvojimo još trofeja! | other: Prošla su %lld dana. Riješimo nekoliko matematičkih zadataka i osvojimo još trofeja!,one: It’s been %lld day. Let’s solve some sums and collect more bubbles! | other: It’s been %lld days. Let’s solve some sums and collect more bubbles!,one: Het is %lld dag geleden. Tijd voor wat sommen en nieuwe bubbels! | other: Het is %lld dagen geleden. Tijd voor wat sommen en nieuwe bubbels!,Push notification body after a very long absence. The argument is the number of days since the last session.,Localizable.xcstrings
notif.reactivate.body %lld,en_nl_changed,hu,Hungarian,one: It’s been %lld day. Let’s solve some sums and collect more nuts! | other: It’s been %lld days. Let’s solve some sums and collect more nuts!,one: Het is %lld dag geleden. Tijd voor wat sommen en nieuwe noten! | other: Het is %lld dagen geleden. Tijd voor wat sommen en nieuwe noten!,"one: %lld nap telt el. Oldjunk meg néhány matematikai feladatot, és szerezzünk több buborék! | other: %lld nap telt el. Oldjunk meg néhány matematikai feladatot, és szerezzünk több buborék!",one: It’s been %lld day. Let’s solve some sums and collect more bubbles! | other: It’s been %lld days. Let’s solve some sums and collect more bubbles!,one: Het is %lld dag geleden. Tijd voor wat sommen en nieuwe bubbels! | other: Het is %lld dagen geleden. Tijd voor wat sommen en nieuwe bubbels!,Push notification body after a very long absence. The argument is the number of days since the last session.,Localizable.xcstrings
notif.reactivate.body %lld,en_nl_changed,hy,Armenian,one: It’s been %lld day. Let’s solve some sums and collect more nuts! | other: It’s been %lld days. Let’s solve some sums and collect more nuts!,one: Het is %lld dag geleden. Tijd voor wat sommen en nieuwe noten! | other: Het is %lld dagen geleden. Tijd voor wat sommen en nieuwe noten!,one: Անցել է %lld օր։Եկեք լուծենք որոշ մաթեմատիկական վարժություններ և վաստակենք ավելի շատ գավաթներ: | other: Անցել է %lld օր։Եկեք լուծենք որոշ մաթեմատիկական վարժություններ և վաստակենք ավելի շատ գավաթներ:,one: It’s been %lld day. Let’s solve some sums and collect more bubbles! | other: It’s been %lld days. Let’s solve some sums and collect more bubbles!,one: Het is %lld dag geleden. Tijd voor wat sommen en nieuwe bubbels! | other: Het is %lld dagen geleden. Tijd voor wat sommen en nieuwe bubbels!,Push notification body after a very long absence. The argument is the number of days since the last session.,Localizable.xcstrings
notif.reactivate.body %lld,en_nl_changed,id,Indonesian,one: It’s been %lld day. Let’s solve some sums and collect more nuts! | other: It’s been %lld days. Let’s solve some sums and collect more nuts!,one: Het is %lld dag geleden. Tijd voor wat sommen en nieuwe noten! | other: Het is %lld dagen geleden. Tijd voor wat sommen en nieuwe noten!,one: Sudah %lld hari. Ayo selesaikan beberapa latihan matematika dan dapatkan lebih banyak piala! | other: Sudah %lld hari. Ayo selesaikan beberapa latihan matematika dan dapatkan lebih banyak piala!,one: It’s been %lld day. Let’s solve some sums and collect more bubbles! | other: It’s been %lld days. Let’s solve some sums and collect more bubbles!,one: Het is %lld dag geleden. Tijd voor wat sommen en nieuwe bubbels! | other: Het is %lld dagen geleden. Tijd voor wat sommen en nieuwe bubbels!,Push notification body after a very long absence. The argument is the number of days since the last session.,Localizable.xcstrings
notif.reactivate.body %lld,en_nl_changed,is,Icelandic,one: It’s been %lld day. Let’s solve some sums and collect more nuts! | other: It’s been %lld days. Let’s solve some sums and collect more nuts!,one: Het is %lld dag geleden. Tijd voor wat sommen en nieuwe noten! | other: Het is %lld dagen geleden. Tijd voor wat sommen en nieuwe noten!,one: Það eru %lld dagar síðan. Við skulum leysa nokkrar stærðfræðiæfingar og vinna okkur inn fleiri titla! | other: Það eru %lld dagar síðan. Við skulum leysa nokkrar stærðfræðiæfingar og vinna okkur inn fleiri titla!,one: It’s been %lld day. Let’s solve some sums and collect more bubbles! | other: It’s been %lld days. Let’s solve some sums and collect more bubbles!,one: Het is %lld dag geleden. Tijd voor wat sommen en nieuwe bubbels! | other: Het is %lld dagen geleden. Tijd voor wat sommen en nieuwe bubbels!,Push notification body after a very long absence. The argument is the number of days since the last session.,Localizable.xcstrings
notif.reactivate.body %lld,en_nl_changed,it,Italian,one: It’s been %lld day. Let’s solve some sums and collect more nuts! | other: It’s been %lld days. Let’s solve some sums and collect more nuts!,one: Het is %lld dag geleden. Tijd voor wat sommen en nieuwe noten! | other: Het is %lld dagen geleden. Tijd voor wat sommen en nieuwe noten!,one: È passato %lld giorno. Facciamo qualche calcolo e raccogliamo bolle! | other: Sono passati %lld giorni. Facciamo qualche calcolo e raccogliamo bolle!,one: It’s been %lld day. Let’s solve some sums and collect more bubbles! | other: It’s been %lld days. Let’s solve some sums and collect more bubbles!,one: Het is %lld dag geleden. Tijd voor wat sommen en nieuwe bubbels! | other: Het is %lld dagen geleden. Tijd voor wat sommen en nieuwe bubbels!,Push notification body after a very long absence. The argument is the number of days since the last session.,Localizable.xcstrings
notif.reactivate.body %lld,en_nl_changed,ja,Japanese,one: It’s been %lld day. Let’s solve some sums and collect more nuts! | other: It’s been %lld days. Let’s solve some sums and collect more nuts!,one: Het is %lld dag geleden. Tijd voor wat sommen en nieuwe noten! | other: Het is %lld dagen geleden. Tijd voor wat sommen en nieuwe noten!,one: %lld日が経ちました。数学の練習問題を解いて、より多くのバブルを獲得しましょう! | other: %lld日が経ちました。数学の練習問題を解いて、より多くのバブルを獲得しましょう!,one: It’s been %lld day. Let’s solve some sums and collect more bubbles! | other: It’s been %lld days. Let’s solve some sums and collect more bubbles!,one: Het is %lld dag geleden. Tijd voor wat sommen en nieuwe bubbels! | other: Het is %lld dagen geleden. Tijd voor wat sommen en nieuwe bubbels!,Push notification body after a very long absence. The argument is the number of days since the last session.,Localizable.xcstrings
notif.reactivate.body %lld,en_nl_changed,ka,Georgian,one: It’s been %lld day. Let’s solve some sums and collect more nuts! | other: It’s been %lld days. Let’s solve some sums and collect more nuts!,one: Het is %lld dag geleden. Tijd voor wat sommen en nieuwe noten! | other: Het is %lld dagen geleden. Tijd voor wat sommen en nieuwe noten!,one: უკვე %lld დღეა. მოდით გადავწყვიტოთ რამდენიმე მათემატიკური სავარჯიშო და მოვიგოთ მეტი თასი! | other: უკვე %lld დღეა. მოდით გადავწყვიტოთ რამდენიმე მათემატიკური სავარჯიშო და მოვიგოთ მეტი თასი!,one: It’s been %lld day. Let’s solve some sums and collect more bubbles! | other: It’s been %lld days. Let’s solve some sums and collect more bubbles!,one: Het is %lld dag geleden. Tijd voor wat sommen en nieuwe bubbels! | other: Het is %lld dagen geleden. Tijd voor wat sommen en nieuwe bubbels!,Push notification body after a very long absence. The argument is the number of days since the last session.,Localizable.xcstrings
notif.reactivate.body %lld,en_nl_changed,kk,Kazakh,one: It’s been %lld day. Let’s solve some sums and collect more nuts! | other: It’s been %lld days. Let’s solve some sums and collect more nuts!,one: Het is %lld dag geleden. Tijd voor wat sommen en nieuwe noten! | other: Het is %lld dagen geleden. Tijd voor wat sommen en nieuwe noten!,"one: %lld күн болды. Математикалық жаттығуларды шешіп, көбірек жүлде ұтып алайық! | other: %lld күн болды. Математикалық жаттығуларды шешіп, көбірек жүлде ұтып алайық!",one: It’s been %lld day. Let’s solve some sums and collect more bubbles! | other: It’s been %lld days. Let’s solve some sums and collect more bubbles!,one: Het is %lld dag geleden. Tijd voor wat sommen en nieuwe bubbels! | other: Het is %lld dagen geleden. Tijd voor wat sommen en nieuwe bubbels!,Push notification body after a very long absence. The argument is the number of days since the last session.,Localizable.xcstrings
notif.reactivate.body %lld,en_nl_changed,km,Khmer,one: It’s been %lld day. Let’s solve some sums and collect more nuts! | other: It’s been %lld days. Let’s solve some sums and collect more nuts!,one: Het is %lld dag geleden. Tijd voor wat sommen en nieuwe noten! | other: Het is %lld dagen geleden. Tijd voor wat sommen en nieuwe noten!,one: មានរយៈពេល %lld ថ្ងៃ។តោះ​ដោះស្រាយ​លំហាត់​គណិត​ខ្លះ​ហើយ​ឈ្នះ​ពាន​ទៀត! | other: មានរយៈពេល %lld ថ្ងៃ។តោះ​ដោះស្រាយ​លំហាត់​គណិត​ខ្លះ​ហើយ​ឈ្នះ​ពាន​ទៀត!,one: It’s been %lld day. Let’s solve some sums and collect more bubbles! | other: It’s been %lld days. Let’s solve some sums and collect more bubbles!,one: Het is %lld dag geleden. Tijd voor wat sommen en nieuwe bubbels! | other: Het is %lld dagen geleden. Tijd voor wat sommen en nieuwe bubbels!,Push notification body after a very long absence. The argument is the number of days since the last session.,Localizable.xcstrings
notif.reactivate.body %lld,en_nl_changed,kn,Kannada,one: It’s been %lld day. Let’s solve some sums and collect more nuts! | other: It’s been %lld days. Let’s solve some sums and collect more nuts!,one: Het is %lld dag geleden. Tijd voor wat sommen en nieuwe noten! | other: Het is %lld dagen geleden. Tijd voor wat sommen en nieuwe noten!,one: %lld ದಿನಗಳಾಗಿವೆ. ಕೆಲವು ಗಣಿತ ವ್ಯಾಯಾಮಗಳನ್ನು ಪರಿಹರಿಸೋಣ ಮತ್ತು ಹೆಚ್ಚಿನ ಟ್ರೋಫಿಗಳನ್ನು ಗಳಿಸೋಣ! | other: %lld ದಿನಗಳಾಗಿವೆ. ಕೆಲವು ಗಣಿತ ವ್ಯಾಯಾಮಗಳನ್ನು ಪರಿಹರಿಸೋಣ ಮತ್ತು ಹೆಚ್ಚಿನ ಟ್ರೋಫಿಗಳನ್ನು ಗಳಿಸೋಣ!,one: It’s been %lld day. Let’s solve some sums and collect more bubbles! | other: It’s been %lld days. Let’s solve some sums and collect more bubbles!,one: Het is %lld dag geleden. Tijd voor wat sommen en nieuwe bubbels! | other: Het is %lld dagen geleden. Tijd voor wat sommen en nieuwe bubbels!,Push notification body after a very long absence. The argument is the number of days since the last session.,Localizable.xcstrings
notif.reactivate.body %lld,en_nl_changed,ko,Korean,one: It’s been %lld day. Let’s solve some sums and collect more nuts! | other: It’s been %lld days. Let’s solve some sums and collect more nuts!,one: Het is %lld dag geleden. Tijd voor wat sommen en nieuwe noten! | other: Het is %lld dagen geleden. Tijd voor wat sommen en nieuwe noten!,one: %lld일이 지났습니다. 몇 가지 수학 문제를 풀고 더 많은 버블을 획득해 보세요! | other: %lld일이 지났습니다. 몇 가지 수학 문제를 풀고 더 많은 버블을 획득해 보세요!,one: It’s been %lld day. Let’s solve some sums and collect more bubbles! | other: It’s been %lld days. Let’s solve some sums and collect more bubbles!,one: Het is %lld dag geleden. Tijd voor wat sommen en nieuwe bubbels! | other: Het is %lld dagen geleden. Tijd voor wat sommen en nieuwe bubbels!,Push notification body after a very long absence. The argument is the number of days since the last session.,Localizable.xcstrings
notif.reactivate.body %lld,en_nl_changed,lo,Lao,one: It’s been %lld day. Let’s solve some sums and collect more nuts! | other: It’s been %lld days. Let’s solve some sums and collect more nuts!,one: Het is %lld dag geleden. Tijd voor wat sommen en nieuwe noten! | other: Het is %lld dagen geleden. Tijd voor wat sommen en nieuwe noten!,one: %lld ມື້ແລ້ວ. ມາແກ້ບົດເຝິກຫັດຄະນິດສາດ ແລະ ຮັບຮາງວັນເພີ່ມເຕີມ! | other: %lld ມື້ແລ້ວ. ມາແກ້ບົດເຝິກຫັດຄະນິດສາດ ແລະ ຮັບຮາງວັນເພີ່ມເຕີມ!,one: It’s been %lld day. Let’s solve some sums and collect more bubbles! | other: It’s been %lld days. Let’s solve some sums and collect more bubbles!,one: Het is %lld dag geleden. Tijd voor wat sommen en nieuwe bubbels! | other: Het is %lld dagen geleden. Tijd voor wat sommen en nieuwe bubbels!,Push notification body after a very long absence. The argument is the number of days since the last session.,Localizable.xcstrings
notif.reactivate.body %lld,en_nl_changed,lt,Lithuanian,one: It’s been %lld day. Let’s solve some sums and collect more nuts! | other: It’s been %lld days. Let’s solve some sums and collect more nuts!,one: Het is %lld dag geleden. Tijd voor wat sommen en nieuwe noten! | other: Het is %lld dagen geleden. Tijd voor wat sommen en nieuwe noten!,one: Praėjo %lld dienos. Išspręskime keletą matematikos pratimų ir pelnykime daugiau trofėjų! | other: Praėjo %lld dienos. Išspręskime keletą matematikos pratimų ir pelnykime daugiau trofėjų!,one: It’s been %lld day. Let’s solve some sums and collect more bubbles! | other: It’s been %lld days. Let’s solve some sums and collect more bubbles!,one: Het is %lld dag geleden. Tijd voor wat sommen en nieuwe bubbels! | other: Het is %lld dagen geleden. Tijd voor wat sommen en nieuwe bubbels!,Push notification body after a very long absence. The argument is the number of days since the last session.,Localizable.xcstrings
notif.reactivate.body %lld,en_nl_changed,lv,Latvian,one: It’s been %lld day. Let’s solve some sums and collect more nuts! | other: It’s been %lld days. Let’s solve some sums and collect more nuts!,one: Het is %lld dag geleden. Tijd voor wat sommen en nieuwe noten! | other: Het is %lld dagen geleden. Tijd voor wat sommen en nieuwe noten!,one: Ir pagājušas %lld dienas. Atrisināsim dažus matemātikas uzdevumus un nopelnīsim vairāk trofeju! | other: Ir pagājušas %lld dienas. Atrisināsim dažus matemātikas uzdevumus un nopelnīsim vairāk trofeju!,one: It’s been %lld day. Let’s solve some sums and collect more bubbles! | other: It’s been %lld days. Let’s solve some sums and collect more bubbles!,one: Het is %lld dag geleden. Tijd voor wat sommen en nieuwe bubbels! | other: Het is %lld dagen geleden. Tijd voor wat sommen en nieuwe bubbels!,Push notification body after a very long absence. The argument is the number of days since the last session.,Localizable.xcstrings
notif.reactivate.body %lld,en_nl_changed,mk,Macedonian,one: It’s been %lld day. Let’s solve some sums and collect more nuts! | other: It’s been %lld days. Let’s solve some sums and collect more nuts!,one: Het is %lld dag geleden. Tijd voor wat sommen en nieuwe noten! | other: Het is %lld dagen geleden. Tijd voor wat sommen en nieuwe noten!,one: Поминаа %lld дена. Ајде да решиме неколку математички вежби и да заработиме повеќе трофеи! | other: Поминаа %lld дена. Ајде да решиме неколку математички вежби и да заработиме повеќе трофеи!,one: It’s been %lld day. Let’s solve some sums and collect more bubbles! | other: It’s been %lld days. Let’s solve some sums and collect more bubbles!,one: Het is %lld dag geleden. Tijd voor wat sommen en nieuwe bubbels! | other: Het is %lld dagen geleden. Tijd voor wat sommen en nieuwe bubbels!,Push notification body after a very long absence. The argument is the number of days since the last session.,Localizable.xcstrings
notif.reactivate.body %lld,en_nl_changed,ml,Malayalam,one: It’s been %lld day. Let’s solve some sums and collect more nuts! | other: It’s been %lld days. Let’s solve some sums and collect more nuts!,one: Het is %lld dag geleden. Tijd voor wat sommen en nieuwe noten! | other: Het is %lld dagen geleden. Tijd voor wat sommen en nieuwe noten!,one: %lld ദിവസമായി. നമുക്ക് ചില ഗണിത വ്യായാമങ്ങൾ പരിഹരിച്ച് കൂടുതൽ ട്രോഫികൾ നേടാം! | other: %lld ദിവസമായി. നമുക്ക് ചില ഗണിത വ്യായാമങ്ങൾ പരിഹരിച്ച് കൂടുതൽ ട്രോഫികൾ നേടാം!,one: It’s been %lld day. Let’s solve some sums and collect more bubbles! | other: It’s been %lld days. Let’s solve some sums and collect more bubbles!,one: Het is %lld dag geleden. Tijd voor wat sommen en nieuwe bubbels! | other: Het is %lld dagen geleden. Tijd voor wat sommen en nieuwe bubbels!,Push notification body after a very long absence. The argument is the number of days since the last session.,Localizable.xcstrings
notif.reactivate.body %lld,en_nl_changed,mn,Mongolian,one: It’s been %lld day. Let’s solve some sums and collect more nuts! | other: It’s been %lld days. Let’s solve some sums and collect more nuts!,one: Het is %lld dag geleden. Tijd voor wat sommen en nieuwe noten! | other: Het is %lld dagen geleden. Tijd voor wat sommen en nieuwe noten!,"one: %lld хонож байна. Математикийн дасгалуудыг шийдэж, илүү олон цом олцгооё! | other: %lld хонож байна. Математикийн дасгалуудыг шийдэж, илүү олон цом олцгооё!",one: It’s been %lld day. Let’s solve some sums and collect more bubbles! | other: It’s been %lld days. Let’s solve some sums and collect more bubbles!,one: Het is %lld dag geleden. Tijd voor wat sommen en nieuwe bubbels! | other: Het is %lld dagen geleden. Tijd voor wat sommen en nieuwe bubbels!,Push notification body after a very long absence. The argument is the number of days since the last session.,Localizable.xcstrings
notif.reactivate.body %lld,en_nl_changed,mr,Marathi,one: It’s been %lld day. Let’s solve some sums and collect more nuts! | other: It’s been %lld days. Let’s solve some sums and collect more nuts!,one: Het is %lld dag geleden. Tijd voor wat sommen en nieuwe noten! | other: Het is %lld dagen geleden. Tijd voor wat sommen en nieuwe noten!,one: %lld दिवस झाले. चला काही गणिताचे व्यायाम सोडवू आणि आणखी ट्रॉफी मिळवू! | other: %lld दिवस झाले. चला काही गणिताचे व्यायाम सोडवू आणि आणखी ट्रॉफी मिळवू!,one: It’s been %lld day. Let’s solve some sums and collect more bubbles! | other: It’s been %lld days. Let’s solve some sums and collect more bubbles!,one: Het is %lld dag geleden. Tijd voor wat sommen en nieuwe bubbels! | other: Het is %lld dagen geleden. Tijd voor wat sommen en nieuwe bubbels!,Push notification body after a very long absence. The argument is the number of days since the last session.,Localizable.xcstrings
notif.reactivate.body %lld,en_nl_changed,ms,Malay,one: It’s been %lld day. Let’s solve some sums and collect more nuts! | other: It’s been %lld days. Let’s solve some sums and collect more nuts!,one: Het is %lld dag geleden. Tijd voor wat sommen en nieuwe noten! | other: Het is %lld dagen geleden. Tijd voor wat sommen en nieuwe noten!,one: dah %lld hari. Mari selesaikan beberapa latihan matematik dan dapatkan lebih banyak trofi! | other: dah %lld hari. Mari selesaikan beberapa latihan matematik dan dapatkan lebih banyak trofi!,one: It’s been %lld day. Let’s solve some sums and collect more bubbles! | other: It’s been %lld days. Let’s solve some sums and collect more bubbles!,one: Het is %lld dag geleden. Tijd voor wat sommen en nieuwe bubbels! | other: Het is %lld dagen geleden. Tijd voor wat sommen en nieuwe bubbels!,Push notification body after a very long absence. The argument is the number of days since the last session.,Localizable.xcstrings
notif.reactivate.body %lld,en_nl_changed,my,Burmese,one: It’s been %lld day. Let’s solve some sums and collect more nuts! | other: It’s been %lld days. Let’s solve some sums and collect more nuts!,one: Het is %lld dag geleden. Tijd voor wat sommen en nieuwe noten! | other: Het is %lld dagen geleden. Tijd voor wat sommen en nieuwe noten!,one: %lld ရက်ရှိပြီ။သင်္ချာလေ့ကျင့်ခန်းအချို့ကို ဖြေရှင်းပြီး ဆုဖလားများ ထပ်မံရယူကြပါစို့။ | other: %lld ရက်ရှိပြီ။သင်္ချာလေ့ကျင့်ခန်းအချို့ကို ဖြေရှင်းပြီး ဆုဖလားများ ထပ်မံရယူကြပါစို့။,one: It’s been %lld day. Let’s solve some sums and collect more bubbles! | other: It’s been %lld days. Let’s solve some sums and collect more bubbles!,one: Het is %lld dag geleden. Tijd voor wat sommen en nieuwe bubbels! | other: Het is %lld dagen geleden. Tijd voor wat sommen en nieuwe bubbels!,Push notification body after a very long absence. The argument is the number of days since the last session.,Localizable.xcstrings
notif.reactivate.body %lld,en_nl_changed,nb,Norwegian,one: It’s been %lld day. Let’s solve some sums and collect more nuts! | other: It’s been %lld days. Let’s solve some sums and collect more nuts!,one: Het is %lld dag geleden. Tijd voor wat sommen en nieuwe noten! | other: Het is %lld dagen geleden. Tijd voor wat sommen en nieuwe noten!,one: Det har gått %lld dager. La oss løse noen matematikkøvelser og tjene flere trofeer! | other: Det har gått %lld dager. La oss løse noen matematikkøvelser og tjene flere trofeer!,one: It’s been %lld day. Let’s solve some sums and collect more bubbles! | other: It’s been %lld days. Let’s solve some sums and collect more bubbles!,one: Het is %lld dag geleden. Tijd voor wat sommen en nieuwe bubbels! | other: Het is %lld dagen geleden. Tijd voor wat sommen en nieuwe bubbels!,Push notification body after a very long absence. The argument is the number of days since the last session.,Localizable.xcstrings
notif.reactivate.body %lld,en_nl_changed,ne,Nepali,one: It’s been %lld day. Let’s solve some sums and collect more nuts! | other: It’s been %lld days. Let’s solve some sums and collect more nuts!,one: Het is %lld dag geleden. Tijd voor wat sommen en nieuwe noten! | other: Het is %lld dagen geleden. Tijd voor wat sommen en nieuwe noten!,one: %lld दिन भयो। केही गणित अभ्यासहरू समाधान गरौं र थप ट्रफीहरू कमाउनुहोस्! | other: %lld दिन भयो। केही गणित अभ्यासहरू समाधान गरौं र थप ट्रफीहरू कमाउनुहोस्!,one: It’s been %lld day. Let’s solve some sums and collect more bubbles! | other: It’s been %lld days. Let’s solve some sums and collect more bubbles!,one: Het is %lld dag geleden. Tijd voor wat sommen en nieuwe bubbels! | other: Het is %lld dagen geleden. Tijd voor wat sommen en nieuwe bubbels!,Push notification body after a very long absence. The argument is the number of days since the last session.,Localizable.xcstrings
notif.reactivate.body %lld,en_nl_changed,or,Odia,one: It’s been %lld day. Let’s solve some sums and collect more nuts! | other: It’s been %lld days. Let’s solve some sums and collect more nuts!,one: Het is %lld dag geleden. Tijd voor wat sommen en nieuwe noten! | other: Het is %lld dagen geleden. Tijd voor wat sommen en nieuwe noten!,one: ଏହା %lld ଦିନ ହୋଇଗଲାଣି |ଚାଲ କିଛି ଗଣିତ ବ୍ୟାୟାମର ସମାଧାନ କରିବା ଏବଂ ଅଧିକ ଟ୍ରଫି ଅର୍ଜନ କରିବା! | other: ଏହା %lld ଦିନ ହୋଇଗଲାଣି |ଚାଲ କିଛି ଗଣିତ ବ୍ୟାୟାମର ସମାଧାନ କରିବା ଏବଂ ଅଧିକ ଟ୍ରଫି ଅର୍ଜନ କରିବା!,one: It’s been %lld day. Let’s solve some sums and collect more bubbles! | other: It’s been %lld days. Let’s solve some sums and collect more bubbles!,one: Het is %lld dag geleden. Tijd voor wat sommen en nieuwe bubbels! | other: Het is %lld dagen geleden. Tijd voor wat sommen en nieuwe bubbels!,Push notification body after a very long absence. The argument is the number of days since the last session.,Localizable.xcstrings
notif.reactivate.body %lld,en_nl_changed,pa,Punjabi,one: It’s been %lld day. Let’s solve some sums and collect more nuts! | other: It’s been %lld days. Let’s solve some sums and collect more nuts!,one: Het is %lld dag geleden. Tijd voor wat sommen en nieuwe noten! | other: Het is %lld dagen geleden. Tijd voor wat sommen en nieuwe noten!,one: %lld ਦਿਨ ਹੋ ਗਏ ਹਨ। ਆਓ ਕੁਝ ਗਣਿਤ ਅਭਿਆਸਾਂ ਨੂੰ ਹੱਲ ਕਰੀਏ ਅਤੇ ਹੋਰ ਟਰਾਫੀਆਂ ਹਾਸਲ ਕਰੀਏ! | other: %lld ਦਿਨ ਹੋ ਗਏ ਹਨ। ਆਓ ਕੁਝ ਗਣਿਤ ਅਭਿਆਸਾਂ ਨੂੰ ਹੱਲ ਕਰੀਏ ਅਤੇ ਹੋਰ ਟਰਾਫੀਆਂ ਹਾਸਲ ਕਰੀਏ!,one: It’s been %lld day. Let’s solve some sums and collect more bubbles! | other: It’s been %lld days. Let’s solve some sums and collect more bubbles!,one: Het is %lld dag geleden. Tijd voor wat sommen en nieuwe bubbels! | other: Het is %lld dagen geleden. Tijd voor wat sommen en nieuwe bubbels!,Push notification body after a very long absence. The argument is the number of days since the last session.,Localizable.xcstrings
notif.reactivate.body %lld,en_nl_changed,pl,Polish,one: It’s been %lld day. Let’s solve some sums and collect more nuts! | other: It’s been %lld days. Let’s solve some sums and collect more nuts!,one: Het is %lld dag geleden. Tijd voor wat sommen en nieuwe noten! | other: Het is %lld dagen geleden. Tijd voor wat sommen en nieuwe noten!,one: Minął %lld dzień. Policzmy trochę i zbierzmy bąbelki! | few: Minęły %lld dni. Policzmy trochę i zbierzmy bąbelki! | many: Minęło %lld dni. Policzmy trochę i zbierzmy bąbelki! | other: Minęło %lld dnia. Policzmy trochę i zbierzmy bąbelki!,one: It’s been %lld day. Let’s solve some sums and collect more bubbles! | other: It’s been %lld days. Let’s solve some sums and collect more bubbles!,one: Het is %lld dag geleden. Tijd voor wat sommen en nieuwe bubbels! | other: Het is %lld dagen geleden. Tijd voor wat sommen en nieuwe bubbels!,Push notification body after a very long absence. The argument is the number of days since the last session.,Localizable.xcstrings
notif.reactivate.body %lld,en_nl_changed,pt,Portuguese,one: It’s been %lld day. Let’s solve some sums and collect more nuts! | other: It’s been %lld days. Let’s solve some sums and collect more nuts!,one: Het is %lld dag geleden. Tijd voor wat sommen en nieuwe noten! | other: Het is %lld dagen geleden. Tijd voor wat sommen en nieuwe noten!,one: Passou %lld dia. Vamos fazer contas e apanhar bolhas! | other: Passaram %lld dias. Vamos fazer contas e apanhar bolhas!,one: It’s been %lld day. Let’s solve some sums and collect more bubbles! | other: It’s been %lld days. Let’s solve some sums and collect more bubbles!,one: Het is %lld dag geleden. Tijd voor wat sommen en nieuwe bubbels! | other: Het is %lld dagen geleden. Tijd voor wat sommen en nieuwe bubbels!,Push notification body after a very long absence. The argument is the number of days since the last session.,Localizable.xcstrings
notif.reactivate.body %lld,en_nl_changed,ro,Romanian,one: It’s been %lld day. Let’s solve some sums and collect more nuts! | other: It’s been %lld days. Let’s solve some sums and collect more nuts!,one: Het is %lld dag geleden. Tijd voor wat sommen en nieuwe noten! | other: Het is %lld dagen geleden. Tijd voor wat sommen en nieuwe noten!,one: Au trecut %lld zile. Să rezolvăm câteva exerciții de matematică și să câștigăm mai multe trofee! | other: Au trecut %lld zile. Să rezolvăm câteva exerciții de matematică și să câștigăm mai multe trofee!,one: It’s been %lld day. Let’s solve some sums and collect more bubbles! | other: It’s been %lld days. Let’s solve some sums and collect more bubbles!,one: Het is %lld dag geleden. Tijd voor wat sommen en nieuwe bubbels! | other: Het is %lld dagen geleden. Tijd voor wat sommen en nieuwe bubbels!,Push notification body after a very long absence. The argument is the number of days since the last session.,Localizable.xcstrings
notif.reactivate.body %lld,en_nl_changed,ru,Russian,one: It’s been %lld day. Let’s solve some sums and collect more nuts! | other: It’s been %lld days. Let’s solve some sums and collect more nuts!,one: Het is %lld dag geleden. Tijd voor wat sommen en nieuwe noten! | other: Het is %lld dagen geleden. Tijd voor wat sommen en nieuwe noten!,one: Прошёл %lld день. Давай решать примеры и собирать пузыри! | few: Прошло %lld дня. Давай решать примеры и собирать пузыри! | many: Прошло %lld дней. Давай решать примеры и собирать пузыри! | other: Прошло %lld дня. Давай решать примеры и собирать пузыри!,one: It’s been %lld day. Let’s solve some sums and collect more bubbles! | other: It’s been %lld days. Let’s solve some sums and collect more bubbles!,one: Het is %lld dag geleden. Tijd voor wat sommen en nieuwe bubbels! | other: Het is %lld dagen geleden. Tijd voor wat sommen en nieuwe bubbels!,Push notification body after a very long absence. The argument is the number of days since the last session.,Localizable.xcstrings
notif.reactivate.body %lld,en_nl_changed,si,Sinhala,one: It’s been %lld day. Let’s solve some sums and collect more nuts! | other: It’s been %lld days. Let’s solve some sums and collect more nuts!,one: Het is %lld dag geleden. Tijd voor wat sommen en nieuwe noten! | other: Het is %lld dagen geleden. Tijd voor wat sommen en nieuwe noten!,one: දවස් %lldක් ගියා. අපි ගණිත අභ්‍යාස කිහිපයක් විසඳා තවත් කුසලාන උපයා ගනිමු! | other: දවස් %lldක් ගියා. අපි ගණිත අභ්‍යාස කිහිපයක් විසඳා තවත් කුසලාන උපයා ගනිමු!,one: It’s been %lld day. Let’s solve some sums and collect more bubbles! | other: It’s been %lld days. Let’s solve some sums and collect more bubbles!,one: Het is %lld dag geleden. Tijd voor wat sommen en nieuwe bubbels! | other: Het is %lld dagen geleden. Tijd voor wat sommen en nieuwe bubbels!,Push notification body after a very long absence. The argument is the number of days since the last session.,Localizable.xcstrings
notif.reactivate.body %lld,en_nl_changed,sk,Slovak,one: It’s been %lld day. Let’s solve some sums and collect more nuts! | other: It’s been %lld days. Let’s solve some sums and collect more nuts!,one: Het is %lld dag geleden. Tijd voor wat sommen en nieuwe noten! | other: Het is %lld dagen geleden. Tijd voor wat sommen en nieuwe noten!,one: Prešli %lld dni. Poďme vyriešiť nejaké matematické cvičenia a zarobiť viac trofejí! | other: Prešli %lld dni. Poďme vyriešiť nejaké matematické cvičenia a zarobiť viac trofejí!,one: It’s been %lld day. Let’s solve some sums and collect more bubbles! | other: It’s been %lld days. Let’s solve some sums and collect more bubbles!,one: Het is %lld dag geleden. Tijd voor wat sommen en nieuwe bubbels! | other: Het is %lld dagen geleden. Tijd voor wat sommen en nieuwe bubbels!,Push notification body after a very long absence. The argument is the number of days since the last session.,Localizable.xcstrings
notif.reactivate.body %lld,en_nl_changed,sl,Slovenian,one: It’s been %lld day. Let’s solve some sums and collect more nuts! | other: It’s been %lld days. Let’s solve some sums and collect more nuts!,one: Het is %lld dag geleden. Tijd voor wat sommen en nieuwe noten! | other: Het is %lld dagen geleden. Tijd voor wat sommen en nieuwe noten!,one: Minilo je %lld dni. Rešimo nekaj matematičnih vaj in zaslužimo več trofej! | other: Minilo je %lld dni. Rešimo nekaj matematičnih vaj in zaslužimo več trofej!,one: It’s been %lld day. Let’s solve some sums and collect more bubbles! | other: It’s been %lld days. Let’s solve some sums and collect more bubbles!,one: Het is %lld dag geleden. Tijd voor wat sommen en nieuwe bubbels! | other: Het is %lld dagen geleden. Tijd voor wat sommen en nieuwe bubbels!,Push notification body after a very long absence. The argument is the number of days since the last session.,Localizable.xcstrings
notif.reactivate.body %lld,en_nl_changed,sq,Albanian,one: It’s been %lld day. Let’s solve some sums and collect more nuts! | other: It’s been %lld days. Let’s solve some sums and collect more nuts!,one: Het is %lld dag geleden. Tijd voor wat sommen en nieuwe noten! | other: Het is %lld dagen geleden. Tijd voor wat sommen en nieuwe noten!,one: Kanë kaluar %lld ditë. Le të zgjidhim disa ushtrime matematikore dhe të fitojmë më shumë trofe! | other: Kanë kaluar %lld ditë. Le të zgjidhim disa ushtrime matematikore dhe të fitojmë më shumë trofe!,one: It’s been %lld day. Let’s solve some sums and collect more bubbles! | other: It’s been %lld days. Let’s solve some sums and collect more bubbles!,one: Het is %lld dag geleden. Tijd voor wat sommen en nieuwe bubbels! | other: Het is %lld dagen geleden. Tijd voor wat sommen en nieuwe bubbels!,Push notification body after a very long absence. The argument is the number of days since the last session.,Localizable.xcstrings
notif.reactivate.body %lld,en_nl_changed,sr,Serbian,one: It’s been %lld day. Let’s solve some sums and collect more nuts! | other: It’s been %lld days. Let’s solve some sums and collect more nuts!,one: Het is %lld dag geleden. Tijd voor wat sommen en nieuwe noten! | other: Het is %lld dagen geleden. Tijd voor wat sommen en nieuwe noten!,one: Прошло је %lld дана. Хајде да решимо неке математичке вежбе и зарадимо више трофеја! | other: Прошло је %lld дана. Хајде да решимо неке математичке вежбе и зарадимо више трофеја!,one: It’s been %lld day. Let’s solve some sums and collect more bubbles! | other: It’s been %lld days. Let’s solve some sums and collect more bubbles!,one: Het is %lld dag geleden. Tijd voor wat sommen en nieuwe bubbels! | other: Het is %lld dagen geleden. Tijd voor wat sommen en nieuwe bubbels!,Push notification body after a very long absence. The argument is the number of days since the last session.,Localizable.xcstrings
notif.reactivate.body %lld,en_nl_changed,sv,Swedish,one: It’s been %lld day. Let’s solve some sums and collect more nuts! | other: It’s been %lld days. Let’s solve some sums and collect more nuts!,one: Het is %lld dag geleden. Tijd voor wat sommen en nieuwe noten! | other: Het is %lld dagen geleden. Tijd voor wat sommen en nieuwe noten!,one: Det har gått %lld dagar. Låt oss lösa några matematikövningar och tjäna fler troféer! | other: Det har gått %lld dagar. Låt oss lösa några matematikövningar och tjäna fler troféer!,one: It’s been %lld day. Let’s solve some sums and collect more bubbles! | other: It’s been %lld days. Let’s solve some sums and collect more bubbles!,one: Het is %lld dag geleden. Tijd voor wat sommen en nieuwe bubbels! | other: Het is %lld dagen geleden. Tijd voor wat sommen en nieuwe bubbels!,Push notification body after a very long absence. The argument is the number of days since the last session.,Localizable.xcstrings
notif.reactivate.body %lld,en_nl_changed,sw,Swahili,one: It’s been %lld day. Let’s solve some sums and collect more nuts! | other: It’s been %lld days. Let’s solve some sums and collect more nuts!,one: Het is %lld dag geleden. Tijd voor wat sommen en nieuwe noten! | other: Het is %lld dagen geleden. Tijd voor wat sommen en nieuwe noten!,one: Imekuwa siku %lld. Wacha tusuluhishe mazoezi kadhaa ya hesabu na tupate nyara zaidi! | other: Imekuwa siku %lld. Wacha tusuluhishe mazoezi kadhaa ya hesabu na tupate nyara zaidi!,one: It’s been %lld day. Let’s solve some sums and collect more bubbles! | other: It’s been %lld days. Let’s solve some sums and collect more bubbles!,one: Het is %lld dag geleden. Tijd voor wat sommen en nieuwe bubbels! | other: Het is %lld dagen geleden. Tijd voor wat sommen en nieuwe bubbels!,Push notification body after a very long absence. The argument is the number of days since the last session.,Localizable.xcstrings
notif.reactivate.body %lld,en_nl_changed,ta,Tamil,one: It’s been %lld day. Let’s solve some sums and collect more nuts! | other: It’s been %lld days. Let’s solve some sums and collect more nuts!,one: Het is %lld dag geleden. Tijd voor wat sommen en nieuwe noten! | other: Het is %lld dagen geleden. Tijd voor wat sommen en nieuwe noten!,one: %lld రోజులైంది. కొన్ని గణిత వ్యాయామాలను పరిష్కరించండి మరియు మరిన్ని ట్రోఫీలను సంపాదిద్దాం! | other: %lld రోజులైంది. కొన్ని గణిత వ్యాయామాలను పరిష్కరించండి మరియు మరిన్ని ట్రోఫీలను సంపాదిద్దాం!,one: It’s been %lld day. Let’s solve some sums and collect more bubbles! | other: It’s been %lld days. Let’s solve some sums and collect more bubbles!,one: Het is %lld dag geleden. Tijd voor wat sommen en nieuwe bubbels! | other: Het is %lld dagen geleden. Tijd voor wat sommen en nieuwe bubbels!,Push notification body after a very long absence. The argument is the number of days since the last session.,Localizable.xcstrings
notif.reactivate.body %lld,en_nl_changed,te,Telugu,one: It’s been %lld day. Let’s solve some sums and collect more nuts! | other: It’s been %lld days. Let’s solve some sums and collect more nuts!,one: Het is %lld dag geleden. Tijd voor wat sommen en nieuwe noten! | other: Het is %lld dagen geleden. Tijd voor wat sommen en nieuwe noten!,one: %lld రోజులైంది. కొన్ని లెక్కలు చేసి మరిన్ని ట్రోఫీలు సంపాదిద్దాం! | other: %lld రోజులైంది. కొన్ని లెక్కలు చేసి మరిన్ని ట్రోఫీలు సంపాదిద్దాం!,one: It’s been %lld day. Let’s solve some sums and collect more bubbles! | other: It’s been %lld days. Let’s solve some sums and collect more bubbles!,one: Het is %lld dag geleden. Tijd voor wat sommen en nieuwe bubbels! | other: Het is %lld dagen geleden. Tijd voor wat sommen en nieuwe bubbels!,Push notification body after a very long absence. The argument is the number of days since the last session.,Localizable.xcstrings
notif.reactivate.body %lld,en_nl_changed,th,Thai,one: It’s been %lld day. Let’s solve some sums and collect more nuts! | other: It’s been %lld days. Let’s solve some sums and collect more nuts!,one: Het is %lld dag geleden. Tijd voor wat sommen en nieuwe noten! | other: Het is %lld dagen geleden. Tijd voor wat sommen en nieuwe noten!,one: ผ่านมา %lld วันแล้วมาแก้แบบฝึกหัดคณิตศาสตร์และรับฟองสบู่เพิ่มกันเถอะ! | other: ผ่านมา %lld วันแล้วมาแก้แบบฝึกหัดคณิตศาสตร์และรับฟองสบู่เพิ่มกันเถอะ!,one: It’s been %lld day. Let’s solve some sums and collect more bubbles! | other: It’s been %lld days. Let’s solve some sums and collect more bubbles!,one: Het is %lld dag geleden. Tijd voor wat sommen en nieuwe bubbels! | other: Het is %lld dagen geleden. Tijd voor wat sommen en nieuwe bubbels!,Push notification body after a very long absence. The argument is the number of days since the last session.,Localizable.xcstrings
notif.reactivate.body %lld,en_nl_changed,tr,Turkish,one: It’s been %lld day. Let’s solve some sums and collect more nuts! | other: It’s been %lld days. Let’s solve some sums and collect more nuts!,one: Het is %lld dag geleden. Tijd voor wat sommen en nieuwe noten! | other: Het is %lld dagen geleden. Tijd voor wat sommen en nieuwe noten!,one: %lld gün oldu. Hadi bazı matematik alıştırmalarını çözelim ve daha fazla baloncuk kazanalım! | other: %lld gün oldu. Hadi bazı matematik alıştırmalarını çözelim ve daha fazla baloncuk kazanalım!,one: It’s been %lld day. Let’s solve some sums and collect more bubbles! | other: It’s been %lld days. Let’s solve some sums and collect more bubbles!,one: Het is %lld dag geleden. Tijd voor wat sommen en nieuwe bubbels! | other: Het is %lld dagen geleden. Tijd voor wat sommen en nieuwe bubbels!,Push notification body after a very long absence. The argument is the number of days since the last session.,Localizable.xcstrings
notif.reactivate.body %lld,en_nl_changed,ug,Uyghur,one: It’s been %lld day. Let’s solve some sums and collect more nuts! | other: It’s been %lld days. Let’s solve some sums and collect more nuts!,one: Het is %lld dag geleden. Tijd voor wat sommen en nieuwe noten! | other: Het is %lld dagen geleden. Tijd voor wat sommen en nieuwe noten!,one: %lld كۈن بولدى. بەزى ماتېماتىكا مەشىقلىرىنى ھەل قىلىپ ، تېخىمۇ كۆپ لوڭقىغا ئېرىشىمىز! | other: %lld كۈن بولدى. بەزى ماتېماتىكا مەشىقلىرىنى ھەل قىلىپ ، تېخىمۇ كۆپ لوڭقىغا ئېرىشىمىز!,one: It’s been %lld day. Let’s solve some sums and collect more bubbles! | other: It’s been %lld days. Let’s solve some sums and collect more bubbles!,one: Het is %lld dag geleden. Tijd voor wat sommen en nieuwe bubbels! | other: Het is %lld dagen geleden. Tijd voor wat sommen en nieuwe bubbels!,Push notification body after a very long absence. The argument is the number of days since the last session.,Localizable.xcstrings
notif.reactivate.body %lld,en_nl_changed,uk,Ukrainian,one: It’s been %lld day. Let’s solve some sums and collect more nuts! | other: It’s been %lld days. Let’s solve some sums and collect more nuts!,one: Het is %lld dag geleden. Tijd voor wat sommen en nieuwe noten! | other: Het is %lld dagen geleden. Tijd voor wat sommen en nieuwe noten!,one: Минуло %lld дні. Давайте розв’яжемо кілька математичних вправ і заробимо більше трофеїв! | other: Минуло %lld дні. Давайте розв’яжемо кілька математичних вправ і заробимо більше трофеїв!,one: It’s been %lld day. Let’s solve some sums and collect more bubbles! | other: It’s been %lld days. Let’s solve some sums and collect more bubbles!,one: Het is %lld dag geleden. Tijd voor wat sommen en nieuwe bubbels! | other: Het is %lld dagen geleden. Tijd voor wat sommen en nieuwe bubbels!,Push notification body after a very long absence. The argument is the number of days since the last session.,Localizable.xcstrings
notif.reactivate.body %lld,en_nl_changed,ur,Urdu,one: It’s been %lld day. Let’s solve some sums and collect more nuts! | other: It’s been %lld days. Let’s solve some sums and collect more nuts!,one: Het is %lld dag geleden. Tijd voor wat sommen en nieuwe noten! | other: Het is %lld dagen geleden. Tijd voor wat sommen en nieuwe noten!,one: %lld دن ہو گئے ہیں۔آئیے ریاضی کی کچھ مشقیں حل کریں اور مزید ٹرافیاں حاصل کریں! | other: %lld دن ہو گئے ہیں۔آئیے ریاضی کی کچھ مشقیں حل کریں اور مزید ٹرافیاں حاصل کریں!,one: It’s been %lld day. Let’s solve some sums and collect more bubbles! | other: It’s been %lld days. Let’s solve some sums and collect more bubbles!,one: Het is %lld dag geleden. Tijd voor wat sommen en nieuwe bubbels! | other: Het is %lld dagen geleden. Tijd voor wat sommen en nieuwe bubbels!,Push notification body after a very long absence. The argument is the number of days since the last session.,Localizable.xcstrings
notif.reactivate.body %lld,en_nl_changed,uz,Uzbek,one: It’s been %lld day. Let’s solve some sums and collect more nuts! | other: It’s been %lld days. Let’s solve some sums and collect more nuts!,one: Het is %lld dag geleden. Tijd voor wat sommen en nieuwe noten! | other: Het is %lld dagen geleden. Tijd voor wat sommen en nieuwe noten!,"one: %lld kun bo'ldi. Keling, matematika mashqlarini hal qilaylik va ko'proq kuboklarni qo'lga kiritaylik! | other: %lld kun bo'ldi. Keling, matematika mashqlarini hal qilaylik va ko'proq kuboklarni qo'lga kiritaylik!",one: It’s been %lld day. Let’s solve some sums and collect more bubbles! | other: It’s been %lld days. Let’s solve some sums and collect more bubbles!,one: Het is %lld dag geleden. Tijd voor wat sommen en nieuwe bubbels! | other: Het is %lld dagen geleden. Tijd voor wat sommen en nieuwe bubbels!,Push notification body after a very long absence. The argument is the number of days since the last session.,Localizable.xcstrings
notif.reactivate.body %lld,en_nl_changed,vi,Vietnamese,one: It’s been %lld day. Let’s solve some sums and collect more nuts! | other: It’s been %lld days. Let’s solve some sums and collect more nuts!,one: Het is %lld dag geleden. Tijd voor wat sommen en nieuwe noten! | other: Het is %lld dagen geleden. Tijd voor wat sommen en nieuwe noten!,one: Đã %lld ngày rồi. Hãy giải một số bài tập toán và kiếm được nhiều cúp hơn! | other: Đã %lld ngày rồi. Hãy giải một số bài tập toán và kiếm được nhiều cúp hơn!,one: It’s been %lld day. Let’s solve some sums and collect more bubbles! | other: It’s been %lld days. Let’s solve some sums and collect more bubbles!,one: Het is %lld dag geleden. Tijd voor wat sommen en nieuwe bubbels! | other: Het is %lld dagen geleden. Tijd voor wat sommen en nieuwe bubbels!,Push notification body after a very long absence. The argument is the number of days since the last session.,Localizable.xcstrings
notif.reactivate.body %lld,en_nl_changed,zh,Chinese,one: It’s been %lld day. Let’s solve some sums and collect more nuts! | other: It’s been %lld days. Let’s solve some sums and collect more nuts!,one: Het is %lld dag geleden. Tijd voor wat sommen en nieuwe noten! | other: Het is %lld dagen geleden. Tijd voor wat sommen en nieuwe noten!,one: 已经%lld天了。让我们解决一些数学练习并赢得更多泡泡！ | other: 已经%lld天了。让我们解决一些数学练习并赢得更多泡泡！,one: It’s been %lld day. Let’s solve some sums and collect more bubbles! | other: It’s been %lld days. Let’s solve some sums and collect more bubbles!,one: Het is %lld dag geleden. Tijd voor wat sommen en nieuwe bubbels! | other: Het is %lld dagen geleden. Tijd voor wat sommen en nieuwe bubbels!,Push notification body after a very long absence. The argument is the number of days since the last session.,Localizable.xcstrings
notif.reactivate.body %lld,en_nl_changed,zu,Zulu,one: It’s been %lld day. Let’s solve some sums and collect more nuts! | other: It’s been %lld days. Let’s solve some sums and collect more nuts!,one: Het is %lld dag geleden. Tijd voor wat sommen en nieuwe noten! | other: Het is %lld dagen geleden. Tijd voor wat sommen en nieuwe noten!,one: Sekuphele izinsuku ezi-%lld. Ake sixazulule ezinye izivivinyo zezibalo futhi sizuze izindebe ezengeziwe! | other: Sekuphele izinsuku ezi-%lld. Ake sixazulule ezinye izivivinyo zezibalo futhi sizuze izindebe ezengeziwe!,one: It’s been %lld day. Let’s solve some sums and collect more bubbles! | other: It’s been %lld days. Let’s solve some sums and collect more bubbles!,one: Het is %lld dag geleden. Tijd voor wat sommen en nieuwe bubbels! | other: Het is %lld dagen geleden. Tijd voor wat sommen en nieuwe bubbels!,Push notification body after a very long absence. The argument is the number of days since the last session.,Localizable.xcstrings
notif.weekly.body %lld,en_nl_changed,af,Afrikaans,one: You have %lld nut in total. Ready for a few more? | other: You have %lld nuts in total. Ready for a few more?,one: Je hebt in totaal %lld noot. Klaar voor nog een paar? | other: Je hebt in totaal %lld noten. Klaar voor nog een paar?,one: Dit bring jou totaal op %lld trofeë te staan. Wonderlike werk! | other: Dit bring jou totaal op %lld trofeë te staan. Wonderlike werk!,one: You have %lld bubble in total. Ready for a few more? | other: You have %lld bubbles in total. Ready for a few more?,one: Je hebt in totaal %lld bubbel. Klaar voor nog een paar? | other: Je hebt in totaal %lld bubbels. Klaar voor nog een paar?,Push notification body for the weekly recap. The argument is the player's all-time nut total.,Localizable.xcstrings
notif.weekly.body %lld,en_nl_changed,am,Amharic,one: You have %lld nut in total. Ready for a few more? | other: You have %lld nuts in total. Ready for a few more?,one: Je hebt in totaal %lld noot. Klaar voor nog een paar? | other: Je hebt in totaal %lld noten. Klaar voor nog een paar?,one: ያ በአጠቃላይ %lld ዋንጫዎችን ያመጣልዎታል።የሚገርም ስራ! | other: ያ በአጠቃላይ %lld ዋንጫዎችን ያመጣልዎታል።የሚገርም ስራ!,one: You have %lld bubble in total. Ready for a few more? | other: You have %lld bubbles in total. Ready for a few more?,one: Je hebt in totaal %lld bubbel. Klaar voor nog een paar? | other: Je hebt in totaal %lld bubbels. Klaar voor nog een paar?,Push notification body for the weekly recap. The argument is the player's all-time nut total.,Localizable.xcstrings
notif.weekly.body %lld,en_nl_changed,ar,Arabic,one: You have %lld nut in total. Ready for a few more? | other: You have %lld nuts in total. Ready for a few more?,one: Je hebt in totaal %lld noot. Klaar voor nog een paar? | other: Je hebt in totaal %lld noten. Klaar voor nog een paar?,one: وبذلك يصل مجموع جوائزك إلى %lld جائزة. عمل مذهل! | other: وبذلك يصل مجموع جوائزك إلى %lld جائزة. عمل مذهل!,one: You have %lld bubble in total. Ready for a few more? | other: You have %lld bubbles in total. Ready for a few more?,one: Je hebt in totaal %lld bubbel. Klaar voor nog een paar? | other: Je hebt in totaal %lld bubbels. Klaar voor nog een paar?,Push notification body for the weekly recap. The argument is the player's all-time nut total.,Localizable.xcstrings
notif.weekly.body %lld,en_nl_changed,as,Assamese,one: You have %lld nut in total. Ready for a few more? | other: You have %lld nuts in total. Ready for a few more?,one: Je hebt in totaal %lld noot. Klaar voor nog een paar? | other: Je hebt in totaal %lld noten. Klaar voor nog een paar?,one: তেতিয়া আপোনাৰ মুঠ %lld ট্ৰফী হ’ব। আচৰিত কাম! | other: তেতিয়া আপোনাৰ মুঠ %lld ট্ৰফী হ’ব। আচৰিত কাম!,one: You have %lld bubble in total. Ready for a few more? | other: You have %lld bubbles in total. Ready for a few more?,one: Je hebt in totaal %lld bubbel. Klaar voor nog een paar? | other: Je hebt in totaal %lld bubbels. Klaar voor nog een paar?,Push notification body for the weekly recap. The argument is the player's all-time nut total.,Localizable.xcstrings
notif.weekly.body %lld,en_nl_changed,az,Azerbaijani,one: You have %lld nut in total. Ready for a few more? | other: You have %lld nuts in total. Ready for a few more?,one: Je hebt in totaal %lld noot. Klaar voor nog een paar? | other: Je hebt in totaal %lld noten. Klaar voor nog een paar?,"one: Bu, toplamınızı %lld kuboka çatdırır. Heyrətamiz iş! | other: Bu, toplamınızı %lld kuboka çatdırır. Heyrətamiz iş!",one: You have %lld bubble in total. Ready for a few more? | other: You have %lld bubbles in total. Ready for a few more?,one: Je hebt in totaal %lld bubbel. Klaar voor nog een paar? | other: Je hebt in totaal %lld bubbels. Klaar voor nog een paar?,Push notification body for the weekly recap. The argument is the player's all-time nut total.,Localizable.xcstrings
notif.weekly.body %lld,en_nl_changed,be,Belarusian,one: You have %lld nut in total. Ready for a few more? | other: You have %lld nuts in total. Ready for a few more?,one: Je hebt in totaal %lld noot. Klaar voor nog een paar? | other: Je hebt in totaal %lld noten. Klaar voor nog een paar?,one: Гэта даводзіць вашу агульную суму да %lld трафеяў. Дзіўная праца! | other: Гэта даводзіць вашу агульную суму да %lld трафеяў. Дзіўная праца!,one: You have %lld bubble in total. Ready for a few more? | other: You have %lld bubbles in total. Ready for a few more?,one: Je hebt in totaal %lld bubbel. Klaar voor nog een paar? | other: Je hebt in totaal %lld bubbels. Klaar voor nog een paar?,Push notification body for the weekly recap. The argument is the player's all-time nut total.,Localizable.xcstrings
notif.weekly.body %lld,en_nl_changed,bg,Bulgarian,one: You have %lld nut in total. Ready for a few more? | other: You have %lld nuts in total. Ready for a few more?,one: Je hebt in totaal %lld noot. Klaar voor nog een paar? | other: Je hebt in totaal %lld noten. Klaar voor nog een paar?,one: Това води до %lld трофея. Невероятна работа! | other: Това води до %lld трофея. Невероятна работа!,one: You have %lld bubble in total. Ready for a few more? | other: You have %lld bubbles in total. Ready for a few more?,one: Je hebt in totaal %lld bubbel. Klaar voor nog een paar? | other: Je hebt in totaal %lld bubbels. Klaar voor nog een paar?,Push notification body for the weekly recap. The argument is the player's all-time nut total.,Localizable.xcstrings
notif.weekly.body %lld,en_nl_changed,bn,Bengali,one: You have %lld nut in total. Ready for a few more? | other: You have %lld nuts in total. Ready for a few more?,one: Je hebt in totaal %lld noot. Klaar voor nog een paar? | other: Je hebt in totaal %lld noten. Klaar voor nog een paar?,one: এটি আপনার মোট %lld ট্রফি নিয়ে আসে। আশ্চর্যজনক কাজ! | other: এটি আপনার মোট %lld ট্রফি নিয়ে আসে। আশ্চর্যজনক কাজ!,one: You have %lld bubble in total. Ready for a few more? | other: You have %lld bubbles in total. Ready for a few more?,one: Je hebt in totaal %lld bubbel. Klaar voor nog een paar? | other: Je hebt in totaal %lld bubbels. Klaar voor nog een paar?,Push notification body for the weekly recap. The argument is the player's all-time nut total.,Localizable.xcstrings
notif.weekly.body %lld,en_nl_changed,bo,Tibetan,one: You have %lld nut in total. Ready for a few more? | other: You have %lld nuts in total. Ready for a few more?,one: Je hebt in totaal %lld noot. Klaar voor nog een paar? | other: Je hebt in totaal %lld noten. Klaar voor nog een paar?,one: དེས་ཁྱེད་ཀྱི་བསྡོམས་པས་བྱ་དགའ་%lldལ་སླེབས་ཡོད།ཡ་མཚན་ཅན་གྱི་ལས་ཀ་རེད། | other: དེས་ཁྱེད་ཀྱི་བསྡོམས་པས་བྱ་དགའ་%lldལ་སླེབས་ཡོད།ཡ་མཚན་ཅན་གྱི་ལས་ཀ་རེད།,one: You have %lld bubble in total. Ready for a few more? | other: You have %lld bubbles in total. Ready for a few more?,one: Je hebt in totaal %lld bubbel. Klaar voor nog een paar? | other: Je hebt in totaal %lld bubbels. Klaar voor nog een paar?,Push notification body for the weekly recap. The argument is the player's all-time nut total.,Localizable.xcstrings
notif.weekly.body %lld,en_nl_changed,bs,Bosnian,one: You have %lld nut in total. Ready for a few more? | other: You have %lld nuts in total. Ready for a few more?,one: Je hebt in totaal %lld noot. Klaar voor nog een paar? | other: Je hebt in totaal %lld noten. Klaar voor nog een paar?,one: To dovodi do vašeg ukupnog broja od %lld trofeja. Amazing work! | other: To dovodi do vašeg ukupnog broja od %lld trofeja. Amazing work!,one: You have %lld bubble in total. Ready for a few more? | other: You have %lld bubbles in total. Ready for a few more?,one: Je hebt in totaal %lld bubbel. Klaar voor nog een paar? | other: Je hebt in totaal %lld bubbels. Klaar voor nog een paar?,Push notification body for the weekly recap. The argument is the player's all-time nut total.,Localizable.xcstrings
notif.weekly.body %lld,en_nl_changed,ca,Catalan,one: You have %lld nut in total. Ready for a few more? | other: You have %lld nuts in total. Ready for a few more?,one: Je hebt in totaal %lld noot. Klaar voor nog een paar? | other: Je hebt in totaal %lld noten. Klaar voor nog een paar?,one: Això porta el teu total a %lld trofeus. Un treball increïble! | other: Això porta el teu total a %lld trofeus. Un treball increïble!,one: You have %lld bubble in total. Ready for a few more? | other: You have %lld bubbles in total. Ready for a few more?,one: Je hebt in totaal %lld bubbel. Klaar voor nog een paar? | other: Je hebt in totaal %lld bubbels. Klaar voor nog een paar?,Push notification body for the weekly recap. The argument is the player's all-time nut total.,Localizable.xcstrings
notif.weekly.body %lld,en_nl_changed,cs,Czech,one: You have %lld nut in total. Ready for a few more? | other: You have %lld nuts in total. Ready for a few more?,one: Je hebt in totaal %lld noot. Klaar voor nog een paar? | other: Je hebt in totaal %lld noten. Klaar voor nog een paar?,"one: To znamená, že máte celkem %lld trofejí. Úžasná práce! | other: To znamená, že máte celkem %lld trofejí. Úžasná práce!",one: You have %lld bubble in total. Ready for a few more? | other: You have %lld bubbles in total. Ready for a few more?,one: Je hebt in totaal %lld bubbel. Klaar voor nog een paar? | other: Je hebt in totaal %lld bubbels. Klaar voor nog een paar?,Push notification body for the weekly recap. The argument is the player's all-time nut total.,Localizable.xcstrings
notif.weekly.body %lld,en_nl_changed,cy,Welsh,one: You have %lld nut in total. Ready for a few more? | other: You have %lld nuts in total. Ready for a few more?,one: Je hebt in totaal %lld noot. Klaar voor nog een paar? | other: Je hebt in totaal %lld noten. Klaar voor nog een paar?,one: Daw hynny â’ch cyfanswm i %lld o dlysau. Gwaith anhygoel! | other: Daw hynny â’ch cyfanswm i %lld o dlysau. Gwaith anhygoel!,one: You have %lld bubble in total. Ready for a few more? | other: You have %lld bubbles in total. Ready for a few more?,one: Je hebt in totaal %lld bubbel. Klaar voor nog een paar? | other: Je hebt in totaal %lld bubbels. Klaar voor nog een paar?,Push notification body for the weekly recap. The argument is the player's all-time nut total.,Localizable.xcstrings
notif.weekly.body %lld,en_nl_changed,da,Danish,one: You have %lld nut in total. Ready for a few more? | other: You have %lld nuts in total. Ready for a few more?,one: Je hebt in totaal %lld noot. Klaar voor nog een paar? | other: Je hebt in totaal %lld noten. Klaar voor nog een paar?,one: Det bringer din total op på %lld trofæer. Fantastisk arbejde! | other: Det bringer din total op på %lld trofæer. Fantastisk arbejde!,one: You have %lld bubble in total. Ready for a few more? | other: You have %lld bubbles in total. Ready for a few more?,one: Je hebt in totaal %lld bubbel. Klaar voor nog een paar? | other: Je hebt in totaal %lld bubbels. Klaar voor nog een paar?,Push notification body for the weekly recap. The argument is the player's all-time nut total.,Localizable.xcstrings
notif.weekly.body %lld,en_nl_changed,de,German,one: You have %lld nut in total. Ready for a few more? | other: You have %lld nuts in total. Ready for a few more?,one: Je hebt in totaal %lld noot. Klaar voor nog een paar? | other: Je hebt in totaal %lld noten. Klaar voor nog een paar?,one: Du hast insgesamt %lld Blase. Lust auf ein paar mehr? | other: Du hast insgesamt %lld Blasen. Lust auf ein paar mehr?,one: You have %lld bubble in total. Ready for a few more? | other: You have %lld bubbles in total. Ready for a few more?,one: Je hebt in totaal %lld bubbel. Klaar voor nog een paar? | other: Je hebt in totaal %lld bubbels. Klaar voor nog een paar?,Push notification body for the weekly recap. The argument is the player's all-time nut total.,Localizable.xcstrings
notif.weekly.body %lld,en_nl_changed,el,Greek,one: You have %lld nut in total. Ready for a few more? | other: You have %lld nuts in total. Ready for a few more?,one: Je hebt in totaal %lld noot. Klaar voor nog een paar? | other: Je hebt in totaal %lld noten. Klaar voor nog een paar?,one: Αυτό ανεβάζει το σύνολο σας σε %lld τρόπαια. Καταπληκτική δουλειά! | other: Αυτό ανεβάζει το σύνολο σας σε %lld τρόπαια. Καταπληκτική δουλειά!,one: You have %lld bubble in total. Ready for a few more? | other: You have %lld bubbles in total. Ready for a few more?,one: Je hebt in totaal %lld bubbel. Klaar voor nog een paar? | other: Je hebt in totaal %lld bubbels. Klaar voor nog een paar?,Push notification body for the weekly recap. The argument is the player's all-time nut total.,Localizable.xcstrings
notif.weekly.body %lld,en_nl_changed,es,Spanish,one: You have %lld nut in total. Ready for a few more? | other: You have %lld nuts in total. Ready for a few more?,one: Je hebt in totaal %lld noot. Klaar voor nog een paar? | other: Je hebt in totaal %lld noten. Klaar voor nog een paar?,one: Tienes %lld burbuja en total. ¿Listo para unas cuantas más? | other: Tienes %lld burbujas en total. ¿Listo para unas cuantas más?,one: You have %lld bubble in total. Ready for a few more? | other: You have %lld bubbles in total. Ready for a few more?,one: Je hebt in totaal %lld bubbel. Klaar voor nog een paar? | other: Je hebt in totaal %lld bubbels. Klaar voor nog een paar?,Push notification body for the weekly recap. The argument is the player's all-time nut total.,Localizable.xcstrings
notif.weekly.body %lld,en_nl_changed,et,Estonian,one: You have %lld nut in total. Ready for a few more? | other: You have %lld nuts in total. Ready for a few more?,one: Je hebt in totaal %lld noot. Klaar voor nog een paar? | other: Je hebt in totaal %lld noten. Klaar voor nog een paar?,one: See toob kokku %lld trofeed. Hämmastav töö! | other: See toob kokku %lld trofeed. Hämmastav töö!,one: You have %lld bubble in total. Ready for a few more? | other: You have %lld bubbles in total. Ready for a few more?,one: Je hebt in totaal %lld bubbel. Klaar voor nog een paar? | other: Je hebt in totaal %lld bubbels. Klaar voor nog een paar?,Push notification body for the weekly recap. The argument is the player's all-time nut total.,Localizable.xcstrings
notif.weekly.body %lld,en_nl_changed,eu,Basque,one: You have %lld nut in total. Ready for a few more? | other: You have %lld nuts in total. Ready for a few more?,one: Je hebt in totaal %lld noot. Klaar voor nog een paar? | other: Je hebt in totaal %lld noten. Klaar voor nog een paar?,one: Horrek %lld garaikurra ekartzen ditu guztira. Lan harrigarria! | other: Horrek %lld garaikurra ekartzen ditu guztira. Lan harrigarria!,one: You have %lld bubble in total. Ready for a few more? | other: You have %lld bubbles in total. Ready for a few more?,one: Je hebt in totaal %lld bubbel. Klaar voor nog een paar? | other: Je hebt in totaal %lld bubbels. Klaar voor nog een paar?,Push notification body for the weekly recap. The argument is the player's all-time nut total.,Localizable.xcstrings
notif.weekly.body %lld,en_nl_changed,fa,Persian,one: You have %lld nut in total. Ready for a few more? | other: You have %lld nuts in total. Ready for a few more?,one: Je hebt in totaal %lld noot. Klaar voor nog een paar? | other: Je hebt in totaal %lld noten. Klaar voor nog een paar?,one: که مجموع جام شما را به %lld می رساند. کار شگفت انگیز! | other: که مجموع جام شما را به %lld می رساند. کار شگفت انگیز!,one: You have %lld bubble in total. Ready for a few more? | other: You have %lld bubbles in total. Ready for a few more?,one: Je hebt in totaal %lld bubbel. Klaar voor nog een paar? | other: Je hebt in totaal %lld bubbels. Klaar voor nog een paar?,Push notification body for the weekly recap. The argument is the player's all-time nut total.,Localizable.xcstrings
notif.weekly.body %lld,en_nl_changed,fi,Finnish,one: You have %lld nut in total. Ready for a few more? | other: You have %lld nuts in total. Ready for a few more?,one: Je hebt in totaal %lld noot. Klaar voor nog een paar? | other: Je hebt in totaal %lld noten. Klaar voor nog een paar?,one: Tämä nostaa yhteensä %lld palkintoa. Hämmästyttävää työtä! | other: Tämä nostaa yhteensä %lld palkintoa. Hämmästyttävää työtä!,one: You have %lld bubble in total. Ready for a few more? | other: You have %lld bubbles in total. Ready for a few more?,one: Je hebt in totaal %lld bubbel. Klaar voor nog een paar? | other: Je hebt in totaal %lld bubbels. Klaar voor nog een paar?,Push notification body for the weekly recap. The argument is the player's all-time nut total.,Localizable.xcstrings
notif.weekly.body %lld,en_nl_changed,fo,Faroese,one: You have %lld nut in total. Ready for a few more? | other: You have %lld nuts in total. Ready for a few more?,one: Je hebt in totaal %lld noot. Klaar voor nog een paar? | other: Je hebt in totaal %lld noten. Klaar voor nog een paar?,one: Soleiðis eru tykkara tilsamans %lld steyp. Ótrúligt arbeiði! | other: Soleiðis eru tykkara tilsamans %lld steyp. Ótrúligt arbeiði!,one: You have %lld bubble in total. Ready for a few more? | other: You have %lld bubbles in total. Ready for a few more?,one: Je hebt in totaal %lld bubbel. Klaar voor nog een paar? | other: Je hebt in totaal %lld bubbels. Klaar voor nog een paar?,Push notification body for the weekly recap. The argument is the player's all-time nut total.,Localizable.xcstrings
notif.weekly.body %lld,en_nl_changed,fr,French,one: You have %lld nut in total. Ready for a few more? | other: You have %lld nuts in total. Ready for a few more?,one: Je hebt in totaal %lld noot. Klaar voor nog een paar? | other: Je hebt in totaal %lld noten. Klaar voor nog een paar?,one: Tu as %lld bulle en tout. Prêt pour quelques-unes de plus ? | other: Tu as %lld bulles en tout. Prêt pour quelques-unes de plus ?,one: You have %lld bubble in total. Ready for a few more? | other: You have %lld bubbles in total. Ready for a few more?,one: Je hebt in totaal %lld bubbel. Klaar voor nog een paar? | other: Je hebt in totaal %lld bubbels. Klaar voor nog een paar?,Push notification body for the weekly recap. The argument is the player's all-time nut total.,Localizable.xcstrings
notif.weekly.body %lld,en_nl_changed,ga,Irish,one: You have %lld nut in total. Ready for a few more? | other: You have %lld nuts in total. Ready for a few more?,one: Je hebt in totaal %lld noot. Klaar voor nog een paar? | other: Je hebt in totaal %lld noten. Klaar voor nog een paar?,one: Tugann sé sin do iomlán go %lld trófaí. Obair iontach! | other: Tugann sé sin do iomlán go %lld trófaí. Obair iontach!,one: You have %lld bubble in total. Ready for a few more? | other: You have %lld bubbles in total. Ready for a few more?,one: Je hebt in totaal %lld bubbel. Klaar voor nog een paar? | other: Je hebt in totaal %lld bubbels. Klaar voor nog een paar?,Push notification body for the weekly recap. The argument is the player's all-time nut total.,Localizable.xcstrings
notif.weekly.body %lld,en_nl_changed,gl,Galician,one: You have %lld nut in total. Ready for a few more? | other: You have %lld nuts in total. Ready for a few more?,one: Je hebt in totaal %lld noot. Klaar voor nog een paar? | other: Je hebt in totaal %lld noten. Klaar voor nog een paar?,one: Isto leva o teu total a %lld trofeos. Un traballo incrible! | other: Isto leva o teu total a %lld trofeos. Un traballo incrible!,one: You have %lld bubble in total. Ready for a few more? | other: You have %lld bubbles in total. Ready for a few more?,one: Je hebt in totaal %lld bubbel. Klaar voor nog een paar? | other: Je hebt in totaal %lld bubbels. Klaar voor nog een paar?,Push notification body for the weekly recap. The argument is the player's all-time nut total.,Localizable.xcstrings
notif.weekly.body %lld,en_nl_changed,gu,Gujarati,one: You have %lld nut in total. Ready for a few more? | other: You have %lld nuts in total. Ready for a few more?,one: Je hebt in totaal %lld noot. Klaar voor nog een paar? | other: Je hebt in totaal %lld noten. Klaar voor nog een paar?,one: તે તમારી કુલ %lld ટ્રોફી લાવે છે. અમેઝિંગ કામ! | other: તે તમારી કુલ %lld ટ્રોફી લાવે છે. અમેઝિંગ કામ!,one: You have %lld bubble in total. Ready for a few more? | other: You have %lld bubbles in total. Ready for a few more?,one: Je hebt in totaal %lld bubbel. Klaar voor nog een paar? | other: Je hebt in totaal %lld bubbels. Klaar voor nog een paar?,Push notification body for the weekly recap. The argument is the player's all-time nut total.,Localizable.xcstrings
notif.weekly.body %lld,en_nl_changed,he,Hebrew,one: You have %lld nut in total. Ready for a few more? | other: You have %lld nuts in total. Ready for a few more?,one: Je hebt in totaal %lld noot. Klaar voor nog een paar? | other: Je hebt in totaal %lld noten. Klaar voor nog een paar?,one: זה מביא את הסכום הכולל שלך ל-%lld גביעים. עבודה מדהימה! | other: זה מביא את הסכום הכולל שלך ל-%lld גביעים. עבודה מדהימה!,one: You have %lld bubble in total. Ready for a few more? | other: You have %lld bubbles in total. Ready for a few more?,one: Je hebt in totaal %lld bubbel. Klaar voor nog een paar? | other: Je hebt in totaal %lld bubbels. Klaar voor nog een paar?,Push notification body for the weekly recap. The argument is the player's all-time nut total.,Localizable.xcstrings
notif.weekly.body %lld,en_nl_changed,hi,Hindi,one: You have %lld nut in total. Ready for a few more? | other: You have %lld nuts in total. Ready for a few more?,one: Je hebt in totaal %lld noot. Klaar voor nog een paar? | other: Je hebt in totaal %lld noten. Klaar voor nog een paar?,one: इससे आपकी कुल ट्रॉफियां %lld हो जाती हैं। अद्भुत कार्य! | other: इससे आपकी कुल ट्रॉफियां %lld हो जाती हैं। अद्भुत कार्य!,one: You have %lld bubble in total. Ready for a few more? | other: You have %lld bubbles in total. Ready for a few more?,one: Je hebt in totaal %lld bubbel. Klaar voor nog een paar? | other: Je hebt in totaal %lld bubbels. Klaar voor nog een paar?,Push notification body for the weekly recap. The argument is the player's all-time nut total.,Localizable.xcstrings
notif.weekly.body %lld,en_nl_changed,hr,Croatian,one: You have %lld nut in total. Ready for a few more? | other: You have %lld nuts in total. Ready for a few more?,one: Je hebt in totaal %lld noot. Klaar voor nog een paar? | other: Je hebt in totaal %lld noten. Klaar voor nog een paar?,one: To dovodi vaš ukupni broj do %lld trofeja. Nevjerojatan rad! | other: To dovodi vaš ukupni broj do %lld trofeja. Nevjerojatan rad!,one: You have %lld bubble in total. Ready for a few more? | other: You have %lld bubbles in total. Ready for a few more?,one: Je hebt in totaal %lld bubbel. Klaar voor nog een paar? | other: Je hebt in totaal %lld bubbels. Klaar voor nog een paar?,Push notification body for the weekly recap. The argument is the player's all-time nut total.,Localizable.xcstrings
notif.weekly.body %lld,en_nl_changed,hu,Hungarian,one: You have %lld nut in total. Ready for a few more? | other: You have %lld nuts in total. Ready for a few more?,one: Je hebt in totaal %lld noot. Klaar voor nog een paar? | other: Je hebt in totaal %lld noten. Klaar voor nog een paar?,one: Ezzel eléri az %lld buborék. Csodálatos munka! | other: Ezzel eléri az %lld buborék. Csodálatos munka!,one: You have %lld bubble in total. Ready for a few more? | other: You have %lld bubbles in total. Ready for a few more?,one: Je hebt in totaal %lld bubbel. Klaar voor nog een paar? | other: Je hebt in totaal %lld bubbels. Klaar voor nog een paar?,Push notification body for the weekly recap. The argument is the player's all-time nut total.,Localizable.xcstrings
notif.weekly.body %lld,en_nl_changed,hy,Armenian,one: You have %lld nut in total. Ready for a few more? | other: You have %lld nuts in total. Ready for a few more?,one: Je hebt in totaal %lld noot. Klaar voor nog een paar? | other: Je hebt in totaal %lld noten. Klaar voor nog een paar?,one: Դա ձեր ընդհանուր տիտղոսը հասցնում է %lld-ի:Զարմանալի աշխատանք! | other: Դա ձեր ընդհանուր տիտղոսը հասցնում է %lld-ի:Զարմանալի աշխատանք!,one: You have %lld bubble in total. Ready for a few more? | other: You have %lld bubbles in total. Ready for a few more?,one: Je hebt in totaal %lld bubbel. Klaar voor nog een paar? | other: Je hebt in totaal %lld bubbels. Klaar voor nog een paar?,Push notification body for the weekly recap. The argument is the player's all-time nut total.,Localizable.xcstrings
notif.weekly.body %lld,en_nl_changed,id,Indonesian,one: You have %lld nut in total. Ready for a few more? | other: You have %lld nuts in total. Ready for a few more?,one: Je hebt in totaal %lld noot. Klaar voor nog een paar? | other: Je hebt in totaal %lld noten. Klaar voor nog een paar?,one: Itu membuat total Anda menjadi %lld piala. Kerja luar biasa! | other: Itu membuat total Anda menjadi %lld piala. Kerja luar biasa!,one: You have %lld bubble in total. Ready for a few more? | other: You have %lld bubbles in total. Ready for a few more?,one: Je hebt in totaal %lld bubbel. Klaar voor nog een paar? | other: Je hebt in totaal %lld bubbels. Klaar voor nog een paar?,Push notification body for the weekly recap. The argument is the player's all-time nut total.,Localizable.xcstrings
notif.weekly.body %lld,en_nl_changed,is,Icelandic,one: You have %lld nut in total. Ready for a few more? | other: You have %lld nuts in total. Ready for a few more?,one: Je hebt in totaal %lld noot. Klaar voor nog een paar? | other: Je hebt in totaal %lld noten. Klaar voor nog een paar?,one: Það færir þér samtals %lld titla. Ótrúlegt verk! | other: Það færir þér samtals %lld titla. Ótrúlegt verk!,one: You have %lld bubble in total. Ready for a few more? | other: You have %lld bubbles in total. Ready for a few more?,one: Je hebt in totaal %lld bubbel. Klaar voor nog een paar? | other: Je hebt in totaal %lld bubbels. Klaar voor nog een paar?,Push notification body for the weekly recap. The argument is the player's all-time nut total.,Localizable.xcstrings
notif.weekly.body %lld,en_nl_changed,it,Italian,one: You have %lld nut in total. Ready for a few more? | other: You have %lld nuts in total. Ready for a few more?,one: Je hebt in totaal %lld noot. Klaar voor nog een paar? | other: Je hebt in totaal %lld noten. Klaar voor nog een paar?,one: Hai %lld bolla in tutto. Pronto per qualcuna in più? | other: Hai %lld bolle in tutto. Pronto per qualcuna in più?,one: You have %lld bubble in total. Ready for a few more? | other: You have %lld bubbles in total. Ready for a few more?,one: Je hebt in totaal %lld bubbel. Klaar voor nog een paar? | other: Je hebt in totaal %lld bubbels. Klaar voor nog een paar?,Push notification body for the weekly recap. The argument is the player's all-time nut total.,Localizable.xcstrings
notif.weekly.body %lld,en_nl_changed,ja,Japanese,one: You have %lld nut in total. Ready for a few more? | other: You have %lld nuts in total. Ready for a few more?,one: Je hebt in totaal %lld noot. Klaar voor nog een paar? | other: Je hebt in totaal %lld noten. Klaar voor nog een paar?,one: これでバブルの合計は %lld 個になります。素晴らしい作品です！ | other: これでバブルの合計は %lld 個になります。素晴らしい作品です！,one: You have %lld bubble in total. Ready for a few more? | other: You have %lld bubbles in total. Ready for a few more?,one: Je hebt in totaal %lld bubbel. Klaar voor nog een paar? | other: Je hebt in totaal %lld bubbels. Klaar voor nog een paar?,Push notification body for the weekly recap. The argument is the player's all-time nut total.,Localizable.xcstrings
notif.weekly.body %lld,en_nl_changed,ka,Georgian,one: You have %lld nut in total. Ready for a few more? | other: You have %lld nuts in total. Ready for a few more?,one: Je hebt in totaal %lld noot. Klaar voor nog een paar? | other: Je hebt in totaal %lld noten. Klaar voor nog een paar?,one: ამით თქვენი სულ %lld ტიტულს მიაღწევთ. საოცარი ნამუშევარი! | other: ამით თქვენი სულ %lld ტიტულს მიაღწევთ. საოცარი ნამუშევარი!,one: You have %lld bubble in total. Ready for a few more? | other: You have %lld bubbles in total. Ready for a few more?,one: Je hebt in totaal %lld bubbel. Klaar voor nog een paar? | other: Je hebt in totaal %lld bubbels. Klaar voor nog een paar?,Push notification body for the weekly recap. The argument is the player's all-time nut total.,Localizable.xcstrings
notif.weekly.body %lld,en_nl_changed,kk,Kazakh,one: You have %lld nut in total. Ready for a few more? | other: You have %lld nuts in total. Ready for a few more?,one: Je hebt in totaal %lld noot. Klaar voor nog een paar? | other: Je hebt in totaal %lld noten. Klaar voor nog een paar?,one: Бұл сіздің жалпы жүлделеріңізді %lld-ге жеткізеді. Керемет жұмыс! | other: Бұл сіздің жалпы жүлделеріңізді %lld-ге жеткізеді. Керемет жұмыс!,one: You have %lld bubble in total. Ready for a few more? | other: You have %lld bubbles in total. Ready for a few more?,one: Je hebt in totaal %lld bubbel. Klaar voor nog een paar? | other: Je hebt in totaal %lld bubbels. Klaar voor nog een paar?,Push notification body for the weekly recap. The argument is the player's all-time nut total.,Localizable.xcstrings
notif.weekly.body %lld,en_nl_changed,km,Khmer,one: You have %lld nut in total. Ready for a few more? | other: You have %lld nuts in total. Ready for a few more?,one: Je hebt in totaal %lld noot. Klaar voor nog een paar? | other: Je hebt in totaal %lld noten. Klaar voor nog een paar?,one: នោះនាំឱ្យចំនួនសរុបរបស់អ្នកដល់ %lld ពានរង្វាន់។ការងារ​អស្ចារ្យ! | other: នោះនាំឱ្យចំនួនសរុបរបស់អ្នកដល់ %lld ពានរង្វាន់។ការងារ​អស្ចារ្យ!,one: You have %lld bubble in total. Ready for a few more? | other: You have %lld bubbles in total. Ready for a few more?,one: Je hebt in totaal %lld bubbel. Klaar voor nog een paar? | other: Je hebt in totaal %lld bubbels. Klaar voor nog een paar?,Push notification body for the weekly recap. The argument is the player's all-time nut total.,Localizable.xcstrings
notif.weekly.body %lld,en_nl_changed,kn,Kannada,one: You have %lld nut in total. Ready for a few more? | other: You have %lld nuts in total. Ready for a few more?,one: Je hebt in totaal %lld noot. Klaar voor nog een paar? | other: Je hebt in totaal %lld noten. Klaar voor nog een paar?,one: ಅದು ನಿಮ್ಮ ಒಟ್ಟು %lld ಟ್ರೋಫಿಗಳನ್ನು ತರುತ್ತದೆ. ಅದ್ಭುತ ಕೆಲಸ! | other: ಅದು ನಿಮ್ಮ ಒಟ್ಟು %lld ಟ್ರೋಫಿಗಳನ್ನು ತರುತ್ತದೆ. ಅದ್ಭುತ ಕೆಲಸ!,one: You have %lld bubble in total. Ready for a few more? | other: You have %lld bubbles in total. Ready for a few more?,one: Je hebt in totaal %lld bubbel. Klaar voor nog een paar? | other: Je hebt in totaal %lld bubbels. Klaar voor nog een paar?,Push notification body for the weekly recap. The argument is the player's all-time nut total.,Localizable.xcstrings
notif.weekly.body %lld,en_nl_changed,ko,Korean,one: You have %lld nut in total. Ready for a few more? | other: You have %lld nuts in total. Ready for a few more?,one: Je hebt in totaal %lld noot. Klaar voor nog een paar? | other: Je hebt in totaal %lld noten. Klaar voor nog een paar?,one: 그러면 총 버블이 %lld개가 됩니다. 놀라운 작품입니다! | other: 그러면 총 버블이 %lld개가 됩니다. 놀라운 작품입니다!,one: You have %lld bubble in total. Ready for a few more? | other: You have %lld bubbles in total. Ready for a few more?,one: Je hebt in totaal %lld bubbel. Klaar voor nog een paar? | other: Je hebt in totaal %lld bubbels. Klaar voor nog een paar?,Push notification body for the weekly recap. The argument is the player's all-time nut total.,Localizable.xcstrings
notif.weekly.body %lld,en_nl_changed,lo,Lao,one: You have %lld nut in total. Ready for a few more? | other: You have %lld nuts in total. Ready for a few more?,one: Je hebt in totaal %lld noot. Klaar voor nog een paar? | other: Je hebt in totaal %lld noten. Klaar voor nog een paar?,one: ນັ້ນເຮັດໃຫ້ຈໍານວນທັງຫມົດຂອງເຈົ້າເປັນ %lld ລາງວັນ. ເຮັດ​ໃຫ້​ປະ​ລາດ​! | other: ນັ້ນເຮັດໃຫ້ຈໍານວນທັງຫມົດຂອງເຈົ້າເປັນ %lld ລາງວັນ. ເຮັດ​ໃຫ້​ປະ​ລາດ​!,one: You have %lld bubble in total. Ready for a few more? | other: You have %lld bubbles in total. Ready for a few more?,one: Je hebt in totaal %lld bubbel. Klaar voor nog een paar? | other: Je hebt in totaal %lld bubbels. Klaar voor nog een paar?,Push notification body for the weekly recap. The argument is the player's all-time nut total.,Localizable.xcstrings
notif.weekly.body %lld,en_nl_changed,lt,Lithuanian,one: You have %lld nut in total. Ready for a few more? | other: You have %lld nuts in total. Ready for a few more?,one: Je hebt in totaal %lld noot. Klaar voor nog een paar? | other: Je hebt in totaal %lld noten. Klaar voor nog een paar?,one: Tai padidins jūsų bendrą %lld trofėjų. Nuostabus darbas! | other: Tai padidins jūsų bendrą %lld trofėjų. Nuostabus darbas!,one: You have %lld bubble in total. Ready for a few more? | other: You have %lld bubbles in total. Ready for a few more?,one: Je hebt in totaal %lld bubbel. Klaar voor nog een paar? | other: Je hebt in totaal %lld bubbels. Klaar voor nog een paar?,Push notification body for the weekly recap. The argument is the player's all-time nut total.,Localizable.xcstrings
notif.weekly.body %lld,en_nl_changed,lv,Latvian,one: You have %lld nut in total. Ready for a few more? | other: You have %lld nuts in total. Ready for a few more?,one: Je hebt in totaal %lld noot. Klaar voor nog een paar? | other: Je hebt in totaal %lld noten. Klaar voor nog een paar?,one: Tādējādi jūs kopā iegūstat %lld trofejas. Apbrīnojams darbs! | other: Tādējādi jūs kopā iegūstat %lld trofejas. Apbrīnojams darbs!,one: You have %lld bubble in total. Ready for a few more? | other: You have %lld bubbles in total. Ready for a few more?,one: Je hebt in totaal %lld bubbel. Klaar voor nog een paar? | other: Je hebt in totaal %lld bubbels. Klaar voor nog een paar?,Push notification body for the weekly recap. The argument is the player's all-time nut total.,Localizable.xcstrings
notif.weekly.body %lld,en_nl_changed,mk,Macedonian,one: You have %lld nut in total. Ready for a few more? | other: You have %lld nuts in total. Ready for a few more?,one: Je hebt in totaal %lld noot. Klaar voor nog een paar? | other: Je hebt in totaal %lld noten. Klaar voor nog een paar?,one: Тоа го носи вашиот вкупен број на %lld трофеи. Неверојатна работа! | other: Тоа го носи вашиот вкупен број на %lld трофеи. Неверојатна работа!,one: You have %lld bubble in total. Ready for a few more? | other: You have %lld bubbles in total. Ready for a few more?,one: Je hebt in totaal %lld bubbel. Klaar voor nog een paar? | other: Je hebt in totaal %lld bubbels. Klaar voor nog een paar?,Push notification body for the weekly recap. The argument is the player's all-time nut total.,Localizable.xcstrings
notif.weekly.body %lld,en_nl_changed,ml,Malayalam,one: You have %lld nut in total. Ready for a few more? | other: You have %lld nuts in total. Ready for a few more?,one: Je hebt in totaal %lld noot. Klaar voor nog een paar? | other: Je hebt in totaal %lld noten. Klaar voor nog een paar?,one: അത് നിങ്ങളുടെ ആകെ %lld ട്രോഫികളായി എത്തിക്കുന്നു. അത്ഭുതകരമായ പ്രവൃത്തി! | other: അത് നിങ്ങളുടെ ആകെ %lld ട്രോഫികളായി എത്തിക്കുന്നു. അത്ഭുതകരമായ പ്രവൃത്തി!,one: You have %lld bubble in total. Ready for a few more? | other: You have %lld bubbles in total. Ready for a few more?,one: Je hebt in totaal %lld bubbel. Klaar voor nog een paar? | other: Je hebt in totaal %lld bubbels. Klaar voor nog een paar?,Push notification body for the weekly recap. The argument is the player's all-time nut total.,Localizable.xcstrings
notif.weekly.body %lld,en_nl_changed,mn,Mongolian,one: You have %lld nut in total. Ready for a few more? | other: You have %lld nuts in total. Ready for a few more?,one: Je hebt in totaal %lld noot. Klaar voor nog een paar? | other: Je hebt in totaal %lld noten. Klaar voor nog een paar?,one: Ингэснээр таны нийт %lld цом авчирна. Гайхалтай ажил! | other: Ингэснээр таны нийт %lld цом авчирна. Гайхалтай ажил!,one: You have %lld bubble in total. Ready for a few more? | other: You have %lld bubbles in total. Ready for a few more?,one: Je hebt in totaal %lld bubbel. Klaar voor nog een paar? | other: Je hebt in totaal %lld bubbels. Klaar voor nog een paar?,Push notification body for the weekly recap. The argument is the player's all-time nut total.,Localizable.xcstrings
notif.weekly.body %lld,en_nl_changed,mr,Marathi,one: You have %lld nut in total. Ready for a few more? | other: You have %lld nuts in total. Ready for a few more?,one: Je hebt in totaal %lld noot. Klaar voor nog een paar? | other: Je hebt in totaal %lld noten. Klaar voor nog een paar?,one: त्यामुळे तुमची एकूण %lld ट्रॉफी होतील. आश्चर्यकारक काम! | other: त्यामुळे तुमची एकूण %lld ट्रॉफी होतील. आश्चर्यकारक काम!,one: You have %lld bubble in total. Ready for a few more? | other: You have %lld bubbles in total. Ready for a few more?,one: Je hebt in totaal %lld bubbel. Klaar voor nog een paar? | other: Je hebt in totaal %lld bubbels. Klaar voor nog een paar?,Push notification body for the weekly recap. The argument is the player's all-time nut total.,Localizable.xcstrings
notif.weekly.body %lld,en_nl_changed,ms,Malay,one: You have %lld nut in total. Ready for a few more? | other: You have %lld nuts in total. Ready for a few more?,one: Je hebt in totaal %lld noot. Klaar voor nog een paar? | other: Je hebt in totaal %lld noten. Klaar voor nog een paar?,one: Itu menjadikan jumlah anda sebanyak %lld trofi. Kerja yang menakjubkan! | other: Itu menjadikan jumlah anda sebanyak %lld trofi. Kerja yang menakjubkan!,one: You have %lld bubble in total. Ready for a few more? | other: You have %lld bubbles in total. Ready for a few more?,one: Je hebt in totaal %lld bubbel. Klaar voor nog een paar? | other: Je hebt in totaal %lld bubbels. Klaar voor nog een paar?,Push notification body for the weekly recap. The argument is the player's all-time nut total.,Localizable.xcstrings
notif.weekly.body %lld,en_nl_changed,my,Burmese,one: You have %lld nut in total. Ready for a few more? | other: You have %lld nuts in total. Ready for a few more?,one: Je hebt in totaal %lld noot. Klaar voor nog een paar? | other: Je hebt in totaal %lld noten. Klaar voor nog een paar?,one: ဒါက မင်းရဲ့ စုစုပေါင်း ဆုဖလား %lld ကို ယူဆောင်လာပေးတယ်။အံ့သြဖွယ်အလုပ်။ | other: ဒါက မင်းရဲ့ စုစုပေါင်း ဆုဖလား %lld ကို ယူဆောင်လာပေးတယ်။အံ့သြဖွယ်အလုပ်။,one: You have %lld bubble in total. Ready for a few more? | other: You have %lld bubbles in total. Ready for a few more?,one: Je hebt in totaal %lld bubbel. Klaar voor nog een paar? | other: Je hebt in totaal %lld bubbels. Klaar voor nog een paar?,Push notification body for the weekly recap. The argument is the player's all-time nut total.,Localizable.xcstrings
notif.weekly.body %lld,en_nl_changed,nb,Norwegian,one: You have %lld nut in total. Ready for a few more? | other: You have %lld nuts in total. Ready for a few more?,one: Je hebt in totaal %lld noot. Klaar voor nog een paar? | other: Je hebt in totaal %lld noten. Klaar voor nog een paar?,one: Det bringer totalen din til %lld trofeer. Utrolig arbeid! | other: Det bringer totalen din til %lld trofeer. Utrolig arbeid!,one: You have %lld bubble in total. Ready for a few more? | other: You have %lld bubbles in total. Ready for a few more?,one: Je hebt in totaal %lld bubbel. Klaar voor nog een paar? | other: Je hebt in totaal %lld bubbels. Klaar voor nog een paar?,Push notification body for the weekly recap. The argument is the player's all-time nut total.,Localizable.xcstrings
notif.weekly.body %lld,en_nl_changed,ne,Nepali,one: You have %lld nut in total. Ready for a few more? | other: You have %lld nuts in total. Ready for a few more?,one: Je hebt in totaal %lld noot. Klaar voor nog een paar? | other: Je hebt in totaal %lld noten. Klaar voor nog een paar?,one: यसले तपाइँको कुल %lld ट्रफी ल्याउँछ। अचम्मको काम! | other: यसले तपाइँको कुल %lld ट्रफी ल्याउँछ। अचम्मको काम!,one: You have %lld bubble in total. Ready for a few more? | other: You have %lld bubbles in total. Ready for a few more?,one: Je hebt in totaal %lld bubbel. Klaar voor nog een paar? | other: Je hebt in totaal %lld bubbels. Klaar voor nog een paar?,Push notification body for the weekly recap. The argument is the player's all-time nut total.,Localizable.xcstrings
notif.weekly.body %lld,en_nl_changed,or,Odia,one: You have %lld nut in total. Ready for a few more? | other: You have %lld nuts in total. Ready for a few more?,one: Je hebt in totaal %lld noot. Klaar voor nog een paar? | other: Je hebt in totaal %lld noten. Klaar voor nog een paar?,one: ଏହା ତୁମର ସମୁଦାୟ %lld ଟ୍ରଫି ଆଣିଥାଏ |ଆଶ୍ଚର୍ଯ୍ୟଜନକ କାର୍ଯ୍ୟ! | other: ଏହା ତୁମର ସମୁଦାୟ %lld ଟ୍ରଫି ଆଣିଥାଏ |ଆଶ୍ଚର୍ଯ୍ୟଜନକ କାର୍ଯ୍ୟ!,one: You have %lld bubble in total. Ready for a few more? | other: You have %lld bubbles in total. Ready for a few more?,one: Je hebt in totaal %lld bubbel. Klaar voor nog een paar? | other: Je hebt in totaal %lld bubbels. Klaar voor nog een paar?,Push notification body for the weekly recap. The argument is the player's all-time nut total.,Localizable.xcstrings
notif.weekly.body %lld,en_nl_changed,pa,Punjabi,one: You have %lld nut in total. Ready for a few more? | other: You have %lld nuts in total. Ready for a few more?,one: Je hebt in totaal %lld noot. Klaar voor nog een paar? | other: Je hebt in totaal %lld noten. Klaar voor nog een paar?,one: ਇਸ ਨਾਲ ਤੁਹਾਡੀ ਕੁੱਲ %lld ਟਰਾਫੀਆਂ ਹੋ ਜਾਂਦੀਆਂ ਹਨ। ਹੈਰਾਨੀਜਨਕ ਕੰਮ! | other: ਇਸ ਨਾਲ ਤੁਹਾਡੀ ਕੁੱਲ %lld ਟਰਾਫੀਆਂ ਹੋ ਜਾਂਦੀਆਂ ਹਨ। ਹੈਰਾਨੀਜਨਕ ਕੰਮ!,one: You have %lld bubble in total. Ready for a few more? | other: You have %lld bubbles in total. Ready for a few more?,one: Je hebt in totaal %lld bubbel. Klaar voor nog een paar? | other: Je hebt in totaal %lld bubbels. Klaar voor nog een paar?,Push notification body for the weekly recap. The argument is the player's all-time nut total.,Localizable.xcstrings
notif.weekly.body %lld,en_nl_changed,pl,Polish,one: You have %lld nut in total. Ready for a few more? | other: You have %lld nuts in total. Ready for a few more?,one: Je hebt in totaal %lld noot. Klaar voor nog een paar? | other: Je hebt in totaal %lld noten. Klaar voor nog een paar?,one: Masz w sumie %lld bąbelek. Zbierzemy więcej? | few: Masz w sumie %lld bąbelki. Zbierzemy więcej? | many: Masz w sumie %lld bąbelków. Zbierzemy więcej? | other: Masz w sumie %lld bąbelka. Zbierzemy więcej?,one: You have %lld bubble in total. Ready for a few more? | other: You have %lld bubbles in total. Ready for a few more?,one: Je hebt in totaal %lld bubbel. Klaar voor nog een paar? | other: Je hebt in totaal %lld bubbels. Klaar voor nog een paar?,Push notification body for the weekly recap. The argument is the player's all-time nut total.,Localizable.xcstrings
notif.weekly.body %lld,en_nl_changed,pt,Portuguese,one: You have %lld nut in total. Ready for a few more? | other: You have %lld nuts in total. Ready for a few more?,one: Je hebt in totaal %lld noot. Klaar voor nog een paar? | other: Je hebt in totaal %lld noten. Klaar voor nog een paar?,one: Tens %lld bolha no total. Pronto para mais algumas? | other: Tens %lld bolhas no total. Pronto para mais algumas?,one: You have %lld bubble in total. Ready for a few more? | other: You have %lld bubbles in total. Ready for a few more?,one: Je hebt in totaal %lld bubbel. Klaar voor nog een paar? | other: Je hebt in totaal %lld bubbels. Klaar voor nog een paar?,Push notification body for the weekly recap. The argument is the player's all-time nut total.,Localizable.xcstrings
notif.weekly.body %lld,en_nl_changed,ro,Romanian,one: You have %lld nut in total. Ready for a few more? | other: You have %lld nuts in total. Ready for a few more?,one: Je hebt in totaal %lld noot. Klaar voor nog een paar? | other: Je hebt in totaal %lld noten. Klaar voor nog een paar?,one: Asta aduce totalul tău la %lld de trofee. Lucru uimitor! | other: Asta aduce totalul tău la %lld de trofee. Lucru uimitor!,one: You have %lld bubble in total. Ready for a few more? | other: You have %lld bubbles in total. Ready for a few more?,one: Je hebt in totaal %lld bubbel. Klaar voor nog een paar? | other: Je hebt in totaal %lld bubbels. Klaar voor nog een paar?,Push notification body for the weekly recap. The argument is the player's all-time nut total.,Localizable.xcstrings
notif.weekly.body %lld,en_nl_changed,ru,Russian,one: You have %lld nut in total. Ready for a few more? | other: You have %lld nuts in total. Ready for a few more?,one: Je hebt in totaal %lld noot. Klaar voor nog een paar? | other: Je hebt in totaal %lld noten. Klaar voor nog een paar?,one: У тебя всего %lld пузырь. Соберём ещё? | few: У тебя всего %lld пузыря. Соберём ещё? | many: У тебя всего %lld пузырей. Соберём ещё? | other: У тебя всего %lld пузыря. Соберём ещё?,one: You have %lld bubble in total. Ready for a few more? | other: You have %lld bubbles in total. Ready for a few more?,one: Je hebt in totaal %lld bubbel. Klaar voor nog een paar? | other: Je hebt in totaal %lld bubbels. Klaar voor nog een paar?,Push notification body for the weekly recap. The argument is the player's all-time nut total.,Localizable.xcstrings
notif.weekly.body %lld,en_nl_changed,si,Sinhala,one: You have %lld nut in total. Ready for a few more? | other: You have %lld nuts in total. Ready for a few more?,one: Je hebt in totaal %lld noot. Klaar voor nog een paar? | other: Je hebt in totaal %lld noten. Klaar voor nog een paar?,one: එය ඔබගේ මුළු කුසලාන %lld දක්වා ගෙන එයි. පුදුම වැඩක්! | other: එය ඔබගේ මුළු කුසලාන %lld දක්වා ගෙන එයි. පුදුම වැඩක්!,one: You have %lld bubble in total. Ready for a few more? | other: You have %lld bubbles in total. Ready for a few more?,one: Je hebt in totaal %lld bubbel. Klaar voor nog een paar? | other: Je hebt in totaal %lld bubbels. Klaar voor nog een paar?,Push notification body for the weekly recap. The argument is the player's all-time nut total.,Localizable.xcstrings
notif.weekly.body %lld,en_nl_changed,sk,Slovak,one: You have %lld nut in total. Ready for a few more? | other: You have %lld nuts in total. Ready for a few more?,one: Je hebt in totaal %lld noot. Klaar voor nog een paar? | other: Je hebt in totaal %lld noten. Klaar voor nog een paar?,one: Váš celkový počet tak dosiahne %lld trofejí. Úžasná práca! | other: Váš celkový počet tak dosiahne %lld trofejí. Úžasná práca!,one: You have %lld bubble in total. Ready for a few more? | other: You have %lld bubbles in total. Ready for a few more?,one: Je hebt in totaal %lld bubbel. Klaar voor nog een paar? | other: Je hebt in totaal %lld bubbels. Klaar voor nog een paar?,Push notification body for the weekly recap. The argument is the player's all-time nut total.,Localizable.xcstrings
notif.weekly.body %lld,en_nl_changed,sl,Slovenian,one: You have %lld nut in total. Ready for a few more? | other: You have %lld nuts in total. Ready for a few more?,one: Je hebt in totaal %lld noot. Klaar voor nog een paar? | other: Je hebt in totaal %lld noten. Klaar voor nog een paar?,one: S tem dosežete skupno %lld trofej. Čudovito delo! | other: S tem dosežete skupno %lld trofej. Čudovito delo!,one: You have %lld bubble in total. Ready for a few more? | other: You have %lld bubbles in total. Ready for a few more?,one: Je hebt in totaal %lld bubbel. Klaar voor nog een paar? | other: Je hebt in totaal %lld bubbels. Klaar voor nog een paar?,Push notification body for the weekly recap. The argument is the player's all-time nut total.,Localizable.xcstrings
notif.weekly.body %lld,en_nl_changed,sq,Albanian,one: You have %lld nut in total. Ready for a few more? | other: You have %lld nuts in total. Ready for a few more?,one: Je hebt in totaal %lld noot. Klaar voor nog een paar? | other: Je hebt in totaal %lld noten. Klaar voor nog een paar?,one: Kjo e çon totalin tuaj në %lld trofe. Punë e mahnitshme! | other: Kjo e çon totalin tuaj në %lld trofe. Punë e mahnitshme!,one: You have %lld bubble in total. Ready for a few more? | other: You have %lld bubbles in total. Ready for a few more?,one: Je hebt in totaal %lld bubbel. Klaar voor nog een paar? | other: Je hebt in totaal %lld bubbels. Klaar voor nog een paar?,Push notification body for the weekly recap. The argument is the player's all-time nut total.,Localizable.xcstrings
notif.weekly.body %lld,en_nl_changed,sr,Serbian,one: You have %lld nut in total. Ready for a few more? | other: You have %lld nuts in total. Ready for a few more?,one: Je hebt in totaal %lld noot. Klaar voor nog een paar? | other: Je hebt in totaal %lld noten. Klaar voor nog een paar?,one: То вам доводи до %lld трофеја. Амазинг ворк! | other: То вам доводи до %lld трофеја. Амазинг ворк!,one: You have %lld bubble in total. Ready for a few more? | other: You have %lld bubbles in total. Ready for a few more?,one: Je hebt in totaal %lld bubbel. Klaar voor nog een paar? | other: Je hebt in totaal %lld bubbels. Klaar voor nog een paar?,Push notification body for the weekly recap. The argument is the player's all-time nut total.,Localizable.xcstrings
notif.weekly.body %lld,en_nl_changed,sv,Swedish,one: You have %lld nut in total. Ready for a few more? | other: You have %lld nuts in total. Ready for a few more?,one: Je hebt in totaal %lld noot. Klaar voor nog een paar? | other: Je hebt in totaal %lld noten. Klaar voor nog een paar?,one: Det ger din totala summa till %lld troféer. Underbart arbete! | other: Det ger din totala summa till %lld troféer. Underbart arbete!,one: You have %lld bubble in total. Ready for a few more? | other: You have %lld bubbles in total. Ready for a few more?,one: Je hebt in totaal %lld bubbel. Klaar voor nog een paar? | other: Je hebt in totaal %lld bubbels. Klaar voor nog een paar?,Push notification body for the weekly recap. The argument is the player's all-time nut total.,Localizable.xcstrings
notif.weekly.body %lld,en_nl_changed,sw,Swahili,one: You have %lld nut in total. Ready for a few more? | other: You have %lld nuts in total. Ready for a few more?,one: Je hebt in totaal %lld noot. Klaar voor nog een paar? | other: Je hebt in totaal %lld noten. Klaar voor nog een paar?,one: Hiyo inaleta jumla yako hadi nyara %lld. Kazi ya ajabu! | other: Hiyo inaleta jumla yako hadi nyara %lld. Kazi ya ajabu!,one: You have %lld bubble in total. Ready for a few more? | other: You have %lld bubbles in total. Ready for a few more?,one: Je hebt in totaal %lld bubbel. Klaar voor nog een paar? | other: Je hebt in totaal %lld bubbels. Klaar voor nog een paar?,Push notification body for the weekly recap. The argument is the player's all-time nut total.,Localizable.xcstrings
notif.weekly.body %lld,en_nl_changed,ta,Tamil,one: You have %lld nut in total. Ready for a few more? | other: You have %lld nuts in total. Ready for a few more?,one: Je hebt in totaal %lld noot. Klaar voor nog een paar? | other: Je hebt in totaal %lld noten. Klaar voor nog een paar?,one: இது உங்கள் மொத்த கோப்பைகளை %lld ஆகக் கொண்டுவருகிறது. அற்புதமான வேலை! | other: இது உங்கள் மொத்த கோப்பைகளை %lld ஆகக் கொண்டுவருகிறது. அற்புதமான வேலை!,one: You have %lld bubble in total. Ready for a few more? | other: You have %lld bubbles in total. Ready for a few more?,one: Je hebt in totaal %lld bubbel. Klaar voor nog een paar? | other: Je hebt in totaal %lld bubbels. Klaar voor nog een paar?,Push notification body for the weekly recap. The argument is the player's all-time nut total.,Localizable.xcstrings
notif.weekly.body %lld,en_nl_changed,te,Telugu,one: You have %lld nut in total. Ready for a few more? | other: You have %lld nuts in total. Ready for a few more?,one: Je hebt in totaal %lld noot. Klaar voor nog een paar? | other: Je hebt in totaal %lld noten. Klaar voor nog een paar?,one: దీంతో నీ మొత్తం %lld ట్రోఫీలకు చేరింది. అద్భుతం! | other: దీంతో నీ మొత్తం %lld ట్రోఫీలకు చేరింది. అద్భుతం!,one: You have %lld bubble in total. Ready for a few more? | other: You have %lld bubbles in total. Ready for a few more?,one: Je hebt in totaal %lld bubbel. Klaar voor nog een paar? | other: Je hebt in totaal %lld bubbels. Klaar voor nog een paar?,Push notification body for the weekly recap. The argument is the player's all-time nut total.,Localizable.xcstrings
notif.weekly.body %lld,en_nl_changed,th,Thai,one: You have %lld nut in total. Ready for a few more? | other: You have %lld nuts in total. Ready for a few more?,one: Je hebt in totaal %lld noot. Klaar voor nog een paar? | other: Je hebt in totaal %lld noten. Klaar voor nog een paar?,one: นั่นจะทำให้คุณได้รับฟองสบู่ถึง %lld ถ้วยผลงานน่าทึ่ง! | other: นั่นจะทำให้คุณได้รับฟองสบู่ถึง %lld ถ้วยผลงานน่าทึ่ง!,one: You have %lld bubble in total. Ready for a few more? | other: You have %lld bubbles in total. Ready for a few more?,one: Je hebt in totaal %lld bubbel. Klaar voor nog een paar? | other: Je hebt in totaal %lld bubbels. Klaar voor nog een paar?,Push notification body for the weekly recap. The argument is the player's all-time nut total.,Localizable.xcstrings
notif.weekly.body %lld,en_nl_changed,tr,Turkish,one: You have %lld nut in total. Ready for a few more? | other: You have %lld nuts in total. Ready for a few more?,one: Je hebt in totaal %lld noot. Klaar voor nog een paar? | other: Je hebt in totaal %lld noten. Klaar voor nog een paar?,"one: Bu, toplamınızı %lld baloncuk çıkarır. Harika iş! | other: Bu, toplamınızı %lld baloncuk çıkarır. Harika iş!",one: You have %lld bubble in total. Ready for a few more? | other: You have %lld bubbles in total. Ready for a few more?,one: Je hebt in totaal %lld bubbel. Klaar voor nog een paar? | other: Je hebt in totaal %lld bubbels. Klaar voor nog een paar?,Push notification body for the weekly recap. The argument is the player's all-time nut total.,Localizable.xcstrings
notif.weekly.body %lld,en_nl_changed,ug,Uyghur,one: You have %lld nut in total. Ready for a few more? | other: You have %lld nuts in total. Ready for a few more?,one: Je hebt in totaal %lld noot. Klaar voor nog een paar? | other: Je hebt in totaal %lld noten. Klaar voor nog een paar?,one: بۇ سىزنىڭ ئومۇمىي لوڭقىڭىزنى %lld لوڭقىغا يەتكۈزىدۇ. ھەيران قالارلىق خىزمەت! | other: بۇ سىزنىڭ ئومۇمىي لوڭقىڭىزنى %lld لوڭقىغا يەتكۈزىدۇ. ھەيران قالارلىق خىزمەت!,one: You have %lld bubble in total. Ready for a few more? | other: You have %lld bubbles in total. Ready for a few more?,one: Je hebt in totaal %lld bubbel. Klaar voor nog een paar? | other: Je hebt in totaal %lld bubbels. Klaar voor nog een paar?,Push notification body for the weekly recap. The argument is the player's all-time nut total.,Localizable.xcstrings
notif.weekly.body %lld,en_nl_changed,uk,Ukrainian,one: You have %lld nut in total. Ready for a few more? | other: You have %lld nuts in total. Ready for a few more?,one: Je hebt in totaal %lld noot. Klaar voor nog een paar? | other: Je hebt in totaal %lld noten. Klaar voor nog een paar?,"one: Таким чином, ваша загальна сума досягає %lld трофеїв. Дивовижна робота! | other: Таким чином, ваша загальна сума досягає %lld трофеїв. Дивовижна робота!",one: You have %lld bubble in total. Ready for a few more? | other: You have %lld bubbles in total. Ready for a few more?,one: Je hebt in totaal %lld bubbel. Klaar voor nog een paar? | other: Je hebt in totaal %lld bubbels. Klaar voor nog een paar?,Push notification body for the weekly recap. The argument is the player's all-time nut total.,Localizable.xcstrings
notif.weekly.body %lld,en_nl_changed,ur,Urdu,one: You have %lld nut in total. Ready for a few more? | other: You have %lld nuts in total. Ready for a few more?,one: Je hebt in totaal %lld noot. Klaar voor nog een paar? | other: Je hebt in totaal %lld noten. Klaar voor nog een paar?,one: اس سے آپ کی کل ٹرافیاں %lld ہو جاتی ہیں۔حیرت انگیز کام! | other: اس سے آپ کی کل ٹرافیاں %lld ہو جاتی ہیں۔حیرت انگیز کام!,one: You have %lld bubble in total. Ready for a few more? | other: You have %lld bubbles in total. Ready for a few more?,one: Je hebt in totaal %lld bubbel. Klaar voor nog een paar? | other: Je hebt in totaal %lld bubbels. Klaar voor nog een paar?,Push notification body for the weekly recap. The argument is the player's all-time nut total.,Localizable.xcstrings
notif.weekly.body %lld,en_nl_changed,uz,Uzbek,one: You have %lld nut in total. Ready for a few more? | other: You have %lld nuts in total. Ready for a few more?,one: Je hebt in totaal %lld noot. Klaar voor nog een paar? | other: Je hebt in totaal %lld noten. Klaar voor nog een paar?,one: Bu sizning jami sovrinlaringizni %lld taga yetkazadi. Ajoyib ish! | other: Bu sizning jami sovrinlaringizni %lld taga yetkazadi. Ajoyib ish!,one: You have %lld bubble in total. Ready for a few more? | other: You have %lld bubbles in total. Ready for a few more?,one: Je hebt in totaal %lld bubbel. Klaar voor nog een paar? | other: Je hebt in totaal %lld bubbels. Klaar voor nog een paar?,Push notification body for the weekly recap. The argument is the player's all-time nut total.,Localizable.xcstrings
notif.weekly.body %lld,en_nl_changed,vi,Vietnamese,one: You have %lld nut in total. Ready for a few more? | other: You have %lld nuts in total. Ready for a few more?,one: Je hebt in totaal %lld noot. Klaar voor nog een paar? | other: Je hebt in totaal %lld noten. Klaar voor nog een paar?,one: Điều đó nâng tổng số cúp của bạn lên %lld. Công việc tuyệt vời! | other: Điều đó nâng tổng số cúp của bạn lên %lld. Công việc tuyệt vời!,one: You have %lld bubble in total. Ready for a few more? | other: You have %lld bubbles in total. Ready for a few more?,one: Je hebt in totaal %lld bubbel. Klaar voor nog een paar? | other: Je hebt in totaal %lld bubbels. Klaar voor nog een paar?,Push notification body for the weekly recap. The argument is the player's all-time nut total.,Localizable.xcstrings
notif.weekly.body %lld,en_nl_changed,zh,Chinese,one: You have %lld nut in total. Ready for a few more? | other: You have %lld nuts in total. Ready for a few more?,one: Je hebt in totaal %lld noot. Klaar voor nog een paar? | other: Je hebt in totaal %lld noten. Klaar voor nog een paar?,one: 这将使您的泡泡总数达到 %lld 个。了不起的工作！ | other: 这将使您的泡泡总数达到 %lld 个。了不起的工作！,one: You have %lld bubble in total. Ready for a few more? | other: You have %lld bubbles in total. Ready for a few more?,one: Je hebt in totaal %lld bubbel. Klaar voor nog een paar? | other: Je hebt in totaal %lld bubbels. Klaar voor nog een paar?,Push notification body for the weekly recap. The argument is the player's all-time nut total.,Localizable.xcstrings
notif.weekly.body %lld,en_nl_changed,zu,Zulu,one: You have %lld nut in total. Ready for a few more? | other: You have %lld nuts in total. Ready for a few more?,one: Je hebt in totaal %lld noot. Klaar voor nog een paar? | other: Je hebt in totaal %lld noten. Klaar voor nog een paar?,one: Lokho kuletha isamba sakho sezindebe ezingu-%lld. Umsebenzi omangalisayo! | other: Lokho kuletha isamba sakho sezindebe ezingu-%lld. Umsebenzi omangalisayo!,one: You have %lld bubble in total. Ready for a few more? | other: You have %lld bubbles in total. Ready for a few more?,one: Je hebt in totaal %lld bubbel. Klaar voor nog een paar? | other: Je hebt in totaal %lld bubbels. Klaar voor nog een paar?,Push notification body for the weekly recap. The argument is the player's all-time nut total.,Localizable.xcstrings
notif.weekly.title %lld,en_nl_changed,af,Afrikaans,one: %lld nut this week! 🎉 | other: %lld nuts this week! 🎉,one: %lld noot deze week! 🎉 | other: %lld noten deze week! 🎉,one: Jy het hierdie week %lld trofeë verdien! 🌟 | other: Jy het hierdie week %lld trofeë verdien! 🌟,one: %lld bubble this week! 🎉 | other: %lld bubbles this week! 🎉,one: %lld bubbel deze week! 🎉 | other: %lld bubbels deze week! 🎉,Push notification title for the weekly recap. The argument is the nuts collected this week.,Localizable.xcstrings
notif.weekly.title %lld,en_nl_changed,am,Amharic,one: %lld nut this week! 🎉 | other: %lld nuts this week! 🎉,one: %lld noot deze week! 🎉 | other: %lld noten deze week! 🎉,one: በዚህ ሳምንት %lld ዋንጫዎችን አግኝተዋል! 🌟 | other: በዚህ ሳምንት %lld ዋንጫዎችን አግኝተዋል! 🌟,one: %lld bubble this week! 🎉 | other: %lld bubbles this week! 🎉,one: %lld bubbel deze week! 🎉 | other: %lld bubbels deze week! 🎉,Push notification title for the weekly recap. The argument is the nuts collected this week.,Localizable.xcstrings
notif.weekly.title %lld,en_nl_changed,ar,Arabic,one: %lld nut this week! 🎉 | other: %lld nuts this week! 🎉,one: %lld noot deze week! 🎉 | other: %lld noten deze week! 🎉,one: لقد حصلت على %lld جائزة هذا الأسبوع! 🌟 | other: لقد حصلت على %lld جائزة هذا الأسبوع! 🌟,one: %lld bubble this week! 🎉 | other: %lld bubbles this week! 🎉,one: %lld bubbel deze week! 🎉 | other: %lld bubbels deze week! 🎉,Push notification title for the weekly recap. The argument is the nuts collected this week.,Localizable.xcstrings
notif.weekly.title %lld,en_nl_changed,as,Assamese,one: %lld nut this week! 🎉 | other: %lld nuts this week! 🎉,one: %lld noot deze week! 🎉 | other: %lld noten deze week! 🎉,one: এই সপ্তাহত আপুনি %lldটা ট্ৰফী অৰ্জন কৰিলে! 🌟 | other: এই সপ্তাহত আপুনি %lldটা ট্ৰফী অৰ্জন কৰিলে! 🌟,one: %lld bubble this week! 🎉 | other: %lld bubbles this week! 🎉,one: %lld bubbel deze week! 🎉 | other: %lld bubbels deze week! 🎉,Push notification title for the weekly recap. The argument is the nuts collected this week.,Localizable.xcstrings
notif.weekly.title %lld,en_nl_changed,az,Azerbaijani,one: %lld nut this week! 🎉 | other: %lld nuts this week! 🎉,one: %lld noot deze week! 🎉 | other: %lld noten deze week! 🎉,one: Bu həftə %lld kubok qazandınız! 🌟 | other: Bu həftə %lld kubok qazandınız! 🌟,one: %lld bubble this week! 🎉 | other: %lld bubbles this week! 🎉,one: %lld bubbel deze week! 🎉 | other: %lld bubbels deze week! 🎉,Push notification title for the weekly recap. The argument is the nuts collected this week.,Localizable.xcstrings
notif.weekly.title %lld,en_nl_changed,be,Belarusian,one: %lld nut this week! 🎉 | other: %lld nuts this week! 🎉,one: %lld noot deze week! 🎉 | other: %lld noten deze week! 🎉,one: На гэтым тыдні вы зарабілі %lld трафеяў! 🌟 | other: На гэтым тыдні вы зарабілі %lld трафеяў! 🌟,one: %lld bubble this week! 🎉 | other: %lld bubbles this week! 🎉,one: %lld bubbel deze week! 🎉 | other: %lld bubbels deze week! 🎉,Push notification title for the weekly recap. The argument is the nuts collected this week.,Localizable.xcstrings
notif.weekly.title %lld,en_nl_changed,bg,Bulgarian,one: %lld nut this week! 🎉 | other: %lld nuts this week! 🎉,one: %lld noot deze week! 🎉 | other: %lld noten deze week! 🎉,one: Спечелихте %lld трофея тази седмица! 🌟 | other: Спечелихте %lld трофея тази седмица! 🌟,one: %lld bubble this week! 🎉 | other: %lld bubbles this week! 🎉,one: %lld bubbel deze week! 🎉 | other: %lld bubbels deze week! 🎉,Push notification title for the weekly recap. The argument is the nuts collected this week.,Localizable.xcstrings
notif.weekly.title %lld,en_nl_changed,bn,Bengali,one: %lld nut this week! 🎉 | other: %lld nuts this week! 🎉,one: %lld noot deze week! 🎉 | other: %lld noten deze week! 🎉,one: আপনি এই সপ্তাহে %lldটি ট্রফি জিতেছেন! 🌟 | other: আপনি এই সপ্তাহে %lldটি ট্রফি জিতেছেন! 🌟,one: %lld bubble this week! 🎉 | other: %lld bubbles this week! 🎉,one: %lld bubbel deze week! 🎉 | other: %lld bubbels deze week! 🎉,Push notification title for the weekly recap. The argument is the nuts collected this week.,Localizable.xcstrings
notif.weekly.title %lld,en_nl_changed,bo,Tibetan,one: %lld nut this week! 🎉 | other: %lld nuts this week! 🎉,one: %lld noot deze week! 🎉 | other: %lld noten deze week! 🎉,one: ཁྱོད་ཀྱིས་བདུན་ཕྲག་འདིར་བྱ་དགའ་%lldཐོབ་ཡོད། . 🌟 | other: ཁྱོད་ཀྱིས་བདུན་ཕྲག་འདིར་བྱ་དགའ་%lldཐོབ་ཡོད། . 🌟,one: %lld bubble this week! 🎉 | other: %lld bubbles this week! 🎉,one: %lld bubbel deze week! 🎉 | other: %lld bubbels deze week! 🎉,Push notification title for the weekly recap. The argument is the nuts collected this week.,Localizable.xcstrings
notif.weekly.title %lld,en_nl_changed,bs,Bosnian,one: %lld nut this week! 🎉 | other: %lld nuts this week! 🎉,one: %lld noot deze week! 🎉 | other: %lld noten deze week! 🎉,one: Osvojili ste %lld trofeja ove sedmice! 🌟 | other: Osvojili ste %lld trofeja ove sedmice! 🌟,one: %lld bubble this week! 🎉 | other: %lld bubbles this week! 🎉,one: %lld bubbel deze week! 🎉 | other: %lld bubbels deze week! 🎉,Push notification title for the weekly recap. The argument is the nuts collected this week.,Localizable.xcstrings
notif.weekly.title %lld,en_nl_changed,ca,Catalan,one: %lld nut this week! 🎉 | other: %lld nuts this week! 🎉,one: %lld noot deze week! 🎉 | other: %lld noten deze week! 🎉,one: Heu guanyat %lld trofeus aquesta setmana! 🌟 | other: Heu guanyat %lld trofeus aquesta setmana! 🌟,one: %lld bubble this week! 🎉 | other: %lld bubbles this week! 🎉,one: %lld bubbel deze week! 🎉 | other: %lld bubbels deze week! 🎉,Push notification title for the weekly recap. The argument is the nuts collected this week.,Localizable.xcstrings
notif.weekly.title %lld,en_nl_changed,cs,Czech,one: %lld nut this week! 🎉 | other: %lld nuts this week! 🎉,one: %lld noot deze week! 🎉 | other: %lld noten deze week! 🎉,one: Tento týden jste získali %lld trofejí! 🌟 | other: Tento týden jste získali %lld trofejí! 🌟,one: %lld bubble this week! 🎉 | other: %lld bubbles this week! 🎉,one: %lld bubbel deze week! 🎉 | other: %lld bubbels deze week! 🎉,Push notification title for the weekly recap. The argument is the nuts collected this week.,Localizable.xcstrings
notif.weekly.title %lld,en_nl_changed,cy,Welsh,one: %lld nut this week! 🎉 | other: %lld nuts this week! 🎉,one: %lld noot deze week! 🎉 | other: %lld noten deze week! 🎉,one: Fe enilloch chi %lld tlws yr wythnos hon! 🌟 | other: Fe enilloch chi %lld tlws yr wythnos hon! 🌟,one: %lld bubble this week! 🎉 | other: %lld bubbles this week! 🎉,one: %lld bubbel deze week! 🎉 | other: %lld bubbels deze week! 🎉,Push notification title for the weekly recap. The argument is the nuts collected this week.,Localizable.xcstrings
notif.weekly.title %lld,en_nl_changed,da,Danish,one: %lld nut this week! 🎉 | other: %lld nuts this week! 🎉,one: %lld noot deze week! 🎉 | other: %lld noten deze week! 🎉,one: Du har tjent %lld trofæer i denne uge! 🌟 | other: Du har tjent %lld trofæer i denne uge! 🌟,one: %lld bubble this week! 🎉 | other: %lld bubbles this week! 🎉,one: %lld bubbel deze week! 🎉 | other: %lld bubbels deze week! 🎉,Push notification title for the weekly recap. The argument is the nuts collected this week.,Localizable.xcstrings
notif.weekly.title %lld,en_nl_changed,de,German,one: %lld nut this week! 🎉 | other: %lld nuts this week! 🎉,one: %lld noot deze week! 🎉 | other: %lld noten deze week! 🎉,one: %lld Blase diese Woche! 🎉 | other: %lld Blasen diese Woche! 🎉,one: %lld bubble this week! 🎉 | other: %lld bubbles this week! 🎉,one: %lld bubbel deze week! 🎉 | other: %lld bubbels deze week! 🎉,Push notification title for the weekly recap. The argument is the nuts collected this week.,Localizable.xcstrings
notif.weekly.title %lld,en_nl_changed,el,Greek,one: %lld nut this week! 🎉 | other: %lld nuts this week! 🎉,one: %lld noot deze week! 🎉 | other: %lld noten deze week! 🎉,one: Κέρδισες %lld τρόπαια αυτή την εβδομάδα! 🌟 | other: Κέρδισες %lld τρόπαια αυτή την εβδομάδα! 🌟,one: %lld bubble this week! 🎉 | other: %lld bubbles this week! 🎉,one: %lld bubbel deze week! 🎉 | other: %lld bubbels deze week! 🎉,Push notification title for the weekly recap. The argument is the nuts collected this week.,Localizable.xcstrings
notif.weekly.title %lld,en_nl_changed,es,Spanish,one: %lld nut this week! 🎉 | other: %lld nuts this week! 🎉,one: %lld noot deze week! 🎉 | other: %lld noten deze week! 🎉,one: ¡%lld burbuja esta semana! 🎉 | other: ¡%lld burbujas esta semana! 🎉,one: %lld bubble this week! 🎉 | other: %lld bubbles this week! 🎉,one: %lld bubbel deze week! 🎉 | other: %lld bubbels deze week! 🎉,Push notification title for the weekly recap. The argument is the nuts collected this week.,Localizable.xcstrings
notif.weekly.title %lld,en_nl_changed,et,Estonian,one: %lld nut this week! 🎉 | other: %lld nuts this week! 🎉,one: %lld noot deze week! 🎉 | other: %lld noten deze week! 🎉,one: Teenisite sel nädalal %lld karikat! 🌟 | other: Teenisite sel nädalal %lld karikat! 🌟,one: %lld bubble this week! 🎉 | other: %lld bubbles this week! 🎉,one: %lld bubbel deze week! 🎉 | other: %lld bubbels deze week! 🎉,Push notification title for the weekly recap. The argument is the nuts collected this week.,Localizable.xcstrings
notif.weekly.title %lld,en_nl_changed,eu,Basque,one: %lld nut this week! 🎉 | other: %lld nuts this week! 🎉,one: %lld noot deze week! 🎉 | other: %lld noten deze week! 🎉,one: %lld txapel irabazi dituzu aste honetan! 🌟 | other: %lld txapel irabazi dituzu aste honetan! 🌟,one: %lld bubble this week! 🎉 | other: %lld bubbles this week! 🎉,one: %lld bubbel deze week! 🎉 | other: %lld bubbels deze week! 🎉,Push notification title for the weekly recap. The argument is the nuts collected this week.,Localizable.xcstrings
notif.weekly.title %lld,en_nl_changed,fa,Persian,one: %lld nut this week! 🎉 | other: %lld nuts this week! 🎉,one: %lld noot deze week! 🎉 | other: %lld noten deze week! 🎉,one: شما در این هفته %lld جام به دست آوردید! 🌟 | other: شما در این هفته %lld جام به دست آوردید! 🌟,one: %lld bubble this week! 🎉 | other: %lld bubbles this week! 🎉,one: %lld bubbel deze week! 🎉 | other: %lld bubbels deze week! 🎉,Push notification title for the weekly recap. The argument is the nuts collected this week.,Localizable.xcstrings
notif.weekly.title %lld,en_nl_changed,fi,Finnish,one: %lld nut this week! 🎉 | other: %lld nuts this week! 🎉,one: %lld noot deze week! 🎉 | other: %lld noten deze week! 🎉,one: Ansaitsit %lld palkintoa tällä viikolla! 🌟 | other: Ansaitsit %lld palkintoa tällä viikolla! 🌟,one: %lld bubble this week! 🎉 | other: %lld bubbles this week! 🎉,one: %lld bubbel deze week! 🎉 | other: %lld bubbels deze week! 🎉,Push notification title for the weekly recap. The argument is the nuts collected this week.,Localizable.xcstrings
notif.weekly.title %lld,en_nl_changed,fo,Faroese,one: %lld nut this week! 🎉 | other: %lld nuts this week! 🎉,one: %lld noot deze week! 🎉 | other: %lld noten deze week! 🎉,one: Tit vunnu %lld steyp hesa vikuna! 🌟 | other: Tit vunnu %lld steyp hesa vikuna! 🌟,one: %lld bubble this week! 🎉 | other: %lld bubbles this week! 🎉,one: %lld bubbel deze week! 🎉 | other: %lld bubbels deze week! 🎉,Push notification title for the weekly recap. The argument is the nuts collected this week.,Localizable.xcstrings
notif.weekly.title %lld,en_nl_changed,fr,French,one: %lld nut this week! 🎉 | other: %lld nuts this week! 🎉,one: %lld noot deze week! 🎉 | other: %lld noten deze week! 🎉,one: %lld bulle cette semaine ! 🎉 | other: %lld bulles cette semaine ! 🎉,one: %lld bubble this week! 🎉 | other: %lld bubbles this week! 🎉,one: %lld bubbel deze week! 🎉 | other: %lld bubbels deze week! 🎉,Push notification title for the weekly recap. The argument is the nuts collected this week.,Localizable.xcstrings
notif.weekly.title %lld,en_nl_changed,ga,Irish,one: %lld nut this week! 🎉 | other: %lld nuts this week! 🎉,one: %lld noot deze week! 🎉 | other: %lld noten deze week! 🎉,one: Ghnóthaigh tú %lld trófaí an tseachtain seo chaite! 🌟 | other: Ghnóthaigh tú %lld trófaí an tseachtain seo chaite! 🌟,one: %lld bubble this week! 🎉 | other: %lld bubbles this week! 🎉,one: %lld bubbel deze week! 🎉 | other: %lld bubbels deze week! 🎉,Push notification title for the weekly recap. The argument is the nuts collected this week.,Localizable.xcstrings
notif.weekly.title %lld,en_nl_changed,gl,Galician,one: %lld nut this week! 🎉 | other: %lld nuts this week! 🎉,one: %lld noot deze week! 🎉 | other: %lld noten deze week! 🎉,one: Gañaches %lld trofeos esta semana! 🌟 | other: Gañaches %lld trofeos esta semana! 🌟,one: %lld bubble this week! 🎉 | other: %lld bubbles this week! 🎉,one: %lld bubbel deze week! 🎉 | other: %lld bubbels deze week! 🎉,Push notification title for the weekly recap. The argument is the nuts collected this week.,Localizable.xcstrings
notif.weekly.title %lld,en_nl_changed,gu,Gujarati,one: %lld nut this week! 🎉 | other: %lld nuts this week! 🎉,one: %lld noot deze week! 🎉 | other: %lld noten deze week! 🎉,one: તમે આ અઠવાડિયે %lld ટ્રોફી મેળવી છે! 🌟 | other: તમે આ અઠવાડિયે %lld ટ્રોફી મેળવી છે! 🌟,one: %lld bubble this week! 🎉 | other: %lld bubbles this week! 🎉,one: %lld bubbel deze week! 🎉 | other: %lld bubbels deze week! 🎉,Push notification title for the weekly recap. The argument is the nuts collected this week.,Localizable.xcstrings
notif.weekly.title %lld,en_nl_changed,he,Hebrew,one: %lld nut this week! 🎉 | other: %lld nuts this week! 🎉,one: %lld noot deze week! 🎉 | other: %lld noten deze week! 🎉,one: זכית ב-%lld גביעים השבוע! 🌟 | other: זכית ב-%lld גביעים השבוע! 🌟,one: %lld bubble this week! 🎉 | other: %lld bubbles this week! 🎉,one: %lld bubbel deze week! 🎉 | other: %lld bubbels deze week! 🎉,Push notification title for the weekly recap. The argument is the nuts collected this week.,Localizable.xcstrings
notif.weekly.title %lld,en_nl_changed,hi,Hindi,one: %lld nut this week! 🎉 | other: %lld nuts this week! 🎉,one: %lld noot deze week! 🎉 | other: %lld noten deze week! 🎉,one: आपने इस सप्ताह %lld ट्राफियां अर्जित कीं! 🌟 | other: आपने इस सप्ताह %lld ट्राफियां अर्जित कीं! 🌟,one: %lld bubble this week! 🎉 | other: %lld bubbles this week! 🎉,one: %lld bubbel deze week! 🎉 | other: %lld bubbels deze week! 🎉,Push notification title for the weekly recap. The argument is the nuts collected this week.,Localizable.xcstrings
notif.weekly.title %lld,en_nl_changed,hr,Croatian,one: %lld nut this week! 🎉 | other: %lld nuts this week! 🎉,one: %lld noot deze week! 🎉 | other: %lld noten deze week! 🎉,one: Osvojili ste %lld trofeja ovaj tjedan! 🌟 | other: Osvojili ste %lld trofeja ovaj tjedan! 🌟,one: %lld bubble this week! 🎉 | other: %lld bubbles this week! 🎉,one: %lld bubbel deze week! 🎉 | other: %lld bubbels deze week! 🎉,Push notification title for the weekly recap. The argument is the nuts collected this week.,Localizable.xcstrings
notif.weekly.title %lld,en_nl_changed,hu,Hungarian,one: %lld nut this week! 🎉 | other: %lld nuts this week! 🎉,one: %lld noot deze week! 🎉 | other: %lld noten deze week! 🎉,one: Ezen a héten %lld buborék gyűjtöttél! 🌟 | other: Ezen a héten %lld buborék gyűjtöttél! 🌟,one: %lld bubble this week! 🎉 | other: %lld bubbles this week! 🎉,one: %lld bubbel deze week! 🎉 | other: %lld bubbels deze week! 🎉,Push notification title for the weekly recap. The argument is the nuts collected this week.,Localizable.xcstrings
notif.weekly.title %lld,en_nl_changed,hy,Armenian,one: %lld nut this week! 🎉 | other: %lld nuts this week! 🎉,one: %lld noot deze week! 🎉 | other: %lld noten deze week! 🎉,one: Այս շաբաթ դուք վաստակեցիք %lld գավաթ: 🌟 | other: Այս շաբաթ դուք վաստակեցիք %lld գավաթ: 🌟,one: %lld bubble this week! 🎉 | other: %lld bubbles this week! 🎉,one: %lld bubbel deze week! 🎉 | other: %lld bubbels deze week! 🎉,Push notification title for the weekly recap. The argument is the nuts collected this week.,Localizable.xcstrings
notif.weekly.title %lld,en_nl_changed,id,Indonesian,one: %lld nut this week! 🎉 | other: %lld nuts this week! 🎉,one: %lld noot deze week! 🎉 | other: %lld noten deze week! 🎉,one: Anda memperoleh %lld piala minggu ini! 🌟 | other: Anda memperoleh %lld piala minggu ini! 🌟,one: %lld bubble this week! 🎉 | other: %lld bubbles this week! 🎉,one: %lld bubbel deze week! 🎉 | other: %lld bubbels deze week! 🎉,Push notification title for the weekly recap. The argument is the nuts collected this week.,Localizable.xcstrings
notif.weekly.title %lld,en_nl_changed,is,Icelandic,one: %lld nut this week! 🎉 | other: %lld nuts this week! 🎉,one: %lld noot deze week! 🎉 | other: %lld noten deze week! 🎉,one: Þú vannst %lld titla í vikunni! 🌟 | other: Þú vannst %lld titla í vikunni! 🌟,one: %lld bubble this week! 🎉 | other: %lld bubbles this week! 🎉,one: %lld bubbel deze week! 🎉 | other: %lld bubbels deze week! 🎉,Push notification title for the weekly recap. The argument is the nuts collected this week.,Localizable.xcstrings
notif.weekly.title %lld,en_nl_changed,it,Italian,one: %lld nut this week! 🎉 | other: %lld nuts this week! 🎉,one: %lld noot deze week! 🎉 | other: %lld noten deze week! 🎉,one: %lld bolla questa settimana! 🎉 | other: %lld bolle questa settimana! 🎉,one: %lld bubble this week! 🎉 | other: %lld bubbles this week! 🎉,one: %lld bubbel deze week! 🎉 | other: %lld bubbels deze week! 🎉,Push notification title for the weekly recap. The argument is the nuts collected this week.,Localizable.xcstrings
notif.weekly.title %lld,en_nl_changed,ja,Japanese,one: %lld nut this week! 🎉 | other: %lld nuts this week! 🎉,one: %lld noot deze week! 🎉 | other: %lld noten deze week! 🎉,one: 今週は %lld 個のバブルを獲得しました! 🌟 | other: 今週は %lld 個のバブルを獲得しました! 🌟,one: %lld bubble this week! 🎉 | other: %lld bubbles this week! 🎉,one: %lld bubbel deze week! 🎉 | other: %lld bubbels deze week! 🎉,Push notification title for the weekly recap. The argument is the nuts collected this week.,Localizable.xcstrings
notif.weekly.title %lld,en_nl_changed,ka,Georgian,one: %lld nut this week! 🎉 | other: %lld nuts this week! 🎉,one: %lld noot deze week! 🎉 | other: %lld noten deze week! 🎉,one: ამ კვირაში %lld ტიტული მოიპოვე! 🌟 | other: ამ კვირაში %lld ტიტული მოიპოვე! 🌟,one: %lld bubble this week! 🎉 | other: %lld bubbles this week! 🎉,one: %lld bubbel deze week! 🎉 | other: %lld bubbels deze week! 🎉,Push notification title for the weekly recap. The argument is the nuts collected this week.,Localizable.xcstrings
notif.weekly.title %lld,en_nl_changed,kk,Kazakh,one: %lld nut this week! 🎉 | other: %lld nuts this week! 🎉,one: %lld noot deze week! 🎉 | other: %lld noten deze week! 🎉,one: Осы аптада %lld жүлде алдыңыз! 🌟 | other: Осы аптада %lld жүлде алдыңыз! 🌟,one: %lld bubble this week! 🎉 | other: %lld bubbles this week! 🎉,one: %lld bubbel deze week! 🎉 | other: %lld bubbels deze week! 🎉,Push notification title for the weekly recap. The argument is the nuts collected this week.,Localizable.xcstrings
notif.weekly.title %lld,en_nl_changed,km,Khmer,one: %lld nut this week! 🎉 | other: %lld nuts this week! 🎉,one: %lld noot deze week! 🎉 | other: %lld noten deze week! 🎉,one: អ្នកទទួលបានពានរង្វាន់ចំនួន %lld នៅសប្តាហ៍នេះ! 🌟 | other: អ្នកទទួលបានពានរង្វាន់ចំនួន %lld នៅសប្តាហ៍នេះ! 🌟,one: %lld bubble this week! 🎉 | other: %lld bubbles this week! 🎉,one: %lld bubbel deze week! 🎉 | other: %lld bubbels deze week! 🎉,Push notification title for the weekly recap. The argument is the nuts collected this week.,Localizable.xcstrings
notif.weekly.title %lld,en_nl_changed,kn,Kannada,one: %lld nut this week! 🎉 | other: %lld nuts this week! 🎉,one: %lld noot deze week! 🎉 | other: %lld noten deze week! 🎉,one: ಈ ವಾರ ನೀವು %lld ಟ್ರೋಫಿಗಳನ್ನು ಗಳಿಸಿದ್ದೀರಿ! 🌟 | other: ಈ ವಾರ ನೀವು %lld ಟ್ರೋಫಿಗಳನ್ನು ಗಳಿಸಿದ್ದೀರಿ! 🌟,one: %lld bubble this week! 🎉 | other: %lld bubbles this week! 🎉,one: %lld bubbel deze week! 🎉 | other: %lld bubbels deze week! 🎉,Push notification title for the weekly recap. The argument is the nuts collected this week.,Localizable.xcstrings
notif.weekly.title %lld,en_nl_changed,ko,Korean,one: %lld nut this week! 🎉 | other: %lld nuts this week! 🎉,one: %lld noot deze week! 🎉 | other: %lld noten deze week! 🎉,one: 이번 주에 버블 %lld개를 획득하셨습니다! 🌟 | other: 이번 주에 버블 %lld개를 획득하셨습니다! 🌟,one: %lld bubble this week! 🎉 | other: %lld bubbles this week! 🎉,one: %lld bubbel deze week! 🎉 | other: %lld bubbels deze week! 🎉,Push notification title for the weekly recap. The argument is the nuts collected this week.,Localizable.xcstrings
notif.weekly.title %lld,en_nl_changed,lo,Lao,one: %lld nut this week! 🎉 | other: %lld nuts this week! 🎉,one: %lld noot deze week! 🎉 | other: %lld noten deze week! 🎉,one: ເຈົ້າໄດ້ຮັບ %lld ລາງວັນໃນອາທິດນີ້! 🌟 | other: ເຈົ້າໄດ້ຮັບ %lld ລາງວັນໃນອາທິດນີ້! 🌟,one: %lld bubble this week! 🎉 | other: %lld bubbles this week! 🎉,one: %lld bubbel deze week! 🎉 | other: %lld bubbels deze week! 🎉,Push notification title for the weekly recap. The argument is the nuts collected this week.,Localizable.xcstrings
notif.weekly.title %lld,en_nl_changed,lt,Lithuanian,one: %lld nut this week! 🎉 | other: %lld nuts this week! 🎉,one: %lld noot deze week! 🎉 | other: %lld noten deze week! 🎉,one: Šią savaitę pelnėte %lld trofėjų! 🌟 | other: Šią savaitę pelnėte %lld trofėjų! 🌟,one: %lld bubble this week! 🎉 | other: %lld bubbles this week! 🎉,one: %lld bubbel deze week! 🎉 | other: %lld bubbels deze week! 🎉,Push notification title for the weekly recap. The argument is the nuts collected this week.,Localizable.xcstrings
notif.weekly.title %lld,en_nl_changed,lv,Latvian,one: %lld nut this week! 🎉 | other: %lld nuts this week! 🎉,one: %lld noot deze week! 🎉 | other: %lld noten deze week! 🎉,one: Šonedēļ jūs nopelnījāt %lld trofejas! 🌟 | other: Šonedēļ jūs nopelnījāt %lld trofejas! 🌟,one: %lld bubble this week! 🎉 | other: %lld bubbles this week! 🎉,one: %lld bubbel deze week! 🎉 | other: %lld bubbels deze week! 🎉,Push notification title for the weekly recap. The argument is the nuts collected this week.,Localizable.xcstrings
notif.weekly.title %lld,en_nl_changed,mk,Macedonian,one: %lld nut this week! 🎉 | other: %lld nuts this week! 🎉,one: %lld noot deze week! 🎉 | other: %lld noten deze week! 🎉,one: Заработивте %lld трофеи оваа недела! 🌟 | other: Заработивте %lld трофеи оваа недела! 🌟,one: %lld bubble this week! 🎉 | other: %lld bubbles this week! 🎉,one: %lld bubbel deze week! 🎉 | other: %lld bubbels deze week! 🎉,Push notification title for the weekly recap. The argument is the nuts collected this week.,Localizable.xcstrings
notif.weekly.title %lld,en_nl_changed,ml,Malayalam,one: %lld nut this week! 🎉 | other: %lld nuts this week! 🎉,one: %lld noot deze week! 🎉 | other: %lld noten deze week! 🎉,one: ഈ ആഴ്ച നിങ്ങൾ %lld ട്രോഫികൾ നേടി! 🌟 | other: ഈ ആഴ്ച നിങ്ങൾ %lld ട്രോഫികൾ നേടി! 🌟,one: %lld bubble this week! 🎉 | other: %lld bubbles this week! 🎉,one: %lld bubbel deze week! 🎉 | other: %lld bubbels deze week! 🎉,Push notification title for the weekly recap. The argument is the nuts collected this week.,Localizable.xcstrings
notif.weekly.title %lld,en_nl_changed,mn,Mongolian,one: %lld nut this week! 🎉 | other: %lld nuts this week! 🎉,one: %lld noot deze week! 🎉 | other: %lld noten deze week! 🎉,one: Та энэ долоо хоногт %lld цом авлаа! 🌟 | other: Та энэ долоо хоногт %lld цом авлаа! 🌟,one: %lld bubble this week! 🎉 | other: %lld bubbles this week! 🎉,one: %lld bubbel deze week! 🎉 | other: %lld bubbels deze week! 🎉,Push notification title for the weekly recap. The argument is the nuts collected this week.,Localizable.xcstrings
notif.weekly.title %lld,en_nl_changed,mr,Marathi,one: %lld nut this week! 🎉 | other: %lld nuts this week! 🎉,one: %lld noot deze week! 🎉 | other: %lld noten deze week! 🎉,one: तुम्ही या आठवड्यात %lld ट्रॉफी मिळवल्या आहेत! 🌟 | other: तुम्ही या आठवड्यात %lld ट्रॉफी मिळवल्या आहेत! 🌟,one: %lld bubble this week! 🎉 | other: %lld bubbles this week! 🎉,one: %lld bubbel deze week! 🎉 | other: %lld bubbels deze week! 🎉,Push notification title for the weekly recap. The argument is the nuts collected this week.,Localizable.xcstrings
notif.weekly.title %lld,en_nl_changed,ms,Malay,one: %lld nut this week! 🎉 | other: %lld nuts this week! 🎉,one: %lld noot deze week! 🎉 | other: %lld noten deze week! 🎉,one: Anda memperoleh %lld trofi minggu ini! 🌟 | other: Anda memperoleh %lld trofi minggu ini! 🌟,one: %lld bubble this week! 🎉 | other: %lld bubbles this week! 🎉,one: %lld bubbel deze week! 🎉 | other: %lld bubbels deze week! 🎉,Push notification title for the weekly recap. The argument is the nuts collected this week.,Localizable.xcstrings
notif.weekly.title %lld,en_nl_changed,my,Burmese,one: %lld nut this week! 🎉 | other: %lld nuts this week! 🎉,one: %lld noot deze week! 🎉 | other: %lld noten deze week! 🎉,one: သင်သည် ဤအပတ်တွင် ဆုဖလား %lld ရရှိခဲ့သည်။ 🌟 | other: သင်သည် ဤအပတ်တွင် ဆုဖလား %lld ရရှိခဲ့သည်။ 🌟,one: %lld bubble this week! 🎉 | other: %lld bubbles this week! 🎉,one: %lld bubbel deze week! 🎉 | other: %lld bubbels deze week! 🎉,Push notification title for the weekly recap. The argument is the nuts collected this week.,Localizable.xcstrings
notif.weekly.title %lld,en_nl_changed,nb,Norwegian,one: %lld nut this week! 🎉 | other: %lld nuts this week! 🎉,one: %lld noot deze week! 🎉 | other: %lld noten deze week! 🎉,one: Du har tjent %lld trofeer denne uken! 🌟 | other: Du har tjent %lld trofeer denne uken! 🌟,one: %lld bubble this week! 🎉 | other: %lld bubbles this week! 🎉,one: %lld bubbel deze week! 🎉 | other: %lld bubbels deze week! 🎉,Push notification title for the weekly recap. The argument is the nuts collected this week.,Localizable.xcstrings
notif.weekly.title %lld,en_nl_changed,ne,Nepali,one: %lld nut this week! 🎉 | other: %lld nuts this week! 🎉,one: %lld noot deze week! 🎉 | other: %lld noten deze week! 🎉,one: तपाईंले यो हप्ता %lld ट्राफीहरू कमाउनुभयो! 🌟 | other: तपाईंले यो हप्ता %lld ट्राफीहरू कमाउनुभयो! 🌟,one: %lld bubble this week! 🎉 | other: %lld bubbles this week! 🎉,one: %lld bubbel deze week! 🎉 | other: %lld bubbels deze week! 🎉,Push notification title for the weekly recap. The argument is the nuts collected this week.,Localizable.xcstrings
notif.weekly.title %lld,en_nl_changed,or,Odia,one: %lld nut this week! 🎉 | other: %lld nuts this week! 🎉,one: %lld noot deze week! 🎉 | other: %lld noten deze week! 🎉,one: ଆପଣ ଏହି ସପ୍ତାହରେ %lld ଟି ଟ୍ରଫି ଅର୍ଜନ କରିଛନ୍ତି! 🌟 | other: ଆପଣ ଏହି ସପ୍ତାହରେ %lld ଟି ଟ୍ରଫି ଅର୍ଜନ କରିଛନ୍ତି! 🌟,one: %lld bubble this week! 🎉 | other: %lld bubbles this week! 🎉,one: %lld bubbel deze week! 🎉 | other: %lld bubbels deze week! 🎉,Push notification title for the weekly recap. The argument is the nuts collected this week.,Localizable.xcstrings
notif.weekly.title %lld,en_nl_changed,pa,Punjabi,one: %lld nut this week! 🎉 | other: %lld nuts this week! 🎉,one: %lld noot deze week! 🎉 | other: %lld noten deze week! 🎉,one: ਤੁਸੀਂ ਇਸ ਹਫ਼ਤੇ %lld ਟਰਾਫ਼ੀਆਂ ਹਾਸਲ ਕੀਤੀਆਂ ਹਨ! 🌟 | other: ਤੁਸੀਂ ਇਸ ਹਫ਼ਤੇ %lld ਟਰਾਫ਼ੀਆਂ ਹਾਸਲ ਕੀਤੀਆਂ ਹਨ! 🌟,one: %lld bubble this week! 🎉 | other: %lld bubbles this week! 🎉,one: %lld bubbel deze week! 🎉 | other: %lld bubbels deze week! 🎉,Push notification title for the weekly recap. The argument is the nuts collected this week.,Localizable.xcstrings
notif.weekly.title %lld,en_nl_changed,pl,Polish,one: %lld nut this week! 🎉 | other: %lld nuts this week! 🎉,one: %lld noot deze week! 🎉 | other: %lld noten deze week! 🎉,one: %lld bąbelek w tym tygodniu! 🎉 | few: %lld bąbelki w tym tygodniu! 🎉 | many: %lld bąbelków w tym tygodniu! 🎉 | other: %lld bąbelka w tym tygodniu! 🎉,one: %lld bubble this week! 🎉 | other: %lld bubbles this week! 🎉,one: %lld bubbel deze week! 🎉 | other: %lld bubbels deze week! 🎉,Push notification title for the weekly recap. The argument is the nuts collected this week.,Localizable.xcstrings
notif.weekly.title %lld,en_nl_changed,pt,Portuguese,one: %lld nut this week! 🎉 | other: %lld nuts this week! 🎉,one: %lld noot deze week! 🎉 | other: %lld noten deze week! 🎉,one: %lld bolha esta semana! 🎉 | other: %lld bolhas esta semana! 🎉,one: %lld bubble this week! 🎉 | other: %lld bubbles this week! 🎉,one: %lld bubbel deze week! 🎉 | other: %lld bubbels deze week! 🎉,Push notification title for the weekly recap. The argument is the nuts collected this week.,Localizable.xcstrings
notif.weekly.title %lld,en_nl_changed,ro,Romanian,one: %lld nut this week! 🎉 | other: %lld nuts this week! 🎉,one: %lld noot deze week! 🎉 | other: %lld noten deze week! 🎉,one: Ați câștigat %lld de trofee săptămâna aceasta! 🌟 | other: Ați câștigat %lld de trofee săptămâna aceasta! 🌟,one: %lld bubble this week! 🎉 | other: %lld bubbles this week! 🎉,one: %lld bubbel deze week! 🎉 | other: %lld bubbels deze week! 🎉,Push notification title for the weekly recap. The argument is the nuts collected this week.,Localizable.xcstrings
notif.weekly.title %lld,en_nl_changed,ru,Russian,one: %lld nut this week! 🎉 | other: %lld nuts this week! 🎉,one: %lld noot deze week! 🎉 | other: %lld noten deze week! 🎉,one: %lld пузырь за неделю! 🎉 | few: %lld пузыря за неделю! 🎉 | many: %lld пузырей за неделю! 🎉 | other: %lld пузыря за неделю! 🎉,one: %lld bubble this week! 🎉 | other: %lld bubbles this week! 🎉,one: %lld bubbel deze week! 🎉 | other: %lld bubbels deze week! 🎉,Push notification title for the weekly recap. The argument is the nuts collected this week.,Localizable.xcstrings
notif.weekly.title %lld,en_nl_changed,si,Sinhala,one: %lld nut this week! 🎉 | other: %lld nuts this week! 🎉,one: %lld noot deze week! 🎉 | other: %lld noten deze week! 🎉,one: ඔබ මේ සතියේ කුසලාන %lldක් උපයා ගත්තා! 🌟 | other: ඔබ මේ සතියේ කුසලාන %lldක් උපයා ගත්තා! 🌟,one: %lld bubble this week! 🎉 | other: %lld bubbles this week! 🎉,one: %lld bubbel deze week! 🎉 | other: %lld bubbels deze week! 🎉,Push notification title for the weekly recap. The argument is the nuts collected this week.,Localizable.xcstrings
notif.weekly.title %lld,en_nl_changed,sk,Slovak,one: %lld nut this week! 🎉 | other: %lld nuts this week! 🎉,one: %lld noot deze week! 🎉 | other: %lld noten deze week! 🎉,one: Tento týždeň ste získali %lld trofejí! 🌟 | other: Tento týždeň ste získali %lld trofejí! 🌟,one: %lld bubble this week! 🎉 | other: %lld bubbles this week! 🎉,one: %lld bubbel deze week! 🎉 | other: %lld bubbels deze week! 🎉,Push notification title for the weekly recap. The argument is the nuts collected this week.,Localizable.xcstrings
notif.weekly.title %lld,en_nl_changed,sl,Slovenian,one: %lld nut this week! 🎉 | other: %lld nuts this week! 🎉,one: %lld noot deze week! 🎉 | other: %lld noten deze week! 🎉,one: Ta teden ste osvojili %lld trofej! 🌟 | other: Ta teden ste osvojili %lld trofej! 🌟,one: %lld bubble this week! 🎉 | other: %lld bubbles this week! 🎉,one: %lld bubbel deze week! 🎉 | other: %lld bubbels deze week! 🎉,Push notification title for the weekly recap. The argument is the nuts collected this week.,Localizable.xcstrings
notif.weekly.title %lld,en_nl_changed,sq,Albanian,one: %lld nut this week! 🎉 | other: %lld nuts this week! 🎉,one: %lld noot deze week! 🎉 | other: %lld noten deze week! 🎉,one: Ju fituat %lld trofe këtë javë! 🌟 | other: Ju fituat %lld trofe këtë javë! 🌟,one: %lld bubble this week! 🎉 | other: %lld bubbles this week! 🎉,one: %lld bubbel deze week! 🎉 | other: %lld bubbels deze week! 🎉,Push notification title for the weekly recap. The argument is the nuts collected this week.,Localizable.xcstrings
notif.weekly.title %lld,en_nl_changed,sr,Serbian,one: %lld nut this week! 🎉 | other: %lld nuts this week! 🎉,one: %lld noot deze week! 🎉 | other: %lld noten deze week! 🎉,one: Ове недеље сте освојили %lld трофеја! 🌟 | other: Ове недеље сте освојили %lld трофеја! 🌟,one: %lld bubble this week! 🎉 | other: %lld bubbles this week! 🎉,one: %lld bubbel deze week! 🎉 | other: %lld bubbels deze week! 🎉,Push notification title for the weekly recap. The argument is the nuts collected this week.,Localizable.xcstrings
notif.weekly.title %lld,en_nl_changed,sv,Swedish,one: %lld nut this week! 🎉 | other: %lld nuts this week! 🎉,one: %lld noot deze week! 🎉 | other: %lld noten deze week! 🎉,one: Du tjänade %lld troféer den här veckan! 🌟 | other: Du tjänade %lld troféer den här veckan! 🌟,one: %lld bubble this week! 🎉 | other: %lld bubbles this week! 🎉,one: %lld bubbel deze week! 🎉 | other: %lld bubbels deze week! 🎉,Push notification title for the weekly recap. The argument is the nuts collected this week.,Localizable.xcstrings
notif.weekly.title %lld,en_nl_changed,sw,Swahili,one: %lld nut this week! 🎉 | other: %lld nuts this week! 🎉,one: %lld noot deze week! 🎉 | other: %lld noten deze week! 🎉,one: Umejishindia vikombe %lld wiki hii! 🌟 | other: Umejishindia vikombe %lld wiki hii! 🌟,one: %lld bubble this week! 🎉 | other: %lld bubbles this week! 🎉,one: %lld bubbel deze week! 🎉 | other: %lld bubbels deze week! 🎉,Push notification title for the weekly recap. The argument is the nuts collected this week.,Localizable.xcstrings
notif.weekly.title %lld,en_nl_changed,ta,Tamil,one: %lld nut this week! 🎉 | other: %lld nuts this week! 🎉,one: %lld noot deze week! 🎉 | other: %lld noten deze week! 🎉,one: இந்த வாரம் %lld கோப்பைகளைப் பெற்றுள்ளீர்கள்! 🌟 | other: இந்த வாரம் %lld கோப்பைகளைப் பெற்றுள்ளீர்கள்! 🌟,one: %lld bubble this week! 🎉 | other: %lld bubbles this week! 🎉,one: %lld bubbel deze week! 🎉 | other: %lld bubbels deze week! 🎉,Push notification title for the weekly recap. The argument is the nuts collected this week.,Localizable.xcstrings
notif.weekly.title %lld,en_nl_changed,te,Telugu,one: %lld nut this week! 🎉 | other: %lld nuts this week! 🎉,one: %lld noot deze week! 🎉 | other: %lld noten deze week! 🎉,one: ఈ వారం నువ్వు %lld ట్రోఫీలు సంపాదించావు! 🌟 | other: ఈ వారం నువ్వు %lld ట్రోఫీలు సంపాదించావు! 🌟,one: %lld bubble this week! 🎉 | other: %lld bubbles this week! 🎉,one: %lld bubbel deze week! 🎉 | other: %lld bubbels deze week! 🎉,Push notification title for the weekly recap. The argument is the nuts collected this week.,Localizable.xcstrings
notif.weekly.title %lld,en_nl_changed,th,Thai,one: %lld nut this week! 🎉 | other: %lld nuts this week! 🎉,one: %lld noot deze week! 🎉 | other: %lld noten deze week! 🎉,one: คุณได้รับ %lld ฟองสบู่ในสัปดาห์นี้! 🌟 | other: คุณได้รับ %lld ฟองสบู่ในสัปดาห์นี้! 🌟,one: %lld bubble this week! 🎉 | other: %lld bubbles this week! 🎉,one: %lld bubbel deze week! 🎉 | other: %lld bubbels deze week! 🎉,Push notification title for the weekly recap. The argument is the nuts collected this week.,Localizable.xcstrings
notif.weekly.title %lld,en_nl_changed,tr,Turkish,one: %lld nut this week! 🎉 | other: %lld nuts this week! 🎉,one: %lld noot deze week! 🎉 | other: %lld noten deze week! 🎉,one: Bu hafta %lld baloncuk kazandınız! 🌟 | other: Bu hafta %lld baloncuk kazandınız! 🌟,one: %lld bubble this week! 🎉 | other: %lld bubbles this week! 🎉,one: %lld bubbel deze week! 🎉 | other: %lld bubbels deze week! 🎉,Push notification title for the weekly recap. The argument is the nuts collected this week.,Localizable.xcstrings
notif.weekly.title %lld,en_nl_changed,ug,Uyghur,one: %lld nut this week! 🎉 | other: %lld nuts this week! 🎉,one: %lld noot deze week! 🎉 | other: %lld noten deze week! 🎉,one: بۇ ھەپتە %lld لوڭقىغا ئېرىشتىڭىز! 🌟 | other: بۇ ھەپتە %lld لوڭقىغا ئېرىشتىڭىز! 🌟,one: %lld bubble this week! 🎉 | other: %lld bubbles this week! 🎉,one: %lld bubbel deze week! 🎉 | other: %lld bubbels deze week! 🎉,Push notification title for the weekly recap. The argument is the nuts collected this week.,Localizable.xcstrings
notif.weekly.title %lld,en_nl_changed,uk,Ukrainian,one: %lld nut this week! 🎉 | other: %lld nuts this week! 🎉,one: %lld noot deze week! 🎉 | other: %lld noten deze week! 🎉,one: Цього тижня ви заробили %lld трофеїв! 🌟 | other: Цього тижня ви заробили %lld трофеїв! 🌟,one: %lld bubble this week! 🎉 | other: %lld bubbles this week! 🎉,one: %lld bubbel deze week! 🎉 | other: %lld bubbels deze week! 🎉,Push notification title for the weekly recap. The argument is the nuts collected this week.,Localizable.xcstrings
notif.weekly.title %lld,en_nl_changed,ur,Urdu,one: %lld nut this week! 🎉 | other: %lld nuts this week! 🎉,one: %lld noot deze week! 🎉 | other: %lld noten deze week! 🎉,one: آپ نے اس ہفتے %lld ٹرافیاں حاصل کیں! 🌟 | other: آپ نے اس ہفتے %lld ٹرافیاں حاصل کیں! 🌟,one: %lld bubble this week! 🎉 | other: %lld bubbles this week! 🎉,one: %lld bubbel deze week! 🎉 | other: %lld bubbels deze week! 🎉,Push notification title for the weekly recap. The argument is the nuts collected this week.,Localizable.xcstrings
notif.weekly.title %lld,en_nl_changed,uz,Uzbek,one: %lld nut this week! 🎉 | other: %lld nuts this week! 🎉,one: %lld noot deze week! 🎉 | other: %lld noten deze week! 🎉,one: Siz bu hafta %lld ta sovrin yutib oldingiz! 🌟 | other: Siz bu hafta %lld ta sovrin yutib oldingiz! 🌟,one: %lld bubble this week! 🎉 | other: %lld bubbles this week! 🎉,one: %lld bubbel deze week! 🎉 | other: %lld bubbels deze week! 🎉,Push notification title for the weekly recap. The argument is the nuts collected this week.,Localizable.xcstrings
notif.weekly.title %lld,en_nl_changed,vi,Vietnamese,one: %lld nut this week! 🎉 | other: %lld nuts this week! 🎉,one: %lld noot deze week! 🎉 | other: %lld noten deze week! 🎉,one: Bạn đã kiếm được %lld danh hiệu trong tuần này! 🌟 | other: Bạn đã kiếm được %lld danh hiệu trong tuần này! 🌟,one: %lld bubble this week! 🎉 | other: %lld bubbles this week! 🎉,one: %lld bubbel deze week! 🎉 | other: %lld bubbels deze week! 🎉,Push notification title for the weekly recap. The argument is the nuts collected this week.,Localizable.xcstrings
notif.weekly.title %lld,en_nl_changed,zh,Chinese,one: %lld nut this week! 🎉 | other: %lld nuts this week! 🎉,one: %lld noot deze week! 🎉 | other: %lld noten deze week! 🎉,one: 本周您赢得了 %lld 个泡泡！ 🌟 | other: 本周您赢得了 %lld 个泡泡！ 🌟,one: %lld bubble this week! 🎉 | other: %lld bubbles this week! 🎉,one: %lld bubbel deze week! 🎉 | other: %lld bubbels deze week! 🎉,Push notification title for the weekly recap. The argument is the nuts collected this week.,Localizable.xcstrings
notif.weekly.title %lld,en_nl_changed,zu,Zulu,one: %lld nut this week! 🎉 | other: %lld nuts this week! 🎉,one: %lld noot deze week! 🎉 | other: %lld noten deze week! 🎉,one: Uzuze izindebe ezingu-%lld kuleli sonto! 🌟 | other: Uzuze izindebe ezingu-%lld kuleli sonto! 🌟,one: %lld bubble this week! 🎉 | other: %lld bubbles this week! 🎉,one: %lld bubbel deze week! 🎉 | other: %lld bubbels deze week! 🎉,Push notification title for the weekly recap. The argument is the nuts collected this week.,Localizable.xcstrings
premium.availableAt %lld,en_nl_changed,af,Afrikaans,one: Available from %lld nut | other: Available from %lld nuts,one: Beschikbaar vanaf %lld noot | other: Beschikbaar vanaf %lld noten,one: Beskikbaar vanaf %lld trofeë | other: Beskikbaar vanaf %lld trofeë,one: Available from %lld bubble | other: Available from %lld bubbles,one: Beschikbaar vanaf %lld bubbel | other: Beschikbaar vanaf %lld bubbels,Status under a character still to be earned. The argument is the nut total that opens it.,Localizable.xcstrings
premium.availableAt %lld,en_nl_changed,am,Amharic,one: Available from %lld nut | other: Available from %lld nuts,one: Beschikbaar vanaf %lld noot | other: Beschikbaar vanaf %lld noten,one: ከ%lld ዋንጫዎች ጀምሮ ይገኛል | other: ከ%lld ዋንጫዎች ጀምሮ ይገኛል,one: Available from %lld bubble | other: Available from %lld bubbles,one: Beschikbaar vanaf %lld bubbel | other: Beschikbaar vanaf %lld bubbels,Status under a character still to be earned. The argument is the nut total that opens it.,Localizable.xcstrings
premium.availableAt %lld,en_nl_changed,ar,Arabic,one: Available from %lld nut | other: Available from %lld nuts,one: Beschikbaar vanaf %lld noot | other: Beschikbaar vanaf %lld noten,one: متاح بدءًا من %lld كأسًا | other: متاح بدءًا من %lld كأسًا,one: Available from %lld bubble | other: Available from %lld bubbles,one: Beschikbaar vanaf %lld bubbel | other: Beschikbaar vanaf %lld bubbels,Status under a character still to be earned. The argument is the nut total that opens it.,Localizable.xcstrings
premium.availableAt %lld,en_nl_changed,as,Assamese,one: Available from %lld nut | other: Available from %lld nuts,one: Beschikbaar vanaf %lld noot | other: Beschikbaar vanaf %lld noten,one: %lldটা ট্ৰফীৰ পৰা উপলব্ধ | other: %lldটা ট্ৰফীৰ পৰা উপলব্ধ,one: Available from %lld bubble | other: Available from %lld bubbles,one: Beschikbaar vanaf %lld bubbel | other: Beschikbaar vanaf %lld bubbels,Status under a character still to be earned. The argument is the nut total that opens it.,Localizable.xcstrings
premium.availableAt %lld,en_nl_changed,az,Azerbaijani,one: Available from %lld nut | other: Available from %lld nuts,one: Beschikbaar vanaf %lld noot | other: Beschikbaar vanaf %lld noten,one: %lld kubokdan etibarən əlçatandır | other: %lld kubokdan etibarən əlçatandır,one: Available from %lld bubble | other: Available from %lld bubbles,one: Beschikbaar vanaf %lld bubbel | other: Beschikbaar vanaf %lld bubbels,Status under a character still to be earned. The argument is the nut total that opens it.,Localizable.xcstrings
premium.availableAt %lld,en_nl_changed,be,Belarusian,one: Available from %lld nut | other: Available from %lld nuts,one: Beschikbaar vanaf %lld noot | other: Beschikbaar vanaf %lld noten,one: Даступна ад %lld трафеяў | other: Даступна ад %lld трафеяў,one: Available from %lld bubble | other: Available from %lld bubbles,one: Beschikbaar vanaf %lld bubbel | other: Beschikbaar vanaf %lld bubbels,Status under a character still to be earned. The argument is the nut total that opens it.,Localizable.xcstrings
premium.availableAt %lld,en_nl_changed,bg,Bulgarian,one: Available from %lld nut | other: Available from %lld nuts,one: Beschikbaar vanaf %lld noot | other: Beschikbaar vanaf %lld noten,one: Достъпно от %lld трофея | other: Достъпно от %lld трофея,one: Available from %lld bubble | other: Available from %lld bubbles,one: Beschikbaar vanaf %lld bubbel | other: Beschikbaar vanaf %lld bubbels,Status under a character still to be earned. The argument is the nut total that opens it.,Localizable.xcstrings
premium.availableAt %lld,en_nl_changed,bn,Bengali,one: Available from %lld nut | other: Available from %lld nuts,one: Beschikbaar vanaf %lld noot | other: Beschikbaar vanaf %lld noten,one: %lldটি ট্রফি থেকে পাওয়া যাবে | other: %lldটি ট্রফি থেকে পাওয়া যাবে,one: Available from %lld bubble | other: Available from %lld bubbles,one: Beschikbaar vanaf %lld bubbel | other: Beschikbaar vanaf %lld bubbels,Status under a character still to be earned. The argument is the nut total that opens it.,Localizable.xcstrings
premium.availableAt %lld,en_nl_changed,bo,Tibetan,one: Available from %lld nut | other: Available from %lld nuts,one: Beschikbaar vanaf %lld noot | other: Beschikbaar vanaf %lld noten,one: བྱ་དགའ་ %lld ནས་བཟུང་སྤྱོད་ཆོག | other: བྱ་དགའ་ %lld ནས་བཟུང་སྤྱོད་ཆོག,one: Available from %lld bubble | other: Available from %lld bubbles,one: Beschikbaar vanaf %lld bubbel | other: Beschikbaar vanaf %lld bubbels,Status under a character still to be earned. The argument is the nut total that opens it.,Localizable.xcstrings
premium.availableAt %lld,en_nl_changed,bs,Bosnian,one: Available from %lld nut | other: Available from %lld nuts,one: Beschikbaar vanaf %lld noot | other: Beschikbaar vanaf %lld noten,one: Dostupno od %lld trofeja | other: Dostupno od %lld trofeja,one: Available from %lld bubble | other: Available from %lld bubbles,one: Beschikbaar vanaf %lld bubbel | other: Beschikbaar vanaf %lld bubbels,Status under a character still to be earned. The argument is the nut total that opens it.,Localizable.xcstrings
premium.availableAt %lld,en_nl_changed,ca,Catalan,one: Available from %lld nut | other: Available from %lld nuts,one: Beschikbaar vanaf %lld noot | other: Beschikbaar vanaf %lld noten,one: Disponible a partir de %lld trofeus | other: Disponible a partir de %lld trofeus,one: Available from %lld bubble | other: Available from %lld bubbles,one: Beschikbaar vanaf %lld bubbel | other: Beschikbaar vanaf %lld bubbels,Status under a character still to be earned. The argument is the nut total that opens it.,Localizable.xcstrings
premium.availableAt %lld,en_nl_changed,cs,Czech,one: Available from %lld nut | other: Available from %lld nuts,one: Beschikbaar vanaf %lld noot | other: Beschikbaar vanaf %lld noten,one: Dostupné od %lld trofejí | other: Dostupné od %lld trofejí,one: Available from %lld bubble | other: Available from %lld bubbles,one: Beschikbaar vanaf %lld bubbel | other: Beschikbaar vanaf %lld bubbels,Status under a character still to be earned. The argument is the nut total that opens it.,Localizable.xcstrings
premium.availableAt %lld,en_nl_changed,cy,Welsh,one: Available from %lld nut | other: Available from %lld nuts,one: Beschikbaar vanaf %lld noot | other: Beschikbaar vanaf %lld noten,one: Ar gael o %lld tlws | other: Ar gael o %lld tlws,one: Available from %lld bubble | other: Available from %lld bubbles,one: Beschikbaar vanaf %lld bubbel | other: Beschikbaar vanaf %lld bubbels,Status under a character still to be earned. The argument is the nut total that opens it.,Localizable.xcstrings
premium.availableAt %lld,en_nl_changed,da,Danish,one: Available from %lld nut | other: Available from %lld nuts,one: Beschikbaar vanaf %lld noot | other: Beschikbaar vanaf %lld noten,one: Tilgængelig fra %lld pokaler | other: Tilgængelig fra %lld pokaler,one: Available from %lld bubble | other: Available from %lld bubbles,one: Beschikbaar vanaf %lld bubbel | other: Beschikbaar vanaf %lld bubbels,Status under a character still to be earned. The argument is the nut total that opens it.,Localizable.xcstrings
premium.availableAt %lld,en_nl_changed,de,German,one: Available from %lld nut | other: Available from %lld nuts,one: Beschikbaar vanaf %lld noot | other: Beschikbaar vanaf %lld noten,one: Ab %lld Blase verfügbar | other: Ab %lld Blasen verfügbar,one: Available from %lld bubble | other: Available from %lld bubbles,one: Beschikbaar vanaf %lld bubbel | other: Beschikbaar vanaf %lld bubbels,Status under a character still to be earned. The argument is the nut total that opens it.,Localizable.xcstrings
premium.availableAt %lld,en_nl_changed,el,Greek,one: Available from %lld nut | other: Available from %lld nuts,one: Beschikbaar vanaf %lld noot | other: Beschikbaar vanaf %lld noten,one: Διαθέσιμο από %lld τρόπαια | other: Διαθέσιμο από %lld τρόπαια,one: Available from %lld bubble | other: Available from %lld bubbles,one: Beschikbaar vanaf %lld bubbel | other: Beschikbaar vanaf %lld bubbels,Status under a character still to be earned. The argument is the nut total that opens it.,Localizable.xcstrings
premium.availableAt %lld,en_nl_changed,es,Spanish,one: Available from %lld nut | other: Available from %lld nuts,one: Beschikbaar vanaf %lld noot | other: Beschikbaar vanaf %lld noten,one: Disponible desde %lld burbuja | other: Disponible desde %lld burbujas,one: Available from %lld bubble | other: Available from %lld bubbles,one: Beschikbaar vanaf %lld bubbel | other: Beschikbaar vanaf %lld bubbels,Status under a character still to be earned. The argument is the nut total that opens it.,Localizable.xcstrings
premium.availableAt %lld,en_nl_changed,et,Estonian,one: Available from %lld nut | other: Available from %lld nuts,one: Beschikbaar vanaf %lld noot | other: Beschikbaar vanaf %lld noten,one: Saadaval alates %lld karikast | other: Saadaval alates %lld karikast,one: Available from %lld bubble | other: Available from %lld bubbles,one: Beschikbaar vanaf %lld bubbel | other: Beschikbaar vanaf %lld bubbels,Status under a character still to be earned. The argument is the nut total that opens it.,Localizable.xcstrings
premium.availableAt %lld,en_nl_changed,eu,Basque,one: Available from %lld nut | other: Available from %lld nuts,one: Beschikbaar vanaf %lld noot | other: Beschikbaar vanaf %lld noten,one: %lld garaikurretik aurrera erabilgarri | other: %lld garaikurretik aurrera erabilgarri,one: Available from %lld bubble | other: Available from %lld bubbles,one: Beschikbaar vanaf %lld bubbel | other: Beschikbaar vanaf %lld bubbels,Status under a character still to be earned. The argument is the nut total that opens it.,Localizable.xcstrings
premium.availableAt %lld,en_nl_changed,fa,Persian,one: Available from %lld nut | other: Available from %lld nuts,one: Beschikbaar vanaf %lld noot | other: Beschikbaar vanaf %lld noten,one: از %lld جام در دسترس است | other: از %lld جام در دسترس است,one: Available from %lld bubble | other: Available from %lld bubbles,one: Beschikbaar vanaf %lld bubbel | other: Beschikbaar vanaf %lld bubbels,Status under a character still to be earned. The argument is the nut total that opens it.,Localizable.xcstrings
premium.availableAt %lld,en_nl_changed,fi,Finnish,one: Available from %lld nut | other: Available from %lld nuts,one: Beschikbaar vanaf %lld noot | other: Beschikbaar vanaf %lld noten,one: Saatavilla %lld pokaalista alkaen | other: Saatavilla %lld pokaalista alkaen,one: Available from %lld bubble | other: Available from %lld bubbles,one: Beschikbaar vanaf %lld bubbel | other: Beschikbaar vanaf %lld bubbels,Status under a character still to be earned. The argument is the nut total that opens it.,Localizable.xcstrings
premium.availableAt %lld,en_nl_changed,fo,Faroese,one: Available from %lld nut | other: Available from %lld nuts,one: Beschikbaar vanaf %lld noot | other: Beschikbaar vanaf %lld noten,one: Tøkt frá %lld steypum | other: Tøkt frá %lld steypum,one: Available from %lld bubble | other: Available from %lld bubbles,one: Beschikbaar vanaf %lld bubbel | other: Beschikbaar vanaf %lld bubbels,Status under a character still to be earned. The argument is the nut total that opens it.,Localizable.xcstrings
premium.availableAt %lld,en_nl_changed,fr,French,one: Available from %lld nut | other: Available from %lld nuts,one: Beschikbaar vanaf %lld noot | other: Beschikbaar vanaf %lld noten,one: Disponible à partir de %lld bulle | other: Disponible à partir de %lld bulles,one: Available from %lld bubble | other: Available from %lld bubbles,one: Beschikbaar vanaf %lld bubbel | other: Beschikbaar vanaf %lld bubbels,Status under a character still to be earned. The argument is the nut total that opens it.,Localizable.xcstrings
premium.availableAt %lld,en_nl_changed,ga,Irish,one: Available from %lld nut | other: Available from %lld nuts,one: Beschikbaar vanaf %lld noot | other: Beschikbaar vanaf %lld noten,one: Ar fáil ó %lld trófaí | other: Ar fáil ó %lld trófaí,one: Available from %lld bubble | other: Available from %lld bubbles,one: Beschikbaar vanaf %lld bubbel | other: Beschikbaar vanaf %lld bubbels,Status under a character still to be earned. The argument is the nut total that opens it.,Localizable.xcstrings
premium.availableAt %lld,en_nl_changed,gl,Galician,one: Available from %lld nut | other: Available from %lld nuts,one: Beschikbaar vanaf %lld noot | other: Beschikbaar vanaf %lld noten,one: Dispoñible a partir de %lld trofeos | other: Dispoñible a partir de %lld trofeos,one: Available from %lld bubble | other: Available from %lld bubbles,one: Beschikbaar vanaf %lld bubbel | other: Beschikbaar vanaf %lld bubbels,Status under a character still to be earned. The argument is the nut total that opens it.,Localizable.xcstrings
premium.availableAt %lld,en_nl_changed,gu,Gujarati,one: Available from %lld nut | other: Available from %lld nuts,one: Beschikbaar vanaf %lld noot | other: Beschikbaar vanaf %lld noten,one: %lld ટ્રોફીથી ઉપલબ્ધ | other: %lld ટ્રોફીથી ઉપલબ્ધ,one: Available from %lld bubble | other: Available from %lld bubbles,one: Beschikbaar vanaf %lld bubbel | other: Beschikbaar vanaf %lld bubbels,Status under a character still to be earned. The argument is the nut total that opens it.,Localizable.xcstrings
premium.availableAt %lld,en_nl_changed,he,Hebrew,one: Available from %lld nut | other: Available from %lld nuts,one: Beschikbaar vanaf %lld noot | other: Beschikbaar vanaf %lld noten,one: זמין החל מ־%lld גביעים | other: זמין החל מ־%lld גביעים,one: Available from %lld bubble | other: Available from %lld bubbles,one: Beschikbaar vanaf %lld bubbel | other: Beschikbaar vanaf %lld bubbels,Status under a character still to be earned. The argument is the nut total that opens it.,Localizable.xcstrings
premium.availableAt %lld,en_nl_changed,hi,Hindi,one: Available from %lld nut | other: Available from %lld nuts,one: Beschikbaar vanaf %lld noot | other: Beschikbaar vanaf %lld noten,one: %lld ट्रॉफियों से उपलब्ध | other: %lld ट्रॉफियों से उपलब्ध,one: Available from %lld bubble | other: Available from %lld bubbles,one: Beschikbaar vanaf %lld bubbel | other: Beschikbaar vanaf %lld bubbels,Status under a character still to be earned. The argument is the nut total that opens it.,Localizable.xcstrings
premium.availableAt %lld,en_nl_changed,hr,Croatian,one: Available from %lld nut | other: Available from %lld nuts,one: Beschikbaar vanaf %lld noot | other: Beschikbaar vanaf %lld noten,one: Dostupno od %lld pehara | other: Dostupno od %lld pehara,one: Available from %lld bubble | other: Available from %lld bubbles,one: Beschikbaar vanaf %lld bubbel | other: Beschikbaar vanaf %lld bubbels,Status under a character still to be earned. The argument is the nut total that opens it.,Localizable.xcstrings
premium.availableAt %lld,en_nl_changed,hu,Hungarian,one: Available from %lld nut | other: Available from %lld nuts,one: Beschikbaar vanaf %lld noot | other: Beschikbaar vanaf %lld noten,one: %lld buborék elérhető | other: %lld buborék elérhető,one: Available from %lld bubble | other: Available from %lld bubbles,one: Beschikbaar vanaf %lld bubbel | other: Beschikbaar vanaf %lld bubbels,Status under a character still to be earned. The argument is the nut total that opens it.,Localizable.xcstrings
premium.availableAt %lld,en_nl_changed,hy,Armenian,one: Available from %lld nut | other: Available from %lld nuts,one: Beschikbaar vanaf %lld noot | other: Beschikbaar vanaf %lld noten,one: Հասանելի է %lld գավաթից | other: Հասանելի է %lld գավաթից,one: Available from %lld bubble | other: Available from %lld bubbles,one: Beschikbaar vanaf %lld bubbel | other: Beschikbaar vanaf %lld bubbels,Status under a character still to be earned. The argument is the nut total that opens it.,Localizable.xcstrings
premium.availableAt %lld,en_nl_changed,id,Indonesian,one: Available from %lld nut | other: Available from %lld nuts,one: Beschikbaar vanaf %lld noot | other: Beschikbaar vanaf %lld noten,one: Tersedia mulai %lld trofi | other: Tersedia mulai %lld trofi,one: Available from %lld bubble | other: Available from %lld bubbles,one: Beschikbaar vanaf %lld bubbel | other: Beschikbaar vanaf %lld bubbels,Status under a character still to be earned. The argument is the nut total that opens it.,Localizable.xcstrings
premium.availableAt %lld,en_nl_changed,is,Icelandic,one: Available from %lld nut | other: Available from %lld nuts,one: Beschikbaar vanaf %lld noot | other: Beschikbaar vanaf %lld noten,one: Í boði frá %lld bikurum | other: Í boði frá %lld bikurum,one: Available from %lld bubble | other: Available from %lld bubbles,one: Beschikbaar vanaf %lld bubbel | other: Beschikbaar vanaf %lld bubbels,Status under a character still to be earned. The argument is the nut total that opens it.,Localizable.xcstrings
premium.availableAt %lld,en_nl_changed,it,Italian,one: Available from %lld nut | other: Available from %lld nuts,one: Beschikbaar vanaf %lld noot | other: Beschikbaar vanaf %lld noten,one: Disponibile da %lld bolla | other: Disponibile da %lld bolle,one: Available from %lld bubble | other: Available from %lld bubbles,one: Beschikbaar vanaf %lld bubbel | other: Beschikbaar vanaf %lld bubbels,Status under a character still to be earned. The argument is the nut total that opens it.,Localizable.xcstrings
premium.availableAt %lld,en_nl_changed,ja,Japanese,one: Available from %lld nut | other: Available from %lld nuts,one: Beschikbaar vanaf %lld noot | other: Beschikbaar vanaf %lld noten,one: バブル%lld個で使用可能 | other: バブル%lld個で使用可能,one: Available from %lld bubble | other: Available from %lld bubbles,one: Beschikbaar vanaf %lld bubbel | other: Beschikbaar vanaf %lld bubbels,Status under a character still to be earned. The argument is the nut total that opens it.,Localizable.xcstrings
premium.availableAt %lld,en_nl_changed,ka,Georgian,one: Available from %lld nut | other: Available from %lld nuts,one: Beschikbaar vanaf %lld noot | other: Beschikbaar vanaf %lld noten,one: ხელმისაწვდომია %lld თასიდან | other: ხელმისაწვდომია %lld თასიდან,one: Available from %lld bubble | other: Available from %lld bubbles,one: Beschikbaar vanaf %lld bubbel | other: Beschikbaar vanaf %lld bubbels,Status under a character still to be earned. The argument is the nut total that opens it.,Localizable.xcstrings
premium.availableAt %lld,en_nl_changed,kk,Kazakh,one: Available from %lld nut | other: Available from %lld nuts,one: Beschikbaar vanaf %lld noot | other: Beschikbaar vanaf %lld noten,one: %lld жүлдеден бастап қолжетімді | other: %lld жүлдеден бастап қолжетімді,one: Available from %lld bubble | other: Available from %lld bubbles,one: Beschikbaar vanaf %lld bubbel | other: Beschikbaar vanaf %lld bubbels,Status under a character still to be earned. The argument is the nut total that opens it.,Localizable.xcstrings
premium.availableAt %lld,en_nl_changed,km,Khmer,one: Available from %lld nut | other: Available from %lld nuts,one: Beschikbaar vanaf %lld noot | other: Beschikbaar vanaf %lld noten,one: មានចាប់ពីពាន %lld | other: មានចាប់ពីពាន %lld,one: Available from %lld bubble | other: Available from %lld bubbles,one: Beschikbaar vanaf %lld bubbel | other: Beschikbaar vanaf %lld bubbels,Status under a character still to be earned. The argument is the nut total that opens it.,Localizable.xcstrings
premium.availableAt %lld,en_nl_changed,kn,Kannada,one: Available from %lld nut | other: Available from %lld nuts,one: Beschikbaar vanaf %lld noot | other: Beschikbaar vanaf %lld noten,one: %lld ಟ್ರೋಫಿಗಳಿಂದ ಲಭ್ಯ | other: %lld ಟ್ರೋಫಿಗಳಿಂದ ಲಭ್ಯ,one: Available from %lld bubble | other: Available from %lld bubbles,one: Beschikbaar vanaf %lld bubbel | other: Beschikbaar vanaf %lld bubbels,Status under a character still to be earned. The argument is the nut total that opens it.,Localizable.xcstrings
premium.availableAt %lld,en_nl_changed,ko,Korean,one: Available from %lld nut | other: Available from %lld nuts,one: Beschikbaar vanaf %lld noot | other: Beschikbaar vanaf %lld noten,one: 버블 %lld개부터 사용 가능 | other: 버블 %lld개부터 사용 가능,one: Available from %lld bubble | other: Available from %lld bubbles,one: Beschikbaar vanaf %lld bubbel | other: Beschikbaar vanaf %lld bubbels,Status under a character still to be earned. The argument is the nut total that opens it.,Localizable.xcstrings
premium.availableAt %lld,en_nl_changed,lo,Lao,one: Available from %lld nut | other: Available from %lld nuts,one: Beschikbaar vanaf %lld noot | other: Beschikbaar vanaf %lld noten,one: ມີໃຫ້ໃຊ້ຕັ້ງແຕ່ %lld ຖ້ວຍ | other: ມີໃຫ້ໃຊ້ຕັ້ງແຕ່ %lld ຖ້ວຍ,one: Available from %lld bubble | other: Available from %lld bubbles,one: Beschikbaar vanaf %lld bubbel | other: Beschikbaar vanaf %lld bubbels,Status under a character still to be earned. The argument is the nut total that opens it.,Localizable.xcstrings
premium.availableAt %lld,en_nl_changed,lt,Lithuanian,one: Available from %lld nut | other: Available from %lld nuts,one: Beschikbaar vanaf %lld noot | other: Beschikbaar vanaf %lld noten,one: Pasiekiama nuo %lld trofėjų | other: Pasiekiama nuo %lld trofėjų,one: Available from %lld bubble | other: Available from %lld bubbles,one: Beschikbaar vanaf %lld bubbel | other: Beschikbaar vanaf %lld bubbels,Status under a character still to be earned. The argument is the nut total that opens it.,Localizable.xcstrings
premium.availableAt %lld,en_nl_changed,lv,Latvian,one: Available from %lld nut | other: Available from %lld nuts,one: Beschikbaar vanaf %lld noot | other: Beschikbaar vanaf %lld noten,one: Pieejams no %lld trofejām | other: Pieejams no %lld trofejām,one: Available from %lld bubble | other: Available from %lld bubbles,one: Beschikbaar vanaf %lld bubbel | other: Beschikbaar vanaf %lld bubbels,Status under a character still to be earned. The argument is the nut total that opens it.,Localizable.xcstrings
premium.availableAt %lld,en_nl_changed,mk,Macedonian,one: Available from %lld nut | other: Available from %lld nuts,one: Beschikbaar vanaf %lld noot | other: Beschikbaar vanaf %lld noten,one: Достапно од %lld трофеи | other: Достапно од %lld трофеи,one: Available from %lld bubble | other: Available from %lld bubbles,one: Beschikbaar vanaf %lld bubbel | other: Beschikbaar vanaf %lld bubbels,Status under a character still to be earned. The argument is the nut total that opens it.,Localizable.xcstrings
premium.availableAt %lld,en_nl_changed,ml,Malayalam,one: Available from %lld nut | other: Available from %lld nuts,one: Beschikbaar vanaf %lld noot | other: Beschikbaar vanaf %lld noten,one: %lld ട്രോഫികൾ മുതൽ ലഭ്യം | other: %lld ട്രോഫികൾ മുതൽ ലഭ്യം,one: Available from %lld bubble | other: Available from %lld bubbles,one: Beschikbaar vanaf %lld bubbel | other: Beschikbaar vanaf %lld bubbels,Status under a character still to be earned. The argument is the nut total that opens it.,Localizable.xcstrings
premium.availableAt %lld,en_nl_changed,mn,Mongolian,one: Available from %lld nut | other: Available from %lld nuts,one: Beschikbaar vanaf %lld noot | other: Beschikbaar vanaf %lld noten,one: %lld цомоос эхлэн нээгдэнэ | other: %lld цомоос эхлэн нээгдэнэ,one: Available from %lld bubble | other: Available from %lld bubbles,one: Beschikbaar vanaf %lld bubbel | other: Beschikbaar vanaf %lld bubbels,Status under a character still to be earned. The argument is the nut total that opens it.,Localizable.xcstrings
premium.availableAt %lld,en_nl_changed,mr,Marathi,one: Available from %lld nut | other: Available from %lld nuts,one: Beschikbaar vanaf %lld noot | other: Beschikbaar vanaf %lld noten,one: %lld ट्रॉफींपासून उपलब्ध | other: %lld ट्रॉफींपासून उपलब्ध,one: Available from %lld bubble | other: Available from %lld bubbles,one: Beschikbaar vanaf %lld bubbel | other: Beschikbaar vanaf %lld bubbels,Status under a character still to be earned. The argument is the nut total that opens it.,Localizable.xcstrings
premium.availableAt %lld,en_nl_changed,ms,Malay,one: Available from %lld nut | other: Available from %lld nuts,one: Beschikbaar vanaf %lld noot | other: Beschikbaar vanaf %lld noten,one: Tersedia mulai %lld trofi | other: Tersedia mulai %lld trofi,one: Available from %lld bubble | other: Available from %lld bubbles,one: Beschikbaar vanaf %lld bubbel | other: Beschikbaar vanaf %lld bubbels,Status under a character still to be earned. The argument is the nut total that opens it.,Localizable.xcstrings
premium.availableAt %lld,en_nl_changed,my,Burmese,one: Available from %lld nut | other: Available from %lld nuts,one: Beschikbaar vanaf %lld noot | other: Beschikbaar vanaf %lld noten,one: ဆုဖလား %lld ခုမှ စ၍ ရနိုင်သည် | other: ဆုဖလား %lld ခုမှ စ၍ ရနိုင်သည်,one: Available from %lld bubble | other: Available from %lld bubbles,one: Beschikbaar vanaf %lld bubbel | other: Beschikbaar vanaf %lld bubbels,Status under a character still to be earned. The argument is the nut total that opens it.,Localizable.xcstrings
premium.availableAt %lld,en_nl_changed,nb,Norwegian,one: Available from %lld nut | other: Available from %lld nuts,one: Beschikbaar vanaf %lld noot | other: Beschikbaar vanaf %lld noten,one: Tilgjengelig fra %lld trofeer | other: Tilgjengelig fra %lld trofeer,one: Available from %lld bubble | other: Available from %lld bubbles,one: Beschikbaar vanaf %lld bubbel | other: Beschikbaar vanaf %lld bubbels,Status under a character still to be earned. The argument is the nut total that opens it.,Localizable.xcstrings
premium.availableAt %lld,en_nl_changed,ne,Nepali,one: Available from %lld nut | other: Available from %lld nuts,one: Beschikbaar vanaf %lld noot | other: Beschikbaar vanaf %lld noten,one: %lld ट्रफीबाट उपलब्ध | other: %lld ट्रफीबाट उपलब्ध,one: Available from %lld bubble | other: Available from %lld bubbles,one: Beschikbaar vanaf %lld bubbel | other: Beschikbaar vanaf %lld bubbels,Status under a character still to be earned. The argument is the nut total that opens it.,Localizable.xcstrings
premium.availableAt %lld,en_nl_changed,or,Odia,one: Available from %lld nut | other: Available from %lld nuts,one: Beschikbaar vanaf %lld noot | other: Beschikbaar vanaf %lld noten,one: %lld ଟ୍ରଫିରୁ ଉପଲବ୍ଧ | other: %lld ଟ୍ରଫିରୁ ଉପଲବ୍ଧ,one: Available from %lld bubble | other: Available from %lld bubbles,one: Beschikbaar vanaf %lld bubbel | other: Beschikbaar vanaf %lld bubbels,Status under a character still to be earned. The argument is the nut total that opens it.,Localizable.xcstrings
premium.availableAt %lld,en_nl_changed,pa,Punjabi,one: Available from %lld nut | other: Available from %lld nuts,one: Beschikbaar vanaf %lld noot | other: Beschikbaar vanaf %lld noten,one: %lld ਟ੍ਰਾਫੀਆਂ ਤੋਂ ਉਪਲਬਧ | other: %lld ਟ੍ਰਾਫੀਆਂ ਤੋਂ ਉਪਲਬਧ,one: Available from %lld bubble | other: Available from %lld bubbles,one: Beschikbaar vanaf %lld bubbel | other: Beschikbaar vanaf %lld bubbels,Status under a character still to be earned. The argument is the nut total that opens it.,Localizable.xcstrings
premium.availableAt %lld,en_nl_changed,pl,Polish,one: Available from %lld nut | other: Available from %lld nuts,one: Beschikbaar vanaf %lld noot | other: Beschikbaar vanaf %lld noten,one: Dostępne od %lld bąbelka | few: Dostępne od %lld bąbelków | many: Dostępne od %lld bąbelków | other: Dostępne od %lld bąbelków,one: Available from %lld bubble | other: Available from %lld bubbles,one: Beschikbaar vanaf %lld bubbel | other: Beschikbaar vanaf %lld bubbels,Status under a character still to be earned. The argument is the nut total that opens it.,Localizable.xcstrings
premium.availableAt %lld,en_nl_changed,pt,Portuguese,one: Available from %lld nut | other: Available from %lld nuts,one: Beschikbaar vanaf %lld noot | other: Beschikbaar vanaf %lld noten,one: Disponível a partir de %lld bolha | other: Disponível a partir de %lld bolhas,one: Available from %lld bubble | other: Available from %lld bubbles,one: Beschikbaar vanaf %lld bubbel | other: Beschikbaar vanaf %lld bubbels,Status under a character still to be earned. The argument is the nut total that opens it.,Localizable.xcstrings
premium.availableAt %lld,en_nl_changed,ro,Romanian,one: Available from %lld nut | other: Available from %lld nuts,one: Beschikbaar vanaf %lld noot | other: Beschikbaar vanaf %lld noten,one: Disponibil de la %lld trofee | other: Disponibil de la %lld trofee,one: Available from %lld bubble | other: Available from %lld bubbles,one: Beschikbaar vanaf %lld bubbel | other: Beschikbaar vanaf %lld bubbels,Status under a character still to be earned. The argument is the nut total that opens it.,Localizable.xcstrings
premium.availableAt %lld,en_nl_changed,ru,Russian,one: Available from %lld nut | other: Available from %lld nuts,one: Beschikbaar vanaf %lld noot | other: Beschikbaar vanaf %lld noten,one: Доступно с %lld пузыря | few: Доступно с %lld пузырей | many: Доступно с %lld пузырей | other: Доступно с %lld пузырей,one: Available from %lld bubble | other: Available from %lld bubbles,one: Beschikbaar vanaf %lld bubbel | other: Beschikbaar vanaf %lld bubbels,Status under a character still to be earned. The argument is the nut total that opens it.,Localizable.xcstrings
premium.availableAt %lld,en_nl_changed,si,Sinhala,one: Available from %lld nut | other: Available from %lld nuts,one: Beschikbaar vanaf %lld noot | other: Beschikbaar vanaf %lld noten,one: කුසලාන %lld සිට ලබා ගත හැක | other: කුසලාන %lld සිට ලබා ගත හැක,one: Available from %lld bubble | other: Available from %lld bubbles,one: Beschikbaar vanaf %lld bubbel | other: Beschikbaar vanaf %lld bubbels,Status under a character still to be earned. The argument is the nut total that opens it.,Localizable.xcstrings
premium.availableAt %lld,en_nl_changed,sk,Slovak,one: Available from %lld nut | other: Available from %lld nuts,one: Beschikbaar vanaf %lld noot | other: Beschikbaar vanaf %lld noten,one: Dostupné od %lld trofejí | other: Dostupné od %lld trofejí,one: Available from %lld bubble | other: Available from %lld bubbles,one: Beschikbaar vanaf %lld bubbel | other: Beschikbaar vanaf %lld bubbels,Status under a character still to be earned. The argument is the nut total that opens it.,Localizable.xcstrings
premium.availableAt %lld,en_nl_changed,sl,Slovenian,one: Available from %lld nut | other: Available from %lld nuts,one: Beschikbaar vanaf %lld noot | other: Beschikbaar vanaf %lld noten,one: Na voljo od %lld pokalov | other: Na voljo od %lld pokalov,one: Available from %lld bubble | other: Available from %lld bubbles,one: Beschikbaar vanaf %lld bubbel | other: Beschikbaar vanaf %lld bubbels,Status under a character still to be earned. The argument is the nut total that opens it.,Localizable.xcstrings
premium.availableAt %lld,en_nl_changed,sq,Albanian,one: Available from %lld nut | other: Available from %lld nuts,one: Beschikbaar vanaf %lld noot | other: Beschikbaar vanaf %lld noten,one: I disponueshëm nga %lld trofe | other: I disponueshëm nga %lld trofe,one: Available from %lld bubble | other: Available from %lld bubbles,one: Beschikbaar vanaf %lld bubbel | other: Beschikbaar vanaf %lld bubbels,Status under a character still to be earned. The argument is the nut total that opens it.,Localizable.xcstrings
premium.availableAt %lld,en_nl_changed,sr,Serbian,one: Available from %lld nut | other: Available from %lld nuts,one: Beschikbaar vanaf %lld noot | other: Beschikbaar vanaf %lld noten,one: Доступно од %lld трофеја | other: Доступно од %lld трофеја,one: Available from %lld bubble | other: Available from %lld bubbles,one: Beschikbaar vanaf %lld bubbel | other: Beschikbaar vanaf %lld bubbels,Status under a character still to be earned. The argument is the nut total that opens it.,Localizable.xcstrings
premium.availableAt %lld,en_nl_changed,sv,Swedish,one: Available from %lld nut | other: Available from %lld nuts,one: Beschikbaar vanaf %lld noot | other: Beschikbaar vanaf %lld noten,one: Tillgänglig från %lld pokaler | other: Tillgänglig från %lld pokaler,one: Available from %lld bubble | other: Available from %lld bubbles,one: Beschikbaar vanaf %lld bubbel | other: Beschikbaar vanaf %lld bubbels,Status under a character still to be earned. The argument is the nut total that opens it.,Localizable.xcstrings
premium.availableAt %lld,en_nl_changed,sw,Swahili,one: Available from %lld nut | other: Available from %lld nuts,one: Beschikbaar vanaf %lld noot | other: Beschikbaar vanaf %lld noten,one: Inapatikana kuanzia vikombe %lld | other: Inapatikana kuanzia vikombe %lld,one: Available from %lld bubble | other: Available from %lld bubbles,one: Beschikbaar vanaf %lld bubbel | other: Beschikbaar vanaf %lld bubbels,Status under a character still to be earned. The argument is the nut total that opens it.,Localizable.xcstrings
premium.availableAt %lld,en_nl_changed,ta,Tamil,one: Available from %lld nut | other: Available from %lld nuts,one: Beschikbaar vanaf %lld noot | other: Beschikbaar vanaf %lld noten,one: %lld ట్రోఫీల నుండి అందుబాటులో ఉంటుంది | other: %lld ట్రోఫీల నుండి అందుబాటులో ఉంటుంది,one: Available from %lld bubble | other: Available from %lld bubbles,one: Beschikbaar vanaf %lld bubbel | other: Beschikbaar vanaf %lld bubbels,Status under a character still to be earned. The argument is the nut total that opens it.,Localizable.xcstrings
premium.availableAt %lld,en_nl_changed,te,Telugu,one: Available from %lld nut | other: Available from %lld nuts,one: Beschikbaar vanaf %lld noot | other: Beschikbaar vanaf %lld noten,one: %lld ట్రోఫీల నుంచి అందుబాటులో | other: %lld ట్రోఫీల నుంచి అందుబాటులో,one: Available from %lld bubble | other: Available from %lld bubbles,one: Beschikbaar vanaf %lld bubbel | other: Beschikbaar vanaf %lld bubbels,Status under a character still to be earned. The argument is the nut total that opens it.,Localizable.xcstrings
premium.availableAt %lld,en_nl_changed,th,Thai,one: Available from %lld nut | other: Available from %lld nuts,one: Beschikbaar vanaf %lld noot | other: Beschikbaar vanaf %lld noten,one: ใช้ได้เมื่อมีฟองสบู่ %lld ใบ | other: ใช้ได้เมื่อมีฟองสบู่ %lld ใบ,one: Available from %lld bubble | other: Available from %lld bubbles,one: Beschikbaar vanaf %lld bubbel | other: Beschikbaar vanaf %lld bubbels,Status under a character still to be earned. The argument is the nut total that opens it.,Localizable.xcstrings
premium.availableAt %lld,en_nl_changed,tr,Turkish,one: Available from %lld nut | other: Available from %lld nuts,one: Beschikbaar vanaf %lld noot | other: Beschikbaar vanaf %lld noten,one: %lld baloncuk itibaren kullanılabilir | other: %lld baloncuk itibaren kullanılabilir,one: Available from %lld bubble | other: Available from %lld bubbles,one: Beschikbaar vanaf %lld bubbel | other: Beschikbaar vanaf %lld bubbels,Status under a character still to be earned. The argument is the nut total that opens it.,Localizable.xcstrings
premium.availableAt %lld,en_nl_changed,ug,Uyghur,one: Available from %lld nut | other: Available from %lld nuts,one: Beschikbaar vanaf %lld noot | other: Beschikbaar vanaf %lld noten,one: %lld لوڭقىدىن باشلاپ ئىشلەتكىلى بولىدۇ | other: %lld لوڭقىدىن باشلاپ ئىشلەتكىلى بولىدۇ,one: Available from %lld bubble | other: Available from %lld bubbles,one: Beschikbaar vanaf %lld bubbel | other: Beschikbaar vanaf %lld bubbels,Status under a character still to be earned. The argument is the nut total that opens it.,Localizable.xcstrings
premium.availableAt %lld,en_nl_changed,uk,Ukrainian,one: Available from %lld nut | other: Available from %lld nuts,one: Beschikbaar vanaf %lld noot | other: Beschikbaar vanaf %lld noten,one: Доступно від %lld трофеїв | other: Доступно від %lld трофеїв,one: Available from %lld bubble | other: Available from %lld bubbles,one: Beschikbaar vanaf %lld bubbel | other: Beschikbaar vanaf %lld bubbels,Status under a character still to be earned. The argument is the nut total that opens it.,Localizable.xcstrings
premium.availableAt %lld,en_nl_changed,ur,Urdu,one: Available from %lld nut | other: Available from %lld nuts,one: Beschikbaar vanaf %lld noot | other: Beschikbaar vanaf %lld noten,one: %lld ٹرافیوں سے دستیاب | other: %lld ٹرافیوں سے دستیاب,one: Available from %lld bubble | other: Available from %lld bubbles,one: Beschikbaar vanaf %lld bubbel | other: Beschikbaar vanaf %lld bubbels,Status under a character still to be earned. The argument is the nut total that opens it.,Localizable.xcstrings
premium.availableAt %lld,en_nl_changed,uz,Uzbek,one: Available from %lld nut | other: Available from %lld nuts,one: Beschikbaar vanaf %lld noot | other: Beschikbaar vanaf %lld noten,one: %lld ta sovrindan boshlab mavjud | other: %lld ta sovrindan boshlab mavjud,one: Available from %lld bubble | other: Available from %lld bubbles,one: Beschikbaar vanaf %lld bubbel | other: Beschikbaar vanaf %lld bubbels,Status under a character still to be earned. The argument is the nut total that opens it.,Localizable.xcstrings
premium.availableAt %lld,en_nl_changed,vi,Vietnamese,one: Available from %lld nut | other: Available from %lld nuts,one: Beschikbaar vanaf %lld noot | other: Beschikbaar vanaf %lld noten,one: Có thể dùng từ %lld cúp | other: Có thể dùng từ %lld cúp,one: Available from %lld bubble | other: Available from %lld bubbles,one: Beschikbaar vanaf %lld bubbel | other: Beschikbaar vanaf %lld bubbels,Status under a character still to be earned. The argument is the nut total that opens it.,Localizable.xcstrings
premium.availableAt %lld,en_nl_changed,zh,Chinese,one: Available from %lld nut | other: Available from %lld nuts,one: Beschikbaar vanaf %lld noot | other: Beschikbaar vanaf %lld noten,one: 获得 %lld 个泡泡后可用 | other: 获得 %lld 个泡泡后可用,one: Available from %lld bubble | other: Available from %lld bubbles,one: Beschikbaar vanaf %lld bubbel | other: Beschikbaar vanaf %lld bubbels,Status under a character still to be earned. The argument is the nut total that opens it.,Localizable.xcstrings
premium.availableAt %lld,en_nl_changed,zu,Zulu,one: Available from %lld nut | other: Available from %lld nuts,one: Beschikbaar vanaf %lld noot | other: Beschikbaar vanaf %lld noten,one: Kutholakala kusukela ezindebeni ezingu-%lld | other: Kutholakala kusukela ezindebeni ezingu-%lld,one: Available from %lld bubble | other: Available from %lld bubbles,one: Beschikbaar vanaf %lld bubbel | other: Beschikbaar vanaf %lld bubbels,Status under a character still to be earned. The argument is the nut total that opens it.,Localizable.xcstrings
premium.earnedCards %lld,en_nl_changed,af,Afrikaans,one: You’ve earned %lld nut | other: You’ve earned %lld nuts,one: Je hebt %lld noot verdiend | other: Je hebt %lld noten verdiend,one: Jy het %lld borrel verdien | other: Jy het %lld borrel verdien,one: You’ve earned %lld bubble | other: You’ve earned %lld bubbles,one: Je hebt %lld bubbel verdiend | other: Je hebt %lld bubbels verdiend,Status under a character showing how many nuts the player has so far.,Localizable.xcstrings
premium.earnedCards %lld,en_nl_changed,am,Amharic,one: You’ve earned %lld nut | other: You’ve earned %lld nuts,one: Je hebt %lld noot verdiend | other: Je hebt %lld noten verdiend,one: %lld አረፋ አግኝተሃል | other: %lld አረፋ አግኝተሃል,one: You’ve earned %lld bubble | other: You’ve earned %lld bubbles,one: Je hebt %lld bubbel verdiend | other: Je hebt %lld bubbels verdiend,Status under a character showing how many nuts the player has so far.,Localizable.xcstrings
premium.earnedCards %lld,en_nl_changed,ar,Arabic,one: You’ve earned %lld nut | other: You’ve earned %lld nuts,one: Je hebt %lld noot verdiend | other: Je hebt %lld noten verdiend,one: ربحت %lld فقاعة | other: ربحت %lld فقاعة,one: You’ve earned %lld bubble | other: You’ve earned %lld bubbles,one: Je hebt %lld bubbel verdiend | other: Je hebt %lld bubbels verdiend,Status under a character showing how many nuts the player has so far.,Localizable.xcstrings
premium.earnedCards %lld,en_nl_changed,as,Assamese,one: You’ve earned %lld nut | other: You’ve earned %lld nuts,one: Je hebt %lld noot verdiend | other: Je hebt %lld noten verdiend,one: তুমি %lld বুদবুদ গোটাইছা | other: তুমি %lld বুদবুদ গোটাইছা,one: You’ve earned %lld bubble | other: You’ve earned %lld bubbles,one: Je hebt %lld bubbel verdiend | other: Je hebt %lld bubbels verdiend,Status under a character showing how many nuts the player has so far.,Localizable.xcstrings
premium.earnedCards %lld,en_nl_changed,az,Azerbaijani,one: You’ve earned %lld nut | other: You’ve earned %lld nuts,one: Je hebt %lld noot verdiend | other: Je hebt %lld noten verdiend,one: %lld baloncuk qazanmısan | other: %lld baloncuk qazanmısan,one: You’ve earned %lld bubble | other: You’ve earned %lld bubbles,one: Je hebt %lld bubbel verdiend | other: Je hebt %lld bubbels verdiend,Status under a character showing how many nuts the player has so far.,Localizable.xcstrings
premium.earnedCards %lld,en_nl_changed,be,Belarusian,one: You’ve earned %lld nut | other: You’ve earned %lld nuts,one: Je hebt %lld noot verdiend | other: Je hebt %lld noten verdiend,one: У цябе %lld бурбалка | other: У цябе %lld бурбалка,one: You’ve earned %lld bubble | other: You’ve earned %lld bubbles,one: Je hebt %lld bubbel verdiend | other: Je hebt %lld bubbels verdiend,Status under a character showing how many nuts the player has so far.,Localizable.xcstrings
premium.earnedCards %lld,en_nl_changed,bg,Bulgarian,one: You’ve earned %lld nut | other: You’ve earned %lld nuts,one: Je hebt %lld noot verdiend | other: Je hebt %lld noten verdiend,one: Спечели %lld балон | other: Спечели %lld балон,one: You’ve earned %lld bubble | other: You’ve earned %lld bubbles,one: Je hebt %lld bubbel verdiend | other: Je hebt %lld bubbels verdiend,Status under a character showing how many nuts the player has so far.,Localizable.xcstrings
premium.earnedCards %lld,en_nl_changed,bn,Bengali,one: You’ve earned %lld nut | other: You’ve earned %lld nuts,one: Je hebt %lld noot verdiend | other: Je hebt %lld noten verdiend,one: তুমি %lldটি বাবল পেয়েছ | other: তুমি %lldটি বাবল পেয়েছ,one: You’ve earned %lld bubble | other: You’ve earned %lld bubbles,one: Je hebt %lld bubbel verdiend | other: Je hebt %lld bubbels verdiend,Status under a character showing how many nuts the player has so far.,Localizable.xcstrings
premium.earnedCards %lld,en_nl_changed,bo,Tibetan,one: You’ve earned %lld nut | other: You’ve earned %lld nuts,one: Je hebt %lld noot verdiend | other: Je hebt %lld noten verdiend,one: ཁྱེད་ཀྱིས་ལྦུ་བ %lld ཐོབ་ཡོད། | other: ཁྱེད་ཀྱིས་ལྦུ་བ %lld ཐོབ་ཡོད།,one: You’ve earned %lld bubble | other: You’ve earned %lld bubbles,one: Je hebt %lld bubbel verdiend | other: Je hebt %lld bubbels verdiend,Status under a character showing how many nuts the player has so far.,Localizable.xcstrings
premium.earnedCards %lld,en_nl_changed,bs,Bosnian,one: You’ve earned %lld nut | other: You’ve earned %lld nuts,one: Je hebt %lld noot verdiend | other: Je hebt %lld noten verdiend,one: Skupljen %lld mjehurić | other: Skupljen %lld mjehurić,one: You’ve earned %lld bubble | other: You’ve earned %lld bubbles,one: Je hebt %lld bubbel verdiend | other: Je hebt %lld bubbels verdiend,Status under a character showing how many nuts the player has so far.,Localizable.xcstrings
premium.earnedCards %lld,en_nl_changed,ca,Catalan,one: You’ve earned %lld nut | other: You’ve earned %lld nuts,one: Je hebt %lld noot verdiend | other: Je hebt %lld noten verdiend,one: Has aconseguit %lld bombolla | other: Has aconseguit %lld bombolla,one: You’ve earned %lld bubble | other: You’ve earned %lld bubbles,one: Je hebt %lld bubbel verdiend | other: Je hebt %lld bubbels verdiend,Status under a character showing how many nuts the player has so far.,Localizable.xcstrings
premium.earnedCards %lld,en_nl_changed,cs,Czech,one: You’ve earned %lld nut | other: You’ve earned %lld nuts,one: Je hebt %lld noot verdiend | other: Je hebt %lld noten verdiend,one: Získal jsi %lld bublinu | other: Získal jsi %lld bublinu,one: You’ve earned %lld bubble | other: You’ve earned %lld bubbles,one: Je hebt %lld bubbel verdiend | other: Je hebt %lld bubbels verdiend,Status under a character showing how many nuts the player has so far.,Localizable.xcstrings
premium.earnedCards %lld,en_nl_changed,cy,Welsh,one: You’ve earned %lld nut | other: You’ve earned %lld nuts,one: Je hebt %lld noot verdiend | other: Je hebt %lld noten verdiend,one: Rwyt ti wedi ennill %lld swigen | other: Rwyt ti wedi ennill %lld swigen,one: You’ve earned %lld bubble | other: You’ve earned %lld bubbles,one: Je hebt %lld bubbel verdiend | other: Je hebt %lld bubbels verdiend,Status under a character showing how many nuts the player has so far.,Localizable.xcstrings
premium.earnedCards %lld,en_nl_changed,da,Danish,one: You’ve earned %lld nut | other: You’ve earned %lld nuts,one: Je hebt %lld noot verdiend | other: Je hebt %lld noten verdiend,one: Du har samlet %lld boble | other: Du har samlet %lld boble,one: You’ve earned %lld bubble | other: You’ve earned %lld bubbles,one: Je hebt %lld bubbel verdiend | other: Je hebt %lld bubbels verdiend,Status under a character showing how many nuts the player has so far.,Localizable.xcstrings
premium.earnedCards %lld,en_nl_changed,de,German,one: You’ve earned %lld nut | other: You’ve earned %lld nuts,one: Je hebt %lld noot verdiend | other: Je hebt %lld noten verdiend,one: Du hast %lld Blase verdient | other: Du hast %lld Blasen verdient,one: You’ve earned %lld bubble | other: You’ve earned %lld bubbles,one: Je hebt %lld bubbel verdiend | other: Je hebt %lld bubbels verdiend,Status under a character showing how many nuts the player has so far.,Localizable.xcstrings
premium.earnedCards %lld,en_nl_changed,el,Greek,one: You’ve earned %lld nut | other: You’ve earned %lld nuts,one: Je hebt %lld noot verdiend | other: Je hebt %lld noten verdiend,one: Κέρδισες %lld φούσκα | other: Κέρδισες %lld φούσκα,one: You’ve earned %lld bubble | other: You’ve earned %lld bubbles,one: Je hebt %lld bubbel verdiend | other: Je hebt %lld bubbels verdiend,Status under a character showing how many nuts the player has so far.,Localizable.xcstrings
premium.earnedCards %lld,en_nl_changed,es,Spanish,one: You’ve earned %lld nut | other: You’ve earned %lld nuts,one: Je hebt %lld noot verdiend | other: Je hebt %lld noten verdiend,one: Has conseguido %lld burbuja | other: Has conseguido %lld burbujas,one: You’ve earned %lld bubble | other: You’ve earned %lld bubbles,one: Je hebt %lld bubbel verdiend | other: Je hebt %lld bubbels verdiend,Status under a character showing how many nuts the player has so far.,Localizable.xcstrings
premium.earnedCards %lld,en_nl_changed,et,Estonian,one: You’ve earned %lld nut | other: You’ve earned %lld nuts,one: Je hebt %lld noot verdiend | other: Je hebt %lld noten verdiend,one: Oled teeninud %lld mulli | other: Oled teeninud %lld mulli,one: You’ve earned %lld bubble | other: You’ve earned %lld bubbles,one: Je hebt %lld bubbel verdiend | other: Je hebt %lld bubbels verdiend,Status under a character showing how many nuts the player has so far.,Localizable.xcstrings
premium.earnedCards %lld,en_nl_changed,eu,Basque,one: You’ve earned %lld nut | other: You’ve earned %lld nuts,one: Je hebt %lld noot verdiend | other: Je hebt %lld noten verdiend,one: %lld burbuila irabazi duzu | other: %lld burbuila irabazi duzu,one: You’ve earned %lld bubble | other: You’ve earned %lld bubbles,one: Je hebt %lld bubbel verdiend | other: Je hebt %lld bubbels verdiend,Status under a character showing how many nuts the player has so far.,Localizable.xcstrings
premium.earnedCards %lld,en_nl_changed,fa,Persian,one: You’ve earned %lld nut | other: You’ve earned %lld nuts,one: Je hebt %lld noot verdiend | other: Je hebt %lld noten verdiend,one: %lld حباب به دست آوردی | other: %lld حباب به دست آوردی,one: You’ve earned %lld bubble | other: You’ve earned %lld bubbles,one: Je hebt %lld bubbel verdiend | other: Je hebt %lld bubbels verdiend,Status under a character showing how many nuts the player has so far.,Localizable.xcstrings
premium.earnedCards %lld,en_nl_changed,fi,Finnish,one: You’ve earned %lld nut | other: You’ve earned %lld nuts,one: Je hebt %lld noot verdiend | other: Je hebt %lld noten verdiend,one: Olet ansainnut %lld kuplan | other: Olet ansainnut %lld kuplan,one: You’ve earned %lld bubble | other: You’ve earned %lld bubbles,one: Je hebt %lld bubbel verdiend | other: Je hebt %lld bubbels verdiend,Status under a character showing how many nuts the player has so far.,Localizable.xcstrings
premium.earnedCards %lld,en_nl_changed,fo,Faroese,one: You’ve earned %lld nut | other: You’ve earned %lld nuts,one: Je hebt %lld noot verdiend | other: Je hebt %lld noten verdiend,one: Tú hevur vunnið %lld bløðru | other: Tú hevur vunnið %lld bløðru,one: You’ve earned %lld bubble | other: You’ve earned %lld bubbles,one: Je hebt %lld bubbel verdiend | other: Je hebt %lld bubbels verdiend,Status under a character showing how many nuts the player has so far.,Localizable.xcstrings
premium.earnedCards %lld,en_nl_changed,fr,French,one: You’ve earned %lld nut | other: You’ve earned %lld nuts,one: Je hebt %lld noot verdiend | other: Je hebt %lld noten verdiend,one: Tu as gagné %lld bulle | other: Tu as gagné %lld bulles,one: You’ve earned %lld bubble | other: You’ve earned %lld bubbles,one: Je hebt %lld bubbel verdiend | other: Je hebt %lld bubbels verdiend,Status under a character showing how many nuts the player has so far.,Localizable.xcstrings
premium.earnedCards %lld,en_nl_changed,ga,Irish,one: You’ve earned %lld nut | other: You’ve earned %lld nuts,one: Je hebt %lld noot verdiend | other: Je hebt %lld noten verdiend,one: Tá %lld mboilgeog tuillte agat | other: Tá %lld mboilgeog tuillte agat,one: You’ve earned %lld bubble | other: You’ve earned %lld bubbles,one: Je hebt %lld bubbel verdiend | other: Je hebt %lld bubbels verdiend,Status under a character showing how many nuts the player has so far.,Localizable.xcstrings
premium.earnedCards %lld,en_nl_changed,gl,Galician,one: You’ve earned %lld nut | other: You’ve earned %lld nuts,one: Je hebt %lld noot verdiend | other: Je hebt %lld noten verdiend,one: Conseguiches %lld burbulla | other: Conseguiches %lld burbulla,one: You’ve earned %lld bubble | other: You’ve earned %lld bubbles,one: Je hebt %lld bubbel verdiend | other: Je hebt %lld bubbels verdiend,Status under a character showing how many nuts the player has so far.,Localizable.xcstrings
premium.earnedCards %lld,en_nl_changed,gu,Gujarati,one: You’ve earned %lld nut | other: You’ve earned %lld nuts,one: Je hebt %lld noot verdiend | other: Je hebt %lld noten verdiend,one: તમે %lld બબલ મેળવ્યો | other: તમે %lld બબલ મેળવ્યો,one: You’ve earned %lld bubble | other: You’ve earned %lld bubbles,one: Je hebt %lld bubbel verdiend | other: Je hebt %lld bubbels verdiend,Status under a character showing how many nuts the player has so far.,Localizable.xcstrings
premium.earnedCards %lld,en_nl_changed,he,Hebrew,one: You’ve earned %lld nut | other: You’ve earned %lld nuts,one: Je hebt %lld noot verdiend | other: Je hebt %lld noten verdiend,one: צברתם %lld בועה | other: צברתם %lld בועה,one: You’ve earned %lld bubble | other: You’ve earned %lld bubbles,one: Je hebt %lld bubbel verdiend | other: Je hebt %lld bubbels verdiend,Status under a character showing how many nuts the player has so far.,Localizable.xcstrings
premium.earnedCards %lld,en_nl_changed,hi,Hindi,one: You’ve earned %lld nut | other: You’ve earned %lld nuts,one: Je hebt %lld noot verdiend | other: Je hebt %lld noten verdiend,one: तुमने %lld बुलबुला कमाया | other: तुमने %lld बुलबुला कमाया,one: You’ve earned %lld bubble | other: You’ve earned %lld bubbles,one: Je hebt %lld bubbel verdiend | other: Je hebt %lld bubbels verdiend,Status under a character showing how many nuts the player has so far.,Localizable.xcstrings
premium.earnedCards %lld,en_nl_changed,hr,Croatian,one: You’ve earned %lld nut | other: You’ve earned %lld nuts,one: Je hebt %lld noot verdiend | other: Je hebt %lld noten verdiend,one: Zaslužio si %lld mjehurić | other: Zaslužio si %lld mjehurić,one: You’ve earned %lld bubble | other: You’ve earned %lld bubbles,one: Je hebt %lld bubbel verdiend | other: Je hebt %lld bubbels verdiend,Status under a character showing how many nuts the player has so far.,Localizable.xcstrings
premium.earnedCards %lld,en_nl_changed,hu,Hungarian,one: You’ve earned %lld nut | other: You’ve earned %lld nuts,one: Je hebt %lld noot verdiend | other: Je hebt %lld noten verdiend,one: Már %lld buborékot szereztél | other: Már %lld buborékot szereztél,one: You’ve earned %lld bubble | other: You’ve earned %lld bubbles,one: Je hebt %lld bubbel verdiend | other: Je hebt %lld bubbels verdiend,Status under a character showing how many nuts the player has so far.,Localizable.xcstrings
premium.earnedCards %lld,en_nl_changed,hy,Armenian,one: You’ve earned %lld nut | other: You’ve earned %lld nuts,one: Je hebt %lld noot verdiend | other: Je hebt %lld noten verdiend,one: Վաստակել ես %lld պղպջակ | other: Վաստակել ես %lld պղպջակ,one: You’ve earned %lld bubble | other: You’ve earned %lld bubbles,one: Je hebt %lld bubbel verdiend | other: Je hebt %lld bubbels verdiend,Status under a character showing how many nuts the player has so far.,Localizable.xcstrings
premium.earnedCards %lld,en_nl_changed,id,Indonesian,one: You’ve earned %lld nut | other: You’ve earned %lld nuts,one: Je hebt %lld noot verdiend | other: Je hebt %lld noten verdiend,one: Kamu sudah dapat %lld gelembung | other: Kamu sudah dapat %lld gelembung,one: You’ve earned %lld bubble | other: You’ve earned %lld bubbles,one: Je hebt %lld bubbel verdiend | other: Je hebt %lld bubbels verdiend,Status under a character showing how many nuts the player has so far.,Localizable.xcstrings
premium.earnedCards %lld,en_nl_changed,is,Icelandic,one: You’ve earned %lld nut | other: You’ve earned %lld nuts,one: Je hebt %lld noot verdiend | other: Je hebt %lld noten verdiend,one: Þú hefur unnið %lld bólu | other: Þú hefur unnið %lld bólu,one: You’ve earned %lld bubble | other: You’ve earned %lld bubbles,one: Je hebt %lld bubbel verdiend | other: Je hebt %lld bubbels verdiend,Status under a character showing how many nuts the player has so far.,Localizable.xcstrings
premium.earnedCards %lld,en_nl_changed,it,Italian,one: You’ve earned %lld nut | other: You’ve earned %lld nuts,one: Je hebt %lld noot verdiend | other: Je hebt %lld noten verdiend,one: Hai guadagnato %lld bolla | other: Hai guadagnato %lld bolle,one: You’ve earned %lld bubble | other: You’ve earned %lld bubbles,one: Je hebt %lld bubbel verdiend | other: Je hebt %lld bubbels verdiend,Status under a character showing how many nuts the player has so far.,Localizable.xcstrings
premium.earnedCards %lld,en_nl_changed,ja,Japanese,one: You’ve earned %lld nut | other: You’ve earned %lld nuts,one: Je hebt %lld noot verdiend | other: Je hebt %lld noten verdiend,one: バブル%lldこゲット | other: バブル%lldこゲット,one: You’ve earned %lld bubble | other: You’ve earned %lld bubbles,one: Je hebt %lld bubbel verdiend | other: Je hebt %lld bubbels verdiend,Status under a character showing how many nuts the player has so far.,Localizable.xcstrings
premium.earnedCards %lld,en_nl_changed,ka,Georgian,one: You’ve earned %lld nut | other: You’ve earned %lld nuts,one: Je hebt %lld noot verdiend | other: Je hebt %lld noten verdiend,one: %lld ბუშტი გაქვს მოპოვებული | other: %lld ბუშტი გაქვს მოპოვებული,one: You’ve earned %lld bubble | other: You’ve earned %lld bubbles,one: Je hebt %lld bubbel verdiend | other: Je hebt %lld bubbels verdiend,Status under a character showing how many nuts the player has so far.,Localizable.xcstrings
premium.earnedCards %lld,en_nl_changed,kk,Kazakh,one: You’ve earned %lld nut | other: You’ve earned %lld nuts,one: Je hebt %lld noot verdiend | other: Je hebt %lld noten verdiend,one: %lld көпіршік жинадың | other: %lld көпіршік жинадың,one: You’ve earned %lld bubble | other: You’ve earned %lld bubbles,one: Je hebt %lld bubbel verdiend | other: Je hebt %lld bubbels verdiend,Status under a character showing how many nuts the player has so far.,Localizable.xcstrings
premium.earnedCards %lld,en_nl_changed,km,Khmer,one: You’ve earned %lld nut | other: You’ve earned %lld nuts,one: Je hebt %lld noot verdiend | other: Je hebt %lld noten verdiend,one: អ្នករកបានពពុះ %lld | other: អ្នករកបានពពុះ %lld,one: You’ve earned %lld bubble | other: You’ve earned %lld bubbles,one: Je hebt %lld bubbel verdiend | other: Je hebt %lld bubbels verdiend,Status under a character showing how many nuts the player has so far.,Localizable.xcstrings
premium.earnedCards %lld,en_nl_changed,kn,Kannada,one: You’ve earned %lld nut | other: You’ve earned %lld nuts,one: Je hebt %lld noot verdiend | other: Je hebt %lld noten verdiend,one: ನೀನು %lld ಬಬಲ್ ಗಳಿಸಿದ್ದೀಯ | other: ನೀನು %lld ಬಬಲ್ ಗಳಿಸಿದ್ದೀಯ,one: You’ve earned %lld bubble | other: You’ve earned %lld bubbles,one: Je hebt %lld bubbel verdiend | other: Je hebt %lld bubbels verdiend,Status under a character showing how many nuts the player has so far.,Localizable.xcstrings
premium.earnedCards %lld,en_nl_changed,ko,Korean,one: You’ve earned %lld nut | other: You’ve earned %lld nuts,one: Je hebt %lld noot verdiend | other: Je hebt %lld noten verdiend,one: 버블 %lld개 모았어요 | other: 버블 %lld개 모았어요,one: You’ve earned %lld bubble | other: You’ve earned %lld bubbles,one: Je hebt %lld bubbel verdiend | other: Je hebt %lld bubbels verdiend,Status under a character showing how many nuts the player has so far.,Localizable.xcstrings
premium.earnedCards %lld,en_nl_changed,lo,Lao,one: You’ve earned %lld nut | other: You’ve earned %lld nuts,one: Je hebt %lld noot verdiend | other: Je hebt %lld noten verdiend,one: ເຈົ້າໄດ້ %lld ຟອງ | other: ເຈົ້າໄດ້ %lld ຟອງ,one: You’ve earned %lld bubble | other: You’ve earned %lld bubbles,one: Je hebt %lld bubbel verdiend | other: Je hebt %lld bubbels verdiend,Status under a character showing how many nuts the player has so far.,Localizable.xcstrings
premium.earnedCards %lld,en_nl_changed,lt,Lithuanian,one: You’ve earned %lld nut | other: You’ve earned %lld nuts,one: Je hebt %lld noot verdiend | other: Je hebt %lld noten verdiend,one: Uždirbai %lld burbulą | other: Uždirbai %lld burbulą,one: You’ve earned %lld bubble | other: You’ve earned %lld bubbles,one: Je hebt %lld bubbel verdiend | other: Je hebt %lld bubbels verdiend,Status under a character showing how many nuts the player has so far.,Localizable.xcstrings
premium.earnedCards %lld,en_nl_changed,lv,Latvian,one: You’ve earned %lld nut | other: You’ve earned %lld nuts,one: Je hebt %lld noot verdiend | other: Je hebt %lld noten verdiend,one: Nopelnīts %lld burbulis | other: Nopelnīts %lld burbulis,one: You’ve earned %lld bubble | other: You’ve earned %lld bubbles,one: Je hebt %lld bubbel verdiend | other: Je hebt %lld bubbels verdiend,Status under a character showing how many nuts the player has so far.,Localizable.xcstrings
premium.earnedCards %lld,en_nl_changed,mk,Macedonian,one: You’ve earned %lld nut | other: You’ve earned %lld nuts,one: Je hebt %lld noot verdiend | other: Je hebt %lld noten verdiend,one: Собра %lld меурче | other: Собра %lld меурче,one: You’ve earned %lld bubble | other: You’ve earned %lld bubbles,one: Je hebt %lld bubbel verdiend | other: Je hebt %lld bubbels verdiend,Status under a character showing how many nuts the player has so far.,Localizable.xcstrings
premium.earnedCards %lld,en_nl_changed,ml,Malayalam,one: You’ve earned %lld nut | other: You’ve earned %lld nuts,one: Je hebt %lld noot verdiend | other: Je hebt %lld noten verdiend,one: നീ %lld ബബിൾ നേടി | other: നീ %lld ബബിൾ നേടി,one: You’ve earned %lld bubble | other: You’ve earned %lld bubbles,one: Je hebt %lld bubbel verdiend | other: Je hebt %lld bubbels verdiend,Status under a character showing how many nuts the player has so far.,Localizable.xcstrings
premium.earnedCards %lld,en_nl_changed,mn,Mongolian,one: You’ve earned %lld nut | other: You’ve earned %lld nuts,one: Je hebt %lld noot verdiend | other: Je hebt %lld noten verdiend,one: Чи %lld бөмбөлөг цуглуулсан | other: Чи %lld бөмбөлөг цуглуулсан,one: You’ve earned %lld bubble | other: You’ve earned %lld bubbles,one: Je hebt %lld bubbel verdiend | other: Je hebt %lld bubbels verdiend,Status under a character showing how many nuts the player has so far.,Localizable.xcstrings
premium.earnedCards %lld,en_nl_changed,mr,Marathi,one: You’ve earned %lld nut | other: You’ve earned %lld nuts,one: Je hebt %lld noot verdiend | other: Je hebt %lld noten verdiend,one: %lld बुडबुडा मिळवला | other: %lld बुडबुडा मिळवला,one: You’ve earned %lld bubble | other: You’ve earned %lld bubbles,one: Je hebt %lld bubbel verdiend | other: Je hebt %lld bubbels verdiend,Status under a character showing how many nuts the player has so far.,Localizable.xcstrings
premium.earnedCards %lld,en_nl_changed,ms,Malay,one: You’ve earned %lld nut | other: You’ve earned %lld nuts,one: Je hebt %lld noot verdiend | other: Je hebt %lld noten verdiend,one: Kamu sudah dapat %lld gelembung | other: Kamu sudah dapat %lld gelembung,one: You’ve earned %lld bubble | other: You’ve earned %lld bubbles,one: Je hebt %lld bubbel verdiend | other: Je hebt %lld bubbels verdiend,Status under a character showing how many nuts the player has so far.,Localizable.xcstrings
premium.earnedCards %lld,en_nl_changed,my,Burmese,one: You’ve earned %lld nut | other: You’ve earned %lld nuts,one: Je hebt %lld noot verdiend | other: Je hebt %lld noten verdiend,one: %lld ပူဖောင်း ရပြီ | other: %lld ပူဖောင်း ရပြီ,one: You’ve earned %lld bubble | other: You’ve earned %lld bubbles,one: Je hebt %lld bubbel verdiend | other: Je hebt %lld bubbels verdiend,Status under a character showing how many nuts the player has so far.,Localizable.xcstrings
premium.earnedCards %lld,en_nl_changed,nb,Norwegian,one: You’ve earned %lld nut | other: You’ve earned %lld nuts,one: Je hebt %lld noot verdiend | other: Je hebt %lld noten verdiend,one: Du har tjent %lld boble | other: Du har tjent %lld boble,one: You’ve earned %lld bubble | other: You’ve earned %lld bubbles,one: Je hebt %lld bubbel verdiend | other: Je hebt %lld bubbels verdiend,Status under a character showing how many nuts the player has so far.,Localizable.xcstrings
premium.earnedCards %lld,en_nl_changed,ne,Nepali,one: You’ve earned %lld nut | other: You’ve earned %lld nuts,one: Je hebt %lld noot verdiend | other: Je hebt %lld noten verdiend,one: तिमीले %lld बबल कमायौ | other: तिमीले %lld बबल कमायौ,one: You’ve earned %lld bubble | other: You’ve earned %lld bubbles,one: Je hebt %lld bubbel verdiend | other: Je hebt %lld bubbels verdiend,Status under a character showing how many nuts the player has so far.,Localizable.xcstrings
premium.earnedCards %lld,en_nl_changed,or,Odia,one: You’ve earned %lld nut | other: You’ve earned %lld nuts,one: Je hebt %lld noot verdiend | other: Je hebt %lld noten verdiend,one: ତୁମେ %lld ବବଲ୍ ପାଇଛ | other: ତୁମେ %lld ବବଲ୍ ପାଇଛ,one: You’ve earned %lld bubble | other: You’ve earned %lld bubbles,one: Je hebt %lld bubbel verdiend | other: Je hebt %lld bubbels verdiend,Status under a character showing how many nuts the player has so far.,Localizable.xcstrings
premium.earnedCards %lld,en_nl_changed,pa,Punjabi,one: You’ve earned %lld nut | other: You’ve earned %lld nuts,one: Je hebt %lld noot verdiend | other: Je hebt %lld noten verdiend,one: ਤੁਸੀਂ %lld ਬੁਲਬੁਲਾ ਕਮਾਇਆ | other: ਤੁਸੀਂ %lld ਬੁਲਬੁਲਾ ਕਮਾਇਆ,one: You’ve earned %lld bubble | other: You’ve earned %lld bubbles,one: Je hebt %lld bubbel verdiend | other: Je hebt %lld bubbels verdiend,Status under a character showing how many nuts the player has so far.,Localizable.xcstrings
premium.earnedCards %lld,en_nl_changed,pl,Polish,one: You’ve earned %lld nut | other: You’ve earned %lld nuts,one: Je hebt %lld noot verdiend | other: Je hebt %lld noten verdiend,one: Zdobyto %lld bąbelek | few: Zdobyto %lld bąbelki | many: Zdobyto %lld bąbelków | other: Zdobyto %lld bąbelka,one: You’ve earned %lld bubble | other: You’ve earned %lld bubbles,one: Je hebt %lld bubbel verdiend | other: Je hebt %lld bubbels verdiend,Status under a character showing how many nuts the player has so far.,Localizable.xcstrings
premium.earnedCards %lld,en_nl_changed,pt,Portuguese,one: You’ve earned %lld nut | other: You’ve earned %lld nuts,one: Je hebt %lld noot verdiend | other: Je hebt %lld noten verdiend,one: Ganhaste %lld bolha | other: Ganhaste %lld bolhas,one: You’ve earned %lld bubble | other: You’ve earned %lld bubbles,one: Je hebt %lld bubbel verdiend | other: Je hebt %lld bubbels verdiend,Status under a character showing how many nuts the player has so far.,Localizable.xcstrings
premium.earnedCards %lld,en_nl_changed,ro,Romanian,one: You’ve earned %lld nut | other: You’ve earned %lld nuts,one: Je hebt %lld noot verdiend | other: Je hebt %lld noten verdiend,one: Ai strâns %lld bulă | other: Ai strâns %lld bulă,one: You’ve earned %lld bubble | other: You’ve earned %lld bubbles,one: Je hebt %lld bubbel verdiend | other: Je hebt %lld bubbels verdiend,Status under a character showing how many nuts the player has so far.,Localizable.xcstrings
premium.earnedCards %lld,en_nl_changed,ru,Russian,one: You’ve earned %lld nut | other: You’ve earned %lld nuts,one: Je hebt %lld noot verdiend | other: Je hebt %lld noten verdiend,one: Ты заработал %lld пузырь | few: Ты заработал %lld пузыря | many: Ты заработал %lld пузырей | other: Ты заработал %lld пузыря,one: You’ve earned %lld bubble | other: You’ve earned %lld bubbles,one: Je hebt %lld bubbel verdiend | other: Je hebt %lld bubbels verdiend,Status under a character showing how many nuts the player has so far.,Localizable.xcstrings
premium.earnedCards %lld,en_nl_changed,si,Sinhala,one: You’ve earned %lld nut | other: You’ve earned %lld nuts,one: Je hebt %lld noot verdiend | other: Je hebt %lld noten verdiend,one: ඔයා %lld බුබුලක් හම්බ කළා | other: ඔයා %lld බුබුලක් හම්බ කළා,one: You’ve earned %lld bubble | other: You’ve earned %lld bubbles,one: Je hebt %lld bubbel verdiend | other: Je hebt %lld bubbels verdiend,Status under a character showing how many nuts the player has so far.,Localizable.xcstrings
premium.earnedCards %lld,en_nl_changed,sk,Slovak,one: You’ve earned %lld nut | other: You’ve earned %lld nuts,one: Je hebt %lld noot verdiend | other: Je hebt %lld noten verdiend,one: Získal si %lld bublinu | other: Získal si %lld bublinu,one: You’ve earned %lld bubble | other: You’ve earned %lld bubbles,one: Je hebt %lld bubbel verdiend | other: Je hebt %lld bubbels verdiend,Status under a character showing how many nuts the player has so far.,Localizable.xcstrings
premium.earnedCards %lld,en_nl_changed,sl,Slovenian,one: You’ve earned %lld nut | other: You’ve earned %lld nuts,one: Je hebt %lld noot verdiend | other: Je hebt %lld noten verdiend,one: Prislužil si %lld mehurček | other: Prislužil si %lld mehurček,one: You’ve earned %lld bubble | other: You’ve earned %lld bubbles,one: Je hebt %lld bubbel verdiend | other: Je hebt %lld bubbels verdiend,Status under a character showing how many nuts the player has so far.,Localizable.xcstrings
premium.earnedCards %lld,en_nl_changed,sq,Albanian,one: You’ve earned %lld nut | other: You’ve earned %lld nuts,one: Je hebt %lld noot verdiend | other: Je hebt %lld noten verdiend,one: Ke fituar %lld flluskë | other: Ke fituar %lld flluskë,one: You’ve earned %lld bubble | other: You’ve earned %lld bubbles,one: Je hebt %lld bubbel verdiend | other: Je hebt %lld bubbels verdiend,Status under a character showing how many nuts the player has so far.,Localizable.xcstrings
premium.earnedCards %lld,en_nl_changed,sr,Serbian,one: You’ve earned %lld nut | other: You’ve earned %lld nuts,one: Je hebt %lld noot verdiend | other: Je hebt %lld noten verdiend,one: Osvojio si %lld mehurić | other: Osvojio si %lld mehurić,one: You’ve earned %lld bubble | other: You’ve earned %lld bubbles,one: Je hebt %lld bubbel verdiend | other: Je hebt %lld bubbels verdiend,Status under a character showing how many nuts the player has so far.,Localizable.xcstrings
premium.earnedCards %lld,en_nl_changed,sv,Swedish,one: You’ve earned %lld nut | other: You’ve earned %lld nuts,one: Je hebt %lld noot verdiend | other: Je hebt %lld noten verdiend,one: Du har tjänat %lld bubbla | other: Du har tjänat %lld bubbla,one: You’ve earned %lld bubble | other: You’ve earned %lld bubbles,one: Je hebt %lld bubbel verdiend | other: Je hebt %lld bubbels verdiend,Status under a character showing how many nuts the player has so far.,Localizable.xcstrings
premium.earnedCards %lld,en_nl_changed,sw,Swahili,one: You’ve earned %lld nut | other: You’ve earned %lld nuts,one: Je hebt %lld noot verdiend | other: Je hebt %lld noten verdiend,one: Umepata kiputo %lld | other: Umepata kiputo %lld,one: You’ve earned %lld bubble | other: You’ve earned %lld bubbles,one: Je hebt %lld bubbel verdiend | other: Je hebt %lld bubbels verdiend,Status under a character showing how many nuts the player has so far.,Localizable.xcstrings
premium.earnedCards %lld,en_nl_changed,ta,Tamil,one: You’ve earned %lld nut | other: You’ve earned %lld nuts,one: Je hebt %lld noot verdiend | other: Je hebt %lld noten verdiend,one: நீ %lld குமிழி பெற்றுள்ளாய் | other: நீ %lld குமிழி பெற்றுள்ளாய்,one: You’ve earned %lld bubble | other: You’ve earned %lld bubbles,one: Je hebt %lld bubbel verdiend | other: Je hebt %lld bubbels verdiend,Status under a character showing how many nuts the player has so far.,Localizable.xcstrings
premium.earnedCards %lld,en_nl_changed,te,Telugu,one: You’ve earned %lld nut | other: You’ve earned %lld nuts,one: Je hebt %lld noot verdiend | other: Je hebt %lld noten verdiend,one: నువ్వు %lld బబుల్ సంపాదించావు | other: నువ్వు %lld బబుల్ సంపాదించావు,one: You’ve earned %lld bubble | other: You’ve earned %lld bubbles,one: Je hebt %lld bubbel verdiend | other: Je hebt %lld bubbels verdiend,Status under a character showing how many nuts the player has so far.,Localizable.xcstrings
premium.earnedCards %lld,en_nl_changed,th,Thai,one: You’ve earned %lld nut | other: You’ve earned %lld nuts,one: Je hebt %lld noot verdiend | other: Je hebt %lld noten verdiend,one: คุณเก็บฟองสบู่ได้ %lld ฟอง | other: คุณเก็บฟองสบู่ได้ %lld ฟอง,one: You’ve earned %lld bubble | other: You’ve earned %lld bubbles,one: Je hebt %lld bubbel verdiend | other: Je hebt %lld bubbels verdiend,Status under a character showing how many nuts the player has so far.,Localizable.xcstrings
premium.earnedCards %lld,en_nl_changed,tr,Turkish,one: You’ve earned %lld nut | other: You’ve earned %lld nuts,one: Je hebt %lld noot verdiend | other: Je hebt %lld noten verdiend,one: %lld baloncuk kazandın | other: %lld baloncuk kazandın,one: You’ve earned %lld bubble | other: You’ve earned %lld bubbles,one: Je hebt %lld bubbel verdiend | other: Je hebt %lld bubbels verdiend,Status under a character showing how many nuts the player has so far.,Localizable.xcstrings
premium.earnedCards %lld,en_nl_changed,ug,Uyghur,one: You’ve earned %lld nut | other: You’ve earned %lld nuts,one: Je hebt %lld noot verdiend | other: Je hebt %lld noten verdiend,one: %lld كۆپۈك تاپتىڭ | other: %lld كۆپۈك تاپتىڭ,one: You’ve earned %lld bubble | other: You’ve earned %lld bubbles,one: Je hebt %lld bubbel verdiend | other: Je hebt %lld bubbels verdiend,Status under a character showing how many nuts the player has so far.,Localizable.xcstrings
premium.earnedCards %lld,en_nl_changed,uk,Ukrainian,one: You’ve earned %lld nut | other: You’ve earned %lld nuts,one: Je hebt %lld noot verdiend | other: Je hebt %lld noten verdiend,one: Ти зібрав %lld бульбашку | other: Ти зібрав %lld бульбашку,one: You’ve earned %lld bubble | other: You’ve earned %lld bubbles,one: Je hebt %lld bubbel verdiend | other: Je hebt %lld bubbels verdiend,Status under a character showing how many nuts the player has so far.,Localizable.xcstrings
premium.earnedCards %lld,en_nl_changed,ur,Urdu,one: You’ve earned %lld nut | other: You’ve earned %lld nuts,one: Je hebt %lld noot verdiend | other: Je hebt %lld noten verdiend,one: آپ نے %lld ببل حاصل کیا | other: آپ نے %lld ببل حاصل کیا,one: You’ve earned %lld bubble | other: You’ve earned %lld bubbles,one: Je hebt %lld bubbel verdiend | other: Je hebt %lld bubbels verdiend,Status under a character showing how many nuts the player has so far.,Localizable.xcstrings
premium.earnedCards %lld,en_nl_changed,uz,Uzbek,one: You’ve earned %lld nut | other: You’ve earned %lld nuts,one: Je hebt %lld noot verdiend | other: Je hebt %lld noten verdiend,one: Sen %lld pufakcha yig‘ding | other: Sen %lld pufakcha yig‘ding,one: You’ve earned %lld bubble | other: You’ve earned %lld bubbles,one: Je hebt %lld bubbel verdiend | other: Je hebt %lld bubbels verdiend,Status under a character showing how many nuts the player has so far.,Localizable.xcstrings
premium.earnedCards %lld,en_nl_changed,vi,Vietnamese,one: You’ve earned %lld nut | other: You’ve earned %lld nuts,one: Je hebt %lld noot verdiend | other: Je hebt %lld noten verdiend,one: Bạn đã kiếm được %lld bong bóng | other: Bạn đã kiếm được %lld bong bóng,one: You’ve earned %lld bubble | other: You’ve earned %lld bubbles,one: Je hebt %lld bubbel verdiend | other: Je hebt %lld bubbels verdiend,Status under a character showing how many nuts the player has so far.,Localizable.xcstrings
premium.earnedCards %lld,en_nl_changed,zh,Chinese,one: You’ve earned %lld nut | other: You’ve earned %lld nuts,one: Je hebt %lld noot verdiend | other: Je hebt %lld noten verdiend,one: 你已获得 %lld 个泡泡 | other: 你已获得 %lld 个泡泡,one: You’ve earned %lld bubble | other: You’ve earned %lld bubbles,one: Je hebt %lld bubbel verdiend | other: Je hebt %lld bubbels verdiend,Status under a character showing how many nuts the player has so far.,Localizable.xcstrings
premium.earnedCards %lld,en_nl_changed,zu,Zulu,one: You’ve earned %lld nut | other: You’ve earned %lld nuts,one: Je hebt %lld noot verdiend | other: Je hebt %lld noten verdiend,one: Usuzuze ibhamuza elingu-%lld | other: Usuzuze ibhamuza elingu-%lld,one: You’ve earned %lld bubble | other: You’ve earned %lld bubbles,one: Je hebt %lld bubbel verdiend | other: Je hebt %lld bubbels verdiend,Status under a character showing how many nuts the player has so far.,Localizable.xcstrings
premium.unlockWithCards,en_nl_changed,af,Afrikaans,Unlock with nuts,Vrijspelen met noten,Ontsluit met borrels,Unlock with bubbles,Vrijspelen met bubbels,Alternative call to action: open a character with collected nuts instead of money.,Localizable.xcstrings
premium.unlockWithCards,en_nl_changed,am,Amharic,Unlock with nuts,Vrijspelen met noten,በአረፋዎች ክፈት,Unlock with bubbles,Vrijspelen met bubbels,Alternative call to action: open a character with collected nuts instead of money.,Localizable.xcstrings
premium.unlockWithCards,en_nl_changed,ar,Arabic,Unlock with nuts,Vrijspelen met noten,افتح بالفقاعات,Unlock with bubbles,Vrijspelen met bubbels,Alternative call to action: open a character with collected nuts instead of money.,Localizable.xcstrings
premium.unlockWithCards,en_nl_changed,as,Assamese,Unlock with nuts,Vrijspelen met noten,বুদবুদেৰে আনলক,Unlock with bubbles,Vrijspelen met bubbels,Alternative call to action: open a character with collected nuts instead of money.,Localizable.xcstrings
premium.unlockWithCards,en_nl_changed,az,Azerbaijani,Unlock with nuts,Vrijspelen met noten,Baloncuklarla aç,Unlock with bubbles,Vrijspelen met bubbels,Alternative call to action: open a character with collected nuts instead of money.,Localizable.xcstrings
premium.unlockWithCards,en_nl_changed,be,Belarusian,Unlock with nuts,Vrijspelen met noten,Адкрыць за бурбалкі,Unlock with bubbles,Vrijspelen met bubbels,Alternative call to action: open a character with collected nuts instead of money.,Localizable.xcstrings
premium.unlockWithCards,en_nl_changed,bg,Bulgarian,Unlock with nuts,Vrijspelen met noten,Отключи с балони,Unlock with bubbles,Vrijspelen met bubbels,Alternative call to action: open a character with collected nuts instead of money.,Localizable.xcstrings
premium.unlockWithCards,en_nl_changed,bn,Bengali,Unlock with nuts,Vrijspelen met noten,বাবল দিয়ে আনলক,Unlock with bubbles,Vrijspelen met bubbels,Alternative call to action: open a character with collected nuts instead of money.,Localizable.xcstrings
premium.unlockWithCards,en_nl_changed,bo,Tibetan,Unlock with nuts,Vrijspelen met noten,ལྦུ་བས་སྒོ་ཕྱེ,Unlock with bubbles,Vrijspelen met bubbels,Alternative call to action: open a character with collected nuts instead of money.,Localizable.xcstrings
premium.unlockWithCards,en_nl_changed,bs,Bosnian,Unlock with nuts,Vrijspelen met noten,Otključaj mjehurićima,Unlock with bubbles,Vrijspelen met bubbels,Alternative call to action: open a character with collected nuts instead of money.,Localizable.xcstrings
premium.unlockWithCards,en_nl_changed,ca,Catalan,Unlock with nuts,Vrijspelen met noten,Desbloqueja amb bombolles,Unlock with bubbles,Vrijspelen met bubbels,Alternative call to action: open a character with collected nuts instead of money.,Localizable.xcstrings
premium.unlockWithCards,en_nl_changed,cs,Czech,Unlock with nuts,Vrijspelen met noten,Odemknout za bubliny,Unlock with bubbles,Vrijspelen met bubbels,Alternative call to action: open a character with collected nuts instead of money.,Localizable.xcstrings
premium.unlockWithCards,en_nl_changed,cy,Welsh,Unlock with nuts,Vrijspelen met noten,Datgloi gyda swigod,Unlock with bubbles,Vrijspelen met bubbels,Alternative call to action: open a character with collected nuts instead of money.,Localizable.xcstrings
premium.unlockWithCards,en_nl_changed,da,Danish,Unlock with nuts,Vrijspelen met noten,Lås op med bobler,Unlock with bubbles,Vrijspelen met bubbels,Alternative call to action: open a character with collected nuts instead of money.,Localizable.xcstrings
premium.unlockWithCards,en_nl_changed,de,German,Unlock with nuts,Vrijspelen met noten,Mit Blasen freischalten,Unlock with bubbles,Vrijspelen met bubbels,Alternative call to action: open a character with collected nuts instead of money.,Localizable.xcstrings
premium.unlockWithCards,en_nl_changed,el,Greek,Unlock with nuts,Vrijspelen met noten,Ξεκλείδωσε με φούσκες,Unlock with bubbles,Vrijspelen met bubbels,Alternative call to action: open a character with collected nuts instead of money.,Localizable.xcstrings
premium.unlockWithCards,en_nl_changed,es,Spanish,Unlock with nuts,Vrijspelen met noten,Desbloquear con burbujas,Unlock with bubbles,Vrijspelen met bubbels,Alternative call to action: open a character with collected nuts instead of money.,Localizable.xcstrings
premium.unlockWithCards,en_nl_changed,et,Estonian,Unlock with nuts,Vrijspelen met noten,Ava mullidega,Unlock with bubbles,Vrijspelen met bubbels,Alternative call to action: open a character with collected nuts instead of money.,Localizable.xcstrings
premium.unlockWithCards,en_nl_changed,eu,Basque,Unlock with nuts,Vrijspelen met noten,Desblokeatu burbuilekin,Unlock with bubbles,Vrijspelen met bubbels,Alternative call to action: open a character with collected nuts instead of money.,Localizable.xcstrings
premium.unlockWithCards,en_nl_changed,fa,Persian,Unlock with nuts,Vrijspelen met noten,باز کردن با حباب‌ها,Unlock with bubbles,Vrijspelen met bubbels,Alternative call to action: open a character with collected nuts instead of money.,Localizable.xcstrings
premium.unlockWithCards,en_nl_changed,fi,Finnish,Unlock with nuts,Vrijspelen met noten,Avaa kuplilla,Unlock with bubbles,Vrijspelen met bubbels,Alternative call to action: open a character with collected nuts instead of money.,Localizable.xcstrings
premium.unlockWithCards,en_nl_changed,fo,Faroese,Unlock with nuts,Vrijspelen met noten,Læs upp við bløðrum,Unlock with bubbles,Vrijspelen met bubbels,Alternative call to action: open a character with collected nuts instead of money.,Localizable.xcstrings
premium.unlockWithCards,en_nl_changed,fr,French,Unlock with nuts,Vrijspelen met noten,Débloquer avec des bulles,Unlock with bubbles,Vrijspelen met bubbels,Alternative call to action: open a character with collected nuts instead of money.,Localizable.xcstrings
premium.unlockWithCards,en_nl_changed,ga,Irish,Unlock with nuts,Vrijspelen met noten,Díghlasáil le boilgeoga,Unlock with bubbles,Vrijspelen met bubbels,Alternative call to action: open a character with collected nuts instead of money.,Localizable.xcstrings
premium.unlockWithCards,en_nl_changed,gl,Galician,Unlock with nuts,Vrijspelen met noten,Desbloquear con burbullas,Unlock with bubbles,Vrijspelen met bubbels,Alternative call to action: open a character with collected nuts instead of money.,Localizable.xcstrings
premium.unlockWithCards,en_nl_changed,gu,Gujarati,Unlock with nuts,Vrijspelen met noten,બબલથી અનલૉક કરો,Unlock with bubbles,Vrijspelen met bubbels,Alternative call to action: open a character with collected nuts instead of money.,Localizable.xcstrings
premium.unlockWithCards,en_nl_changed,he,Hebrew,Unlock with nuts,Vrijspelen met noten,פתיחה עם בועות,Unlock with bubbles,Vrijspelen met bubbels,Alternative call to action: open a character with collected nuts instead of money.,Localizable.xcstrings
premium.unlockWithCards,en_nl_changed,hi,Hindi,Unlock with nuts,Vrijspelen met noten,बुलबुलों से अनलॉक करो,Unlock with bubbles,Vrijspelen met bubbels,Alternative call to action: open a character with collected nuts instead of money.,Localizable.xcstrings
premium.unlockWithCards,en_nl_changed,hr,Croatian,Unlock with nuts,Vrijspelen met noten,Otključaj mjehurićima,Unlock with bubbles,Vrijspelen met bubbels,Alternative call to action: open a character with collected nuts instead of money.,Localizable.xcstrings
premium.unlockWithCards,en_nl_changed,hu,Hungarian,Unlock with nuts,Vrijspelen met noten,Feloldás buborékokkal,Unlock with bubbles,Vrijspelen met bubbels,Alternative call to action: open a character with collected nuts instead of money.,Localizable.xcstrings
premium.unlockWithCards,en_nl_changed,hy,Armenian,Unlock with nuts,Vrijspelen met noten,Բացել պղպջակներով,Unlock with bubbles,Vrijspelen met bubbels,Alternative call to action: open a character with collected nuts instead of money.,Localizable.xcstrings
premium.unlockWithCards,en_nl_changed,id,Indonesian,Unlock with nuts,Vrijspelen met noten,Buka dengan gelembung,Unlock with bubbles,Vrijspelen met bubbels,Alternative call to action: open a character with collected nuts instead of money.,Localizable.xcstrings
premium.unlockWithCards,en_nl_changed,is,Icelandic,Unlock with nuts,Vrijspelen met noten,Opna með bólum,Unlock with bubbles,Vrijspelen met bubbels,Alternative call to action: open a character with collected nuts instead of money.,Localizable.xcstrings
premium.unlockWithCards,en_nl_changed,it,Italian,Unlock with nuts,Vrijspelen met noten,Sblocca con le bolle,Unlock with bubbles,Vrijspelen met bubbels,Alternative call to action: open a character with collected nuts instead of money.,Localizable.xcstrings
premium.unlockWithCards,en_nl_changed,ja,Japanese,Unlock with nuts,Vrijspelen met noten,バブルでアンロック,Unlock with bubbles,Vrijspelen met bubbels,Alternative call to action: open a character with collected nuts instead of money.,Localizable.xcstrings
premium.unlockWithCards,en_nl_changed,ka,Georgian,Unlock with nuts,Vrijspelen met noten,გახსენი ბუშტებით,Unlock with bubbles,Vrijspelen met bubbels,Alternative call to action: open a character with collected nuts instead of money.,Localizable.xcstrings
premium.unlockWithCards,en_nl_changed,kk,Kazakh,Unlock with nuts,Vrijspelen met noten,Көпіршікпен ашу,Unlock with bubbles,Vrijspelen met bubbels,Alternative call to action: open a character with collected nuts instead of money.,Localizable.xcstrings
premium.unlockWithCards,en_nl_changed,km,Khmer,Unlock with nuts,Vrijspelen met noten,ដោះសោដោយប្រើពពុះ,Unlock with bubbles,Vrijspelen met bubbels,Alternative call to action: open a character with collected nuts instead of money.,Localizable.xcstrings
premium.unlockWithCards,en_nl_changed,kn,Kannada,Unlock with nuts,Vrijspelen met noten,ಬಬಲ್‌ಗಳಿಂದ ತೆರೆಯು,Unlock with bubbles,Vrijspelen met bubbels,Alternative call to action: open a character with collected nuts instead of money.,Localizable.xcstrings
premium.unlockWithCards,en_nl_changed,ko,Korean,Unlock with nuts,Vrijspelen met noten,버블로 잠금 해제,Unlock with bubbles,Vrijspelen met bubbels,Alternative call to action: open a character with collected nuts instead of money.,Localizable.xcstrings
premium.unlockWithCards,en_nl_changed,lo,Lao,Unlock with nuts,Vrijspelen met noten,ປົດລັອກດ້ວຍຟອງ,Unlock with bubbles,Vrijspelen met bubbels,Alternative call to action: open a character with collected nuts instead of money.,Localizable.xcstrings
premium.unlockWithCards,en_nl_changed,lt,Lithuanian,Unlock with nuts,Vrijspelen met noten,Atrakinti už burbulus,Unlock with bubbles,Vrijspelen met bubbels,Alternative call to action: open a character with collected nuts instead of money.,Localizable.xcstrings
premium.unlockWithCards,en_nl_changed,lv,Latvian,Unlock with nuts,Vrijspelen met noten,Atbloķēt ar burbuļiem,Unlock with bubbles,Vrijspelen met bubbels,Alternative call to action: open a character with collected nuts instead of money.,Localizable.xcstrings
premium.unlockWithCards,en_nl_changed,mk,Macedonian,Unlock with nuts,Vrijspelen met noten,Отклучи со меурчиња,Unlock with bubbles,Vrijspelen met bubbels,Alternative call to action: open a character with collected nuts instead of money.,Localizable.xcstrings
premium.unlockWithCards,en_nl_changed,ml,Malayalam,Unlock with nuts,Vrijspelen met noten,ബബിൾ ഉപയോഗിച്ച് തുറക്കൂ,Unlock with bubbles,Vrijspelen met bubbels,Alternative call to action: open a character with collected nuts instead of money.,Localizable.xcstrings
premium.unlockWithCards,en_nl_changed,mn,Mongolian,Unlock with nuts,Vrijspelen met noten,Бөмбөлгөөр нээх,Unlock with bubbles,Vrijspelen met bubbels,Alternative call to action: open a character with collected nuts instead of money.,Localizable.xcstrings
premium.unlockWithCards,en_nl_changed,mr,Marathi,Unlock with nuts,Vrijspelen met noten,बुडबुड्यांनी मिळवा,Unlock with bubbles,Vrijspelen met bubbels,Alternative call to action: open a character with collected nuts instead of money.,Localizable.xcstrings
premium.unlockWithCards,en_nl_changed,ms,Malay,Unlock with nuts,Vrijspelen met noten,Buka dengan gelembung,Unlock with bubbles,Vrijspelen met bubbels,Alternative call to action: open a character with collected nuts instead of money.,Localizable.xcstrings
premium.unlockWithCards,en_nl_changed,my,Burmese,Unlock with nuts,Vrijspelen met noten,ပူဖောင်းနဲ့ ဖွင့်မယ်,Unlock with bubbles,Vrijspelen met bubbels,Alternative call to action: open a character with collected nuts instead of money.,Localizable.xcstrings
premium.unlockWithCards,en_nl_changed,nb,Norwegian,Unlock with nuts,Vrijspelen met noten,Lås opp med bobler,Unlock with bubbles,Vrijspelen met bubbels,Alternative call to action: open a character with collected nuts instead of money.,Localizable.xcstrings
premium.unlockWithCards,en_nl_changed,ne,Nepali,Unlock with nuts,Vrijspelen met noten,बबलले खोल,Unlock with bubbles,Vrijspelen met bubbels,Alternative call to action: open a character with collected nuts instead of money.,Localizable.xcstrings
premium.unlockWithCards,en_nl_changed,or,Odia,Unlock with nuts,Vrijspelen met noten,ବବଲ୍‌ରେ ଅନଲକ୍ କର,Unlock with bubbles,Vrijspelen met bubbels,Alternative call to action: open a character with collected nuts instead of money.,Localizable.xcstrings
premium.unlockWithCards,en_nl_changed,pa,Punjabi,Unlock with nuts,Vrijspelen met noten,ਬੁਲਬੁਲਿਆਂ ਨਾਲ ਅਨਲੌਕ ਕਰੋ,Unlock with bubbles,Vrijspelen met bubbels,Alternative call to action: open a character with collected nuts instead of money.,Localizable.xcstrings
premium.unlockWithCards,en_nl_changed,pl,Polish,Unlock with nuts,Vrijspelen met noten,Odblokuj za bąbelki,Unlock with bubbles,Vrijspelen met bubbels,Alternative call to action: open a character with collected nuts instead of money.,Localizable.xcstrings
premium.unlockWithCards,en_nl_changed,pt,Portuguese,Unlock with nuts,Vrijspelen met noten,Desbloquear com bolhas,Unlock with bubbles,Vrijspelen met bubbels,Alternative call to action: open a character with collected nuts instead of money.,Localizable.xcstrings
premium.unlockWithCards,en_nl_changed,ro,Romanian,Unlock with nuts,Vrijspelen met noten,Deblochează cu bule,Unlock with bubbles,Vrijspelen met bubbels,Alternative call to action: open a character with collected nuts instead of money.,Localizable.xcstrings
premium.unlockWithCards,en_nl_changed,ru,Russian,Unlock with nuts,Vrijspelen met noten,Открыть за пузыри,Unlock with bubbles,Vrijspelen met bubbels,Alternative call to action: open a character with collected nuts instead of money.,Localizable.xcstrings
premium.unlockWithCards,en_nl_changed,si,Sinhala,Unlock with nuts,Vrijspelen met noten,බුබුළුවලින් විවෘත කරන්න,Unlock with bubbles,Vrijspelen met bubbels,Alternative call to action: open a character with collected nuts instead of money.,Localizable.xcstrings
premium.unlockWithCards,en_nl_changed,sk,Slovak,Unlock with nuts,Vrijspelen met noten,Odomknúť za bubliny,Unlock with bubbles,Vrijspelen met bubbels,Alternative call to action: open a character with collected nuts instead of money.,Localizable.xcstrings
premium.unlockWithCards,en_nl_changed,sl,Slovenian,Unlock with nuts,Vrijspelen met noten,Odkleni z mehurčki,Unlock with bubbles,Vrijspelen met bubbels,Alternative call to action: open a character with collected nuts instead of money.,Localizable.xcstrings
premium.unlockWithCards,en_nl_changed,sq,Albanian,Unlock with nuts,Vrijspelen met noten,Zhblloko me flluska,Unlock with bubbles,Vrijspelen met bubbels,Alternative call to action: open a character with collected nuts instead of money.,Localizable.xcstrings
premium.unlockWithCards,en_nl_changed,sr,Serbian,Unlock with nuts,Vrijspelen met noten,Otključaj mehurićima,Unlock with bubbles,Vrijspelen met bubbels,Alternative call to action: open a character with collected nuts instead of money.,Localizable.xcstrings
premium.unlockWithCards,en_nl_changed,sv,Swedish,Unlock with nuts,Vrijspelen met noten,Lås upp med bubblor,Unlock with bubbles,Vrijspelen met bubbels,Alternative call to action: open a character with collected nuts instead of money.,Localizable.xcstrings
premium.unlockWithCards,en_nl_changed,sw,Swahili,Unlock with nuts,Vrijspelen met noten,Fungua kwa viputo,Unlock with bubbles,Vrijspelen met bubbels,Alternative call to action: open a character with collected nuts instead of money.,Localizable.xcstrings
premium.unlockWithCards,en_nl_changed,ta,Tamil,Unlock with nuts,Vrijspelen met noten,குமிழிகளால் திற,Unlock with bubbles,Vrijspelen met bubbels,Alternative call to action: open a character with collected nuts instead of money.,Localizable.xcstrings
premium.unlockWithCards,en_nl_changed,te,Telugu,Unlock with nuts,Vrijspelen met noten,బబుల్స్‌తో అన్‌లాక్,Unlock with bubbles,Vrijspelen met bubbels,Alternative call to action: open a character with collected nuts instead of money.,Localizable.xcstrings
premium.unlockWithCards,en_nl_changed,th,Thai,Unlock with nuts,Vrijspelen met noten,ปลดล็อกด้วยฟองสบู่,Unlock with bubbles,Vrijspelen met bubbels,Alternative call to action: open a character with collected nuts instead of money.,Localizable.xcstrings
premium.unlockWithCards,en_nl_changed,tr,Turkish,Unlock with nuts,Vrijspelen met noten,Baloncuklarla aç,Unlock with bubbles,Vrijspelen met bubbels,Alternative call to action: open a character with collected nuts instead of money.,Localizable.xcstrings
premium.unlockWithCards,en_nl_changed,ug,Uyghur,Unlock with nuts,Vrijspelen met noten,كۆپۈك بىلەن ئاچ,Unlock with bubbles,Vrijspelen met bubbels,Alternative call to action: open a character with collected nuts instead of money.,Localizable.xcstrings
premium.unlockWithCards,en_nl_changed,uk,Ukrainian,Unlock with nuts,Vrijspelen met noten,Відкрити за бульбашки,Unlock with bubbles,Vrijspelen met bubbels,Alternative call to action: open a character with collected nuts instead of money.,Localizable.xcstrings
premium.unlockWithCards,en_nl_changed,ur,Urdu,Unlock with nuts,Vrijspelen met noten,ببلز سے کھولیں,Unlock with bubbles,Vrijspelen met bubbels,Alternative call to action: open a character with collected nuts instead of money.,Localizable.xcstrings
premium.unlockWithCards,en_nl_changed,uz,Uzbek,Unlock with nuts,Vrijspelen met noten,Pufakchalar bilan och,Unlock with bubbles,Vrijspelen met bubbels,Alternative call to action: open a character with collected nuts instead of money.,Localizable.xcstrings
premium.unlockWithCards,en_nl_changed,vi,Vietnamese,Unlock with nuts,Vrijspelen met noten,Mở bằng bong bóng,Unlock with bubbles,Vrijspelen met bubbels,Alternative call to action: open a character with collected nuts instead of money.,Localizable.xcstrings
premium.unlockWithCards,en_nl_changed,zh,Chinese,Unlock with nuts,Vrijspelen met noten,用泡泡解锁,Unlock with bubbles,Vrijspelen met bubbels,Alternative call to action: open a character with collected nuts instead of money.,Localizable.xcstrings
premium.unlockWithCards,en_nl_changed,zu,Zulu,Unlock with nuts,Vrijspelen met noten,Vula ngamabhamuza,Unlock with bubbles,Vrijspelen met bubbels,Alternative call to action: open a character with collected nuts instead of money.,Localizable.xcstrings
tutorial.claw.step.1,new_key,af,Afrikaans,Push the joystick left or right to move the elephant.,Duw de pook naar links of rechts om de olifant te verplaatsen.,,,,Walkthrough: move the hanging elephant with the joystick.,Localizable.xcstrings
tutorial.claw.step.1,new_key,am,Amharic,Push the joystick left or right to move the elephant.,Duw de pook naar links of rechts om de olifant te verplaatsen.,,,,Walkthrough: move the hanging elephant with the joystick.,Localizable.xcstrings
tutorial.claw.step.1,new_key,ar,Arabic,Push the joystick left or right to move the elephant.,Duw de pook naar links of rechts om de olifant te verplaatsen.,,,,Walkthrough: move the hanging elephant with the joystick.,Localizable.xcstrings
tutorial.claw.step.1,new_key,as,Assamese,Push the joystick left or right to move the elephant.,Duw de pook naar links of rechts om de olifant te verplaatsen.,,,,Walkthrough: move the hanging elephant with the joystick.,Localizable.xcstrings
tutorial.claw.step.1,new_key,az,Azerbaijani,Push the joystick left or right to move the elephant.,Duw de pook naar links of rechts om de olifant te verplaatsen.,,,,Walkthrough: move the hanging elephant with the joystick.,Localizable.xcstrings
tutorial.claw.step.1,new_key,be,Belarusian,Push the joystick left or right to move the elephant.,Duw de pook naar links of rechts om de olifant te verplaatsen.,,,,Walkthrough: move the hanging elephant with the joystick.,Localizable.xcstrings
tutorial.claw.step.1,new_key,bg,Bulgarian,Push the joystick left or right to move the elephant.,Duw de pook naar links of rechts om de olifant te verplaatsen.,,,,Walkthrough: move the hanging elephant with the joystick.,Localizable.xcstrings
tutorial.claw.step.1,new_key,bn,Bengali,Push the joystick left or right to move the elephant.,Duw de pook naar links of rechts om de olifant te verplaatsen.,,,,Walkthrough: move the hanging elephant with the joystick.,Localizable.xcstrings
tutorial.claw.step.1,new_key,bo,Tibetan,Push the joystick left or right to move the elephant.,Duw de pook naar links of rechts om de olifant te verplaatsen.,,,,Walkthrough: move the hanging elephant with the joystick.,Localizable.xcstrings
tutorial.claw.step.1,new_key,bs,Bosnian,Push the joystick left or right to move the elephant.,Duw de pook naar links of rechts om de olifant te verplaatsen.,,,,Walkthrough: move the hanging elephant with the joystick.,Localizable.xcstrings
tutorial.claw.step.1,new_key,ca,Catalan,Push the joystick left or right to move the elephant.,Duw de pook naar links of rechts om de olifant te verplaatsen.,,,,Walkthrough: move the hanging elephant with the joystick.,Localizable.xcstrings
tutorial.claw.step.1,new_key,cs,Czech,Push the joystick left or right to move the elephant.,Duw de pook naar links of rechts om de olifant te verplaatsen.,,,,Walkthrough: move the hanging elephant with the joystick.,Localizable.xcstrings
tutorial.claw.step.1,new_key,cy,Welsh,Push the joystick left or right to move the elephant.,Duw de pook naar links of rechts om de olifant te verplaatsen.,,,,Walkthrough: move the hanging elephant with the joystick.,Localizable.xcstrings
tutorial.claw.step.1,new_key,da,Danish,Push the joystick left or right to move the elephant.,Duw de pook naar links of rechts om de olifant te verplaatsen.,,,,Walkthrough: move the hanging elephant with the joystick.,Localizable.xcstrings
tutorial.claw.step.1,new_key,de,German,Push the joystick left or right to move the elephant.,Duw de pook naar links of rechts om de olifant te verplaatsen.,,,,Walkthrough: move the hanging elephant with the joystick.,Localizable.xcstrings
tutorial.claw.step.1,new_key,el,Greek,Push the joystick left or right to move the elephant.,Duw de pook naar links of rechts om de olifant te verplaatsen.,,,,Walkthrough: move the hanging elephant with the joystick.,Localizable.xcstrings
tutorial.claw.step.1,new_key,es,Spanish,Push the joystick left or right to move the elephant.,Duw de pook naar links of rechts om de olifant te verplaatsen.,,,,Walkthrough: move the hanging elephant with the joystick.,Localizable.xcstrings
tutorial.claw.step.1,new_key,et,Estonian,Push the joystick left or right to move the elephant.,Duw de pook naar links of rechts om de olifant te verplaatsen.,,,,Walkthrough: move the hanging elephant with the joystick.,Localizable.xcstrings
tutorial.claw.step.1,new_key,eu,Basque,Push the joystick left or right to move the elephant.,Duw de pook naar links of rechts om de olifant te verplaatsen.,,,,Walkthrough: move the hanging elephant with the joystick.,Localizable.xcstrings
tutorial.claw.step.1,new_key,fa,Persian,Push the joystick left or right to move the elephant.,Duw de pook naar links of rechts om de olifant te verplaatsen.,,,,Walkthrough: move the hanging elephant with the joystick.,Localizable.xcstrings
tutorial.claw.step.1,new_key,fi,Finnish,Push the joystick left or right to move the elephant.,Duw de pook naar links of rechts om de olifant te verplaatsen.,,,,Walkthrough: move the hanging elephant with the joystick.,Localizable.xcstrings
tutorial.claw.step.1,new_key,fo,Faroese,Push the joystick left or right to move the elephant.,Duw de pook naar links of rechts om de olifant te verplaatsen.,,,,Walkthrough: move the hanging elephant with the joystick.,Localizable.xcstrings
tutorial.claw.step.1,new_key,fr,French,Push the joystick left or right to move the elephant.,Duw de pook naar links of rechts om de olifant te verplaatsen.,,,,Walkthrough: move the hanging elephant with the joystick.,Localizable.xcstrings
tutorial.claw.step.1,new_key,ga,Irish,Push the joystick left or right to move the elephant.,Duw de pook naar links of rechts om de olifant te verplaatsen.,,,,Walkthrough: move the hanging elephant with the joystick.,Localizable.xcstrings
tutorial.claw.step.1,new_key,gl,Galician,Push the joystick left or right to move the elephant.,Duw de pook naar links of rechts om de olifant te verplaatsen.,,,,Walkthrough: move the hanging elephant with the joystick.,Localizable.xcstrings
tutorial.claw.step.1,new_key,gu,Gujarati,Push the joystick left or right to move the elephant.,Duw de pook naar links of rechts om de olifant te verplaatsen.,,,,Walkthrough: move the hanging elephant with the joystick.,Localizable.xcstrings
tutorial.claw.step.1,new_key,he,Hebrew,Push the joystick left or right to move the elephant.,Duw de pook naar links of rechts om de olifant te verplaatsen.,,,,Walkthrough: move the hanging elephant with the joystick.,Localizable.xcstrings
tutorial.claw.step.1,new_key,hi,Hindi,Push the joystick left or right to move the elephant.,Duw de pook naar links of rechts om de olifant te verplaatsen.,,,,Walkthrough: move the hanging elephant with the joystick.,Localizable.xcstrings
tutorial.claw.step.1,new_key,hr,Croatian,Push the joystick left or right to move the elephant.,Duw de pook naar links of rechts om de olifant te verplaatsen.,,,,Walkthrough: move the hanging elephant with the joystick.,Localizable.xcstrings
tutorial.claw.step.1,new_key,hu,Hungarian,Push the joystick left or right to move the elephant.,Duw de pook naar links of rechts om de olifant te verplaatsen.,,,,Walkthrough: move the hanging elephant with the joystick.,Localizable.xcstrings
tutorial.claw.step.1,new_key,hy,Armenian,Push the joystick left or right to move the elephant.,Duw de pook naar links of rechts om de olifant te verplaatsen.,,,,Walkthrough: move the hanging elephant with the joystick.,Localizable.xcstrings
tutorial.claw.step.1,new_key,id,Indonesian,Push the joystick left or right to move the elephant.,Duw de pook naar links of rechts om de olifant te verplaatsen.,,,,Walkthrough: move the hanging elephant with the joystick.,Localizable.xcstrings
tutorial.claw.step.1,new_key,is,Icelandic,Push the joystick left or right to move the elephant.,Duw de pook naar links of rechts om de olifant te verplaatsen.,,,,Walkthrough: move the hanging elephant with the joystick.,Localizable.xcstrings
tutorial.claw.step.1,new_key,it,Italian,Push the joystick left or right to move the elephant.,Duw de pook naar links of rechts om de olifant te verplaatsen.,,,,Walkthrough: move the hanging elephant with the joystick.,Localizable.xcstrings
tutorial.claw.step.1,new_key,ja,Japanese,Push the joystick left or right to move the elephant.,Duw de pook naar links of rechts om de olifant te verplaatsen.,,,,Walkthrough: move the hanging elephant with the joystick.,Localizable.xcstrings
tutorial.claw.step.1,new_key,ka,Georgian,Push the joystick left or right to move the elephant.,Duw de pook naar links of rechts om de olifant te verplaatsen.,,,,Walkthrough: move the hanging elephant with the joystick.,Localizable.xcstrings
tutorial.claw.step.1,new_key,kk,Kazakh,Push the joystick left or right to move the elephant.,Duw de pook naar links of rechts om de olifant te verplaatsen.,,,,Walkthrough: move the hanging elephant with the joystick.,Localizable.xcstrings
tutorial.claw.step.1,new_key,km,Khmer,Push the joystick left or right to move the elephant.,Duw de pook naar links of rechts om de olifant te verplaatsen.,,,,Walkthrough: move the hanging elephant with the joystick.,Localizable.xcstrings
tutorial.claw.step.1,new_key,kn,Kannada,Push the joystick left or right to move the elephant.,Duw de pook naar links of rechts om de olifant te verplaatsen.,,,,Walkthrough: move the hanging elephant with the joystick.,Localizable.xcstrings
tutorial.claw.step.1,new_key,ko,Korean,Push the joystick left or right to move the elephant.,Duw de pook naar links of rechts om de olifant te verplaatsen.,,,,Walkthrough: move the hanging elephant with the joystick.,Localizable.xcstrings
tutorial.claw.step.1,new_key,lo,Lao,Push the joystick left or right to move the elephant.,Duw de pook naar links of rechts om de olifant te verplaatsen.,,,,Walkthrough: move the hanging elephant with the joystick.,Localizable.xcstrings
tutorial.claw.step.1,new_key,lt,Lithuanian,Push the joystick left or right to move the elephant.,Duw de pook naar links of rechts om de olifant te verplaatsen.,,,,Walkthrough: move the hanging elephant with the joystick.,Localizable.xcstrings
tutorial.claw.step.1,new_key,lv,Latvian,Push the joystick left or right to move the elephant.,Duw de pook naar links of rechts om de olifant te verplaatsen.,,,,Walkthrough: move the hanging elephant with the joystick.,Localizable.xcstrings
tutorial.claw.step.1,new_key,mk,Macedonian,Push the joystick left or right to move the elephant.,Duw de pook naar links of rechts om de olifant te verplaatsen.,,,,Walkthrough: move the hanging elephant with the joystick.,Localizable.xcstrings
tutorial.claw.step.1,new_key,ml,Malayalam,Push the joystick left or right to move the elephant.,Duw de pook naar links of rechts om de olifant te verplaatsen.,,,,Walkthrough: move the hanging elephant with the joystick.,Localizable.xcstrings
tutorial.claw.step.1,new_key,mn,Mongolian,Push the joystick left or right to move the elephant.,Duw de pook naar links of rechts om de olifant te verplaatsen.,,,,Walkthrough: move the hanging elephant with the joystick.,Localizable.xcstrings
tutorial.claw.step.1,new_key,mr,Marathi,Push the joystick left or right to move the elephant.,Duw de pook naar links of rechts om de olifant te verplaatsen.,,,,Walkthrough: move the hanging elephant with the joystick.,Localizable.xcstrings
tutorial.claw.step.1,new_key,ms,Malay,Push the joystick left or right to move the elephant.,Duw de pook naar links of rechts om de olifant te verplaatsen.,,,,Walkthrough: move the hanging elephant with the joystick.,Localizable.xcstrings
tutorial.claw.step.1,new_key,my,Burmese,Push the joystick left or right to move the elephant.,Duw de pook naar links of rechts om de olifant te verplaatsen.,,,,Walkthrough: move the hanging elephant with the joystick.,Localizable.xcstrings
tutorial.claw.step.1,new_key,nb,Norwegian,Push the joystick left or right to move the elephant.,Duw de pook naar links of rechts om de olifant te verplaatsen.,,,,Walkthrough: move the hanging elephant with the joystick.,Localizable.xcstrings
tutorial.claw.step.1,new_key,ne,Nepali,Push the joystick left or right to move the elephant.,Duw de pook naar links of rechts om de olifant te verplaatsen.,,,,Walkthrough: move the hanging elephant with the joystick.,Localizable.xcstrings
tutorial.claw.step.1,new_key,or,Odia,Push the joystick left or right to move the elephant.,Duw de pook naar links of rechts om de olifant te verplaatsen.,,,,Walkthrough: move the hanging elephant with the joystick.,Localizable.xcstrings
tutorial.claw.step.1,new_key,pa,Punjabi,Push the joystick left or right to move the elephant.,Duw de pook naar links of rechts om de olifant te verplaatsen.,,,,Walkthrough: move the hanging elephant with the joystick.,Localizable.xcstrings
tutorial.claw.step.1,new_key,pl,Polish,Push the joystick left or right to move the elephant.,Duw de pook naar links of rechts om de olifant te verplaatsen.,,,,Walkthrough: move the hanging elephant with the joystick.,Localizable.xcstrings
tutorial.claw.step.1,new_key,pt,Portuguese,Push the joystick left or right to move the elephant.,Duw de pook naar links of rechts om de olifant te verplaatsen.,,,,Walkthrough: move the hanging elephant with the joystick.,Localizable.xcstrings
tutorial.claw.step.1,new_key,ro,Romanian,Push the joystick left or right to move the elephant.,Duw de pook naar links of rechts om de olifant te verplaatsen.,,,,Walkthrough: move the hanging elephant with the joystick.,Localizable.xcstrings
tutorial.claw.step.1,new_key,ru,Russian,Push the joystick left or right to move the elephant.,Duw de pook naar links of rechts om de olifant te verplaatsen.,,,,Walkthrough: move the hanging elephant with the joystick.,Localizable.xcstrings
tutorial.claw.step.1,new_key,si,Sinhala,Push the joystick left or right to move the elephant.,Duw de pook naar links of rechts om de olifant te verplaatsen.,,,,Walkthrough: move the hanging elephant with the joystick.,Localizable.xcstrings
tutorial.claw.step.1,new_key,sk,Slovak,Push the joystick left or right to move the elephant.,Duw de pook naar links of rechts om de olifant te verplaatsen.,,,,Walkthrough: move the hanging elephant with the joystick.,Localizable.xcstrings
tutorial.claw.step.1,new_key,sl,Slovenian,Push the joystick left or right to move the elephant.,Duw de pook naar links of rechts om de olifant te verplaatsen.,,,,Walkthrough: move the hanging elephant with the joystick.,Localizable.xcstrings
tutorial.claw.step.1,new_key,sq,Albanian,Push the joystick left or right to move the elephant.,Duw de pook naar links of rechts om de olifant te verplaatsen.,,,,Walkthrough: move the hanging elephant with the joystick.,Localizable.xcstrings
tutorial.claw.step.1,new_key,sr,Serbian,Push the joystick left or right to move the elephant.,Duw de pook naar links of rechts om de olifant te verplaatsen.,,,,Walkthrough: move the hanging elephant with the joystick.,Localizable.xcstrings
tutorial.claw.step.1,new_key,sv,Swedish,Push the joystick left or right to move the elephant.,Duw de pook naar links of rechts om de olifant te verplaatsen.,,,,Walkthrough: move the hanging elephant with the joystick.,Localizable.xcstrings
tutorial.claw.step.1,new_key,sw,Swahili,Push the joystick left or right to move the elephant.,Duw de pook naar links of rechts om de olifant te verplaatsen.,,,,Walkthrough: move the hanging elephant with the joystick.,Localizable.xcstrings
tutorial.claw.step.1,new_key,ta,Tamil,Push the joystick left or right to move the elephant.,Duw de pook naar links of rechts om de olifant te verplaatsen.,,,,Walkthrough: move the hanging elephant with the joystick.,Localizable.xcstrings
tutorial.claw.step.1,new_key,te,Telugu,Push the joystick left or right to move the elephant.,Duw de pook naar links of rechts om de olifant te verplaatsen.,,,,Walkthrough: move the hanging elephant with the joystick.,Localizable.xcstrings
tutorial.claw.step.1,new_key,th,Thai,Push the joystick left or right to move the elephant.,Duw de pook naar links of rechts om de olifant te verplaatsen.,,,,Walkthrough: move the hanging elephant with the joystick.,Localizable.xcstrings
tutorial.claw.step.1,new_key,tr,Turkish,Push the joystick left or right to move the elephant.,Duw de pook naar links of rechts om de olifant te verplaatsen.,,,,Walkthrough: move the hanging elephant with the joystick.,Localizable.xcstrings
tutorial.claw.step.1,new_key,ug,Uyghur,Push the joystick left or right to move the elephant.,Duw de pook naar links of rechts om de olifant te verplaatsen.,,,,Walkthrough: move the hanging elephant with the joystick.,Localizable.xcstrings
tutorial.claw.step.1,new_key,uk,Ukrainian,Push the joystick left or right to move the elephant.,Duw de pook naar links of rechts om de olifant te verplaatsen.,,,,Walkthrough: move the hanging elephant with the joystick.,Localizable.xcstrings
tutorial.claw.step.1,new_key,ur,Urdu,Push the joystick left or right to move the elephant.,Duw de pook naar links of rechts om de olifant te verplaatsen.,,,,Walkthrough: move the hanging elephant with the joystick.,Localizable.xcstrings
tutorial.claw.step.1,new_key,uz,Uzbek,Push the joystick left or right to move the elephant.,Duw de pook naar links of rechts om de olifant te verplaatsen.,,,,Walkthrough: move the hanging elephant with the joystick.,Localizable.xcstrings
tutorial.claw.step.1,new_key,vi,Vietnamese,Push the joystick left or right to move the elephant.,Duw de pook naar links of rechts om de olifant te verplaatsen.,,,,Walkthrough: move the hanging elephant with the joystick.,Localizable.xcstrings
tutorial.claw.step.1,new_key,zh,Chinese,Push the joystick left or right to move the elephant.,Duw de pook naar links of rechts om de olifant te verplaatsen.,,,,Walkthrough: move the hanging elephant with the joystick.,Localizable.xcstrings
tutorial.claw.step.1,new_key,zu,Zulu,Push the joystick left or right to move the elephant.,Duw de pook naar links of rechts om de olifant te verplaatsen.,,,,Walkthrough: move the hanging elephant with the joystick.,Localizable.xcstrings
tutorial.claw.step.10,new_key,af,Afrikaans,Grab another correct nut to raise your score even further.,Pak nog een goede noot om je score verder omhoog te brengen.,,,,Claw walkthrough step 3: collect another correct nut while the score display is highlighted.,Localizable.xcstrings
tutorial.claw.step.10,new_key,am,Amharic,Grab another correct nut to raise your score even further.,Pak nog een goede noot om je score verder omhoog te brengen.,,,,Claw walkthrough step 3: collect another correct nut while the score display is highlighted.,Localizable.xcstrings
tutorial.claw.step.10,new_key,ar,Arabic,Grab another correct nut to raise your score even further.,Pak nog een goede noot om je score verder omhoog te brengen.,,,,Claw walkthrough step 3: collect another correct nut while the score display is highlighted.,Localizable.xcstrings
tutorial.claw.step.10,new_key,as,Assamese,Grab another correct nut to raise your score even further.,Pak nog een goede noot om je score verder omhoog te brengen.,,,,Claw walkthrough step 3: collect another correct nut while the score display is highlighted.,Localizable.xcstrings
tutorial.claw.step.10,new_key,az,Azerbaijani,Grab another correct nut to raise your score even further.,Pak nog een goede noot om je score verder omhoog te brengen.,,,,Claw walkthrough step 3: collect another correct nut while the score display is highlighted.,Localizable.xcstrings
tutorial.claw.step.10,new_key,be,Belarusian,Grab another correct nut to raise your score even further.,Pak nog een goede noot om je score verder omhoog te brengen.,,,,Claw walkthrough step 3: collect another correct nut while the score display is highlighted.,Localizable.xcstrings
tutorial.claw.step.10,new_key,bg,Bulgarian,Grab another correct nut to raise your score even further.,Pak nog een goede noot om je score verder omhoog te brengen.,,,,Claw walkthrough step 3: collect another correct nut while the score display is highlighted.,Localizable.xcstrings
tutorial.claw.step.10,new_key,bn,Bengali,Grab another correct nut to raise your score even further.,Pak nog een goede noot om je score verder omhoog te brengen.,,,,Claw walkthrough step 3: collect another correct nut while the score display is highlighted.,Localizable.xcstrings
tutorial.claw.step.10,new_key,bo,Tibetan,Grab another correct nut to raise your score even further.,Pak nog een goede noot om je score verder omhoog te brengen.,,,,Claw walkthrough step 3: collect another correct nut while the score display is highlighted.,Localizable.xcstrings
tutorial.claw.step.10,new_key,bs,Bosnian,Grab another correct nut to raise your score even further.,Pak nog een goede noot om je score verder omhoog te brengen.,,,,Claw walkthrough step 3: collect another correct nut while the score display is highlighted.,Localizable.xcstrings
tutorial.claw.step.10,new_key,ca,Catalan,Grab another correct nut to raise your score even further.,Pak nog een goede noot om je score verder omhoog te brengen.,,,,Claw walkthrough step 3: collect another correct nut while the score display is highlighted.,Localizable.xcstrings
tutorial.claw.step.10,new_key,cs,Czech,Grab another correct nut to raise your score even further.,Pak nog een goede noot om je score verder omhoog te brengen.,,,,Claw walkthrough step 3: collect another correct nut while the score display is highlighted.,Localizable.xcstrings
tutorial.claw.step.10,new_key,cy,Welsh,Grab another correct nut to raise your score even further.,Pak nog een goede noot om je score verder omhoog te brengen.,,,,Claw walkthrough step 3: collect another correct nut while the score display is highlighted.,Localizable.xcstrings
tutorial.claw.step.10,new_key,da,Danish,Grab another correct nut to raise your score even further.,Pak nog een goede noot om je score verder omhoog te brengen.,,,,Claw walkthrough step 3: collect another correct nut while the score display is highlighted.,Localizable.xcstrings
tutorial.claw.step.10,new_key,de,German,Grab another correct nut to raise your score even further.,Pak nog een goede noot om je score verder omhoog te brengen.,,,,Claw walkthrough step 3: collect another correct nut while the score display is highlighted.,Localizable.xcstrings
tutorial.claw.step.10,new_key,el,Greek,Grab another correct nut to raise your score even further.,Pak nog een goede noot om je score verder omhoog te brengen.,,,,Claw walkthrough step 3: collect another correct nut while the score display is highlighted.,Localizable.xcstrings
tutorial.claw.step.10,new_key,es,Spanish,Grab another correct nut to raise your score even further.,Pak nog een goede noot om je score verder omhoog te brengen.,,,,Claw walkthrough step 3: collect another correct nut while the score display is highlighted.,Localizable.xcstrings
tutorial.claw.step.10,new_key,et,Estonian,Grab another correct nut to raise your score even further.,Pak nog een goede noot om je score verder omhoog te brengen.,,,,Claw walkthrough step 3: collect another correct nut while the score display is highlighted.,Localizable.xcstrings
tutorial.claw.step.10,new_key,eu,Basque,Grab another correct nut to raise your score even further.,Pak nog een goede noot om je score verder omhoog te brengen.,,,,Claw walkthrough step 3: collect another correct nut while the score display is highlighted.,Localizable.xcstrings
tutorial.claw.step.10,new_key,fa,Persian,Grab another correct nut to raise your score even further.,Pak nog een goede noot om je score verder omhoog te brengen.,,,,Claw walkthrough step 3: collect another correct nut while the score display is highlighted.,Localizable.xcstrings
tutorial.claw.step.10,new_key,fi,Finnish,Grab another correct nut to raise your score even further.,Pak nog een goede noot om je score verder omhoog te brengen.,,,,Claw walkthrough step 3: collect another correct nut while the score display is highlighted.,Localizable.xcstrings
tutorial.claw.step.10,new_key,fo,Faroese,Grab another correct nut to raise your score even further.,Pak nog een goede noot om je score verder omhoog te brengen.,,,,Claw walkthrough step 3: collect another correct nut while the score display is highlighted.,Localizable.xcstrings
tutorial.claw.step.10,new_key,fr,French,Grab another correct nut to raise your score even further.,Pak nog een goede noot om je score verder omhoog te brengen.,,,,Claw walkthrough step 3: collect another correct nut while the score display is highlighted.,Localizable.xcstrings
tutorial.claw.step.10,new_key,ga,Irish,Grab another correct nut to raise your score even further.,Pak nog een goede noot om je score verder omhoog te brengen.,,,,Claw walkthrough step 3: collect another correct nut while the score display is highlighted.,Localizable.xcstrings
tutorial.claw.step.10,new_key,gl,Galician,Grab another correct nut to raise your score even further.,Pak nog een goede noot om je score verder omhoog te brengen.,,,,Claw walkthrough step 3: collect another correct nut while the score display is highlighted.,Localizable.xcstrings
tutorial.claw.step.10,new_key,gu,Gujarati,Grab another correct nut to raise your score even further.,Pak nog een goede noot om je score verder omhoog te brengen.,,,,Claw walkthrough step 3: collect another correct nut while the score display is highlighted.,Localizable.xcstrings
tutorial.claw.step.10,new_key,he,Hebrew,Grab another correct nut to raise your score even further.,Pak nog een goede noot om je score verder omhoog te brengen.,,,,Claw walkthrough step 3: collect another correct nut while the score display is highlighted.,Localizable.xcstrings
tutorial.claw.step.10,new_key,hi,Hindi,Grab another correct nut to raise your score even further.,Pak nog een goede noot om je score verder omhoog te brengen.,,,,Claw walkthrough step 3: collect another correct nut while the score display is highlighted.,Localizable.xcstrings
tutorial.claw.step.10,new_key,hr,Croatian,Grab another correct nut to raise your score even further.,Pak nog een goede noot om je score verder omhoog te brengen.,,,,Claw walkthrough step 3: collect another correct nut while the score display is highlighted.,Localizable.xcstrings
tutorial.claw.step.10,new_key,hu,Hungarian,Grab another correct nut to raise your score even further.,Pak nog een goede noot om je score verder omhoog te brengen.,,,,Claw walkthrough step 3: collect another correct nut while the score display is highlighted.,Localizable.xcstrings
tutorial.claw.step.10,new_key,hy,Armenian,Grab another correct nut to raise your score even further.,Pak nog een goede noot om je score verder omhoog te brengen.,,,,Claw walkthrough step 3: collect another correct nut while the score display is highlighted.,Localizable.xcstrings
tutorial.claw.step.10,new_key,id,Indonesian,Grab another correct nut to raise your score even further.,Pak nog een goede noot om je score verder omhoog te brengen.,,,,Claw walkthrough step 3: collect another correct nut while the score display is highlighted.,Localizable.xcstrings
tutorial.claw.step.10,new_key,is,Icelandic,Grab another correct nut to raise your score even further.,Pak nog een goede noot om je score verder omhoog te brengen.,,,,Claw walkthrough step 3: collect another correct nut while the score display is highlighted.,Localizable.xcstrings
tutorial.claw.step.10,new_key,it,Italian,Grab another correct nut to raise your score even further.,Pak nog een goede noot om je score verder omhoog te brengen.,,,,Claw walkthrough step 3: collect another correct nut while the score display is highlighted.,Localizable.xcstrings
tutorial.claw.step.10,new_key,ja,Japanese,Grab another correct nut to raise your score even further.,Pak nog een goede noot om je score verder omhoog te brengen.,,,,Claw walkthrough step 3: collect another correct nut while the score display is highlighted.,Localizable.xcstrings
tutorial.claw.step.10,new_key,ka,Georgian,Grab another correct nut to raise your score even further.,Pak nog een goede noot om je score verder omhoog te brengen.,,,,Claw walkthrough step 3: collect another correct nut while the score display is highlighted.,Localizable.xcstrings
tutorial.claw.step.10,new_key,kk,Kazakh,Grab another correct nut to raise your score even further.,Pak nog een goede noot om je score verder omhoog te brengen.,,,,Claw walkthrough step 3: collect another correct nut while the score display is highlighted.,Localizable.xcstrings
tutorial.claw.step.10,new_key,km,Khmer,Grab another correct nut to raise your score even further.,Pak nog een goede noot om je score verder omhoog te brengen.,,,,Claw walkthrough step 3: collect another correct nut while the score display is highlighted.,Localizable.xcstrings
tutorial.claw.step.10,new_key,kn,Kannada,Grab another correct nut to raise your score even further.,Pak nog een goede noot om je score verder omhoog te brengen.,,,,Claw walkthrough step 3: collect another correct nut while the score display is highlighted.,Localizable.xcstrings
tutorial.claw.step.10,new_key,ko,Korean,Grab another correct nut to raise your score even further.,Pak nog een goede noot om je score verder omhoog te brengen.,,,,Claw walkthrough step 3: collect another correct nut while the score display is highlighted.,Localizable.xcstrings
tutorial.claw.step.10,new_key,lo,Lao,Grab another correct nut to raise your score even further.,Pak nog een goede noot om je score verder omhoog te brengen.,,,,Claw walkthrough step 3: collect another correct nut while the score display is highlighted.,Localizable.xcstrings
tutorial.claw.step.10,new_key,lt,Lithuanian,Grab another correct nut to raise your score even further.,Pak nog een goede noot om je score verder omhoog te brengen.,,,,Claw walkthrough step 3: collect another correct nut while the score display is highlighted.,Localizable.xcstrings
tutorial.claw.step.10,new_key,lv,Latvian,Grab another correct nut to raise your score even further.,Pak nog een goede noot om je score verder omhoog te brengen.,,,,Claw walkthrough step 3: collect another correct nut while the score display is highlighted.,Localizable.xcstrings
tutorial.claw.step.10,new_key,mk,Macedonian,Grab another correct nut to raise your score even further.,Pak nog een goede noot om je score verder omhoog te brengen.,,,,Claw walkthrough step 3: collect another correct nut while the score display is highlighted.,Localizable.xcstrings
tutorial.claw.step.10,new_key,ml,Malayalam,Grab another correct nut to raise your score even further.,Pak nog een goede noot om je score verder omhoog te brengen.,,,,Claw walkthrough step 3: collect another correct nut while the score display is highlighted.,Localizable.xcstrings
tutorial.claw.step.10,new_key,mn,Mongolian,Grab another correct nut to raise your score even further.,Pak nog een goede noot om je score verder omhoog te brengen.,,,,Claw walkthrough step 3: collect another correct nut while the score display is highlighted.,Localizable.xcstrings
tutorial.claw.step.10,new_key,mr,Marathi,Grab another correct nut to raise your score even further.,Pak nog een goede noot om je score verder omhoog te brengen.,,,,Claw walkthrough step 3: collect another correct nut while the score display is highlighted.,Localizable.xcstrings
tutorial.claw.step.10,new_key,ms,Malay,Grab another correct nut to raise your score even further.,Pak nog een goede noot om je score verder omhoog te brengen.,,,,Claw walkthrough step 3: collect another correct nut while the score display is highlighted.,Localizable.xcstrings
tutorial.claw.step.10,new_key,my,Burmese,Grab another correct nut to raise your score even further.,Pak nog een goede noot om je score verder omhoog te brengen.,,,,Claw walkthrough step 3: collect another correct nut while the score display is highlighted.,Localizable.xcstrings
tutorial.claw.step.10,new_key,nb,Norwegian,Grab another correct nut to raise your score even further.,Pak nog een goede noot om je score verder omhoog te brengen.,,,,Claw walkthrough step 3: collect another correct nut while the score display is highlighted.,Localizable.xcstrings
tutorial.claw.step.10,new_key,ne,Nepali,Grab another correct nut to raise your score even further.,Pak nog een goede noot om je score verder omhoog te brengen.,,,,Claw walkthrough step 3: collect another correct nut while the score display is highlighted.,Localizable.xcstrings
tutorial.claw.step.10,new_key,or,Odia,Grab another correct nut to raise your score even further.,Pak nog een goede noot om je score verder omhoog te brengen.,,,,Claw walkthrough step 3: collect another correct nut while the score display is highlighted.,Localizable.xcstrings
tutorial.claw.step.10,new_key,pa,Punjabi,Grab another correct nut to raise your score even further.,Pak nog een goede noot om je score verder omhoog te brengen.,,,,Claw walkthrough step 3: collect another correct nut while the score display is highlighted.,Localizable.xcstrings
tutorial.claw.step.10,new_key,pl,Polish,Grab another correct nut to raise your score even further.,Pak nog een goede noot om je score verder omhoog te brengen.,,,,Claw walkthrough step 3: collect another correct nut while the score display is highlighted.,Localizable.xcstrings
tutorial.claw.step.10,new_key,pt,Portuguese,Grab another correct nut to raise your score even further.,Pak nog een goede noot om je score verder omhoog te brengen.,,,,Claw walkthrough step 3: collect another correct nut while the score display is highlighted.,Localizable.xcstrings
tutorial.claw.step.10,new_key,ro,Romanian,Grab another correct nut to raise your score even further.,Pak nog een goede noot om je score verder omhoog te brengen.,,,,Claw walkthrough step 3: collect another correct nut while the score display is highlighted.,Localizable.xcstrings
tutorial.claw.step.10,new_key,ru,Russian,Grab another correct nut to raise your score even further.,Pak nog een goede noot om je score verder omhoog te brengen.,,,,Claw walkthrough step 3: collect another correct nut while the score display is highlighted.,Localizable.xcstrings
tutorial.claw.step.10,new_key,si,Sinhala,Grab another correct nut to raise your score even further.,Pak nog een goede noot om je score verder omhoog te brengen.,,,,Claw walkthrough step 3: collect another correct nut while the score display is highlighted.,Localizable.xcstrings
tutorial.claw.step.10,new_key,sk,Slovak,Grab another correct nut to raise your score even further.,Pak nog een goede noot om je score verder omhoog te brengen.,,,,Claw walkthrough step 3: collect another correct nut while the score display is highlighted.,Localizable.xcstrings
tutorial.claw.step.10,new_key,sl,Slovenian,Grab another correct nut to raise your score even further.,Pak nog een goede noot om je score verder omhoog te brengen.,,,,Claw walkthrough step 3: collect another correct nut while the score display is highlighted.,Localizable.xcstrings
tutorial.claw.step.10,new_key,sq,Albanian,Grab another correct nut to raise your score even further.,Pak nog een goede noot om je score verder omhoog te brengen.,,,,Claw walkthrough step 3: collect another correct nut while the score display is highlighted.,Localizable.xcstrings
tutorial.claw.step.10,new_key,sr,Serbian,Grab another correct nut to raise your score even further.,Pak nog een goede noot om je score verder omhoog te brengen.,,,,Claw walkthrough step 3: collect another correct nut while the score display is highlighted.,Localizable.xcstrings
tutorial.claw.step.10,new_key,sv,Swedish,Grab another correct nut to raise your score even further.,Pak nog een goede noot om je score verder omhoog te brengen.,,,,Claw walkthrough step 3: collect another correct nut while the score display is highlighted.,Localizable.xcstrings
tutorial.claw.step.10,new_key,sw,Swahili,Grab another correct nut to raise your score even further.,Pak nog een goede noot om je score verder omhoog te brengen.,,,,Claw walkthrough step 3: collect another correct nut while the score display is highlighted.,Localizable.xcstrings
tutorial.claw.step.10,new_key,ta,Tamil,Grab another correct nut to raise your score even further.,Pak nog een goede noot om je score verder omhoog te brengen.,,,,Claw walkthrough step 3: collect another correct nut while the score display is highlighted.,Localizable.xcstrings
tutorial.claw.step.10,new_key,te,Telugu,Grab another correct nut to raise your score even further.,Pak nog een goede noot om je score verder omhoog te brengen.,,,,Claw walkthrough step 3: collect another correct nut while the score display is highlighted.,Localizable.xcstrings
tutorial.claw.step.10,new_key,th,Thai,Grab another correct nut to raise your score even further.,Pak nog een goede noot om je score verder omhoog te brengen.,,,,Claw walkthrough step 3: collect another correct nut while the score display is highlighted.,Localizable.xcstrings
tutorial.claw.step.10,new_key,tr,Turkish,Grab another correct nut to raise your score even further.,Pak nog een goede noot om je score verder omhoog te brengen.,,,,Claw walkthrough step 3: collect another correct nut while the score display is highlighted.,Localizable.xcstrings
tutorial.claw.step.10,new_key,ug,Uyghur,Grab another correct nut to raise your score even further.,Pak nog een goede noot om je score verder omhoog te brengen.,,,,Claw walkthrough step 3: collect another correct nut while the score display is highlighted.,Localizable.xcstrings
tutorial.claw.step.10,new_key,uk,Ukrainian,Grab another correct nut to raise your score even further.,Pak nog een goede noot om je score verder omhoog te brengen.,,,,Claw walkthrough step 3: collect another correct nut while the score display is highlighted.,Localizable.xcstrings
tutorial.claw.step.10,new_key,ur,Urdu,Grab another correct nut to raise your score even further.,Pak nog een goede noot om je score verder omhoog te brengen.,,,,Claw walkthrough step 3: collect another correct nut while the score display is highlighted.,Localizable.xcstrings
tutorial.claw.step.10,new_key,uz,Uzbek,Grab another correct nut to raise your score even further.,Pak nog een goede noot om je score verder omhoog te brengen.,,,,Claw walkthrough step 3: collect another correct nut while the score display is highlighted.,Localizable.xcstrings
tutorial.claw.step.10,new_key,vi,Vietnamese,Grab another correct nut to raise your score even further.,Pak nog een goede noot om je score verder omhoog te brengen.,,,,Claw walkthrough step 3: collect another correct nut while the score display is highlighted.,Localizable.xcstrings
tutorial.claw.step.10,new_key,zh,Chinese,Grab another correct nut to raise your score even further.,Pak nog een goede noot om je score verder omhoog te brengen.,,,,Claw walkthrough step 3: collect another correct nut while the score display is highlighted.,Localizable.xcstrings
tutorial.claw.step.10,new_key,zu,Zulu,Grab another correct nut to raise your score even further.,Pak nog een goede noot om je score verder omhoog te brengen.,,,,Claw walkthrough step 3: collect another correct nut while the score display is highlighted.,Localizable.xcstrings
tutorial.claw.step.11,new_key,af,Afrikaans,"In every level, you get 10 seconds for each nut you need to collect. Good luck—you can do it!","Je krijgt in elk level 10 seconden voor elke noot die je moet verzamelen. Succes, je kunt het!",,,,Claw walkthrough step 4: explain the per-nut time allowance while the frozen timer is highlighted for five seconds.,Localizable.xcstrings
tutorial.claw.step.11,new_key,am,Amharic,"In every level, you get 10 seconds for each nut you need to collect. Good luck—you can do it!","Je krijgt in elk level 10 seconden voor elke noot die je moet verzamelen. Succes, je kunt het!",,,,Claw walkthrough step 4: explain the per-nut time allowance while the frozen timer is highlighted for five seconds.,Localizable.xcstrings
tutorial.claw.step.11,new_key,ar,Arabic,"In every level, you get 10 seconds for each nut you need to collect. Good luck—you can do it!","Je krijgt in elk level 10 seconden voor elke noot die je moet verzamelen. Succes, je kunt het!",,,,Claw walkthrough step 4: explain the per-nut time allowance while the frozen timer is highlighted for five seconds.,Localizable.xcstrings
tutorial.claw.step.11,new_key,as,Assamese,"In every level, you get 10 seconds for each nut you need to collect. Good luck—you can do it!","Je krijgt in elk level 10 seconden voor elke noot die je moet verzamelen. Succes, je kunt het!",,,,Claw walkthrough step 4: explain the per-nut time allowance while the frozen timer is highlighted for five seconds.,Localizable.xcstrings
tutorial.claw.step.11,new_key,az,Azerbaijani,"In every level, you get 10 seconds for each nut you need to collect. Good luck—you can do it!","Je krijgt in elk level 10 seconden voor elke noot die je moet verzamelen. Succes, je kunt het!",,,,Claw walkthrough step 4: explain the per-nut time allowance while the frozen timer is highlighted for five seconds.,Localizable.xcstrings
tutorial.claw.step.11,new_key,be,Belarusian,"In every level, you get 10 seconds for each nut you need to collect. Good luck—you can do it!","Je krijgt in elk level 10 seconden voor elke noot die je moet verzamelen. Succes, je kunt het!",,,,Claw walkthrough step 4: explain the per-nut time allowance while the frozen timer is highlighted for five seconds.,Localizable.xcstrings
tutorial.claw.step.11,new_key,bg,Bulgarian,"In every level, you get 10 seconds for each nut you need to collect. Good luck—you can do it!","Je krijgt in elk level 10 seconden voor elke noot die je moet verzamelen. Succes, je kunt het!",,,,Claw walkthrough step 4: explain the per-nut time allowance while the frozen timer is highlighted for five seconds.,Localizable.xcstrings
tutorial.claw.step.11,new_key,bn,Bengali,"In every level, you get 10 seconds for each nut you need to collect. Good luck—you can do it!","Je krijgt in elk level 10 seconden voor elke noot die je moet verzamelen. Succes, je kunt het!",,,,Claw walkthrough step 4: explain the per-nut time allowance while the frozen timer is highlighted for five seconds.,Localizable.xcstrings
tutorial.claw.step.11,new_key,bo,Tibetan,"In every level, you get 10 seconds for each nut you need to collect. Good luck—you can do it!","Je krijgt in elk level 10 seconden voor elke noot die je moet verzamelen. Succes, je kunt het!",,,,Claw walkthrough step 4: explain the per-nut time allowance while the frozen timer is highlighted for five seconds.,Localizable.xcstrings
tutorial.claw.step.11,new_key,bs,Bosnian,"In every level, you get 10 seconds for each nut you need to collect. Good luck—you can do it!","Je krijgt in elk level 10 seconden voor elke noot die je moet verzamelen. Succes, je kunt het!",,,,Claw walkthrough step 4: explain the per-nut time allowance while the frozen timer is highlighted for five seconds.,Localizable.xcstrings
tutorial.claw.step.11,new_key,ca,Catalan,"In every level, you get 10 seconds for each nut you need to collect. Good luck—you can do it!","Je krijgt in elk level 10 seconden voor elke noot die je moet verzamelen. Succes, je kunt het!",,,,Claw walkthrough step 4: explain the per-nut time allowance while the frozen timer is highlighted for five seconds.,Localizable.xcstrings
tutorial.claw.step.11,new_key,cs,Czech,"In every level, you get 10 seconds for each nut you need to collect. Good luck—you can do it!","Je krijgt in elk level 10 seconden voor elke noot die je moet verzamelen. Succes, je kunt het!",,,,Claw walkthrough step 4: explain the per-nut time allowance while the frozen timer is highlighted for five seconds.,Localizable.xcstrings
tutorial.claw.step.11,new_key,cy,Welsh,"In every level, you get 10 seconds for each nut you need to collect. Good luck—you can do it!","Je krijgt in elk level 10 seconden voor elke noot die je moet verzamelen. Succes, je kunt het!",,,,Claw walkthrough step 4: explain the per-nut time allowance while the frozen timer is highlighted for five seconds.,Localizable.xcstrings
tutorial.claw.step.11,new_key,da,Danish,"In every level, you get 10 seconds for each nut you need to collect. Good luck—you can do it!","Je krijgt in elk level 10 seconden voor elke noot die je moet verzamelen. Succes, je kunt het!",,,,Claw walkthrough step 4: explain the per-nut time allowance while the frozen timer is highlighted for five seconds.,Localizable.xcstrings
tutorial.claw.step.11,new_key,de,German,"In every level, you get 10 seconds for each nut you need to collect. Good luck—you can do it!","Je krijgt in elk level 10 seconden voor elke noot die je moet verzamelen. Succes, je kunt het!",,,,Claw walkthrough step 4: explain the per-nut time allowance while the frozen timer is highlighted for five seconds.,Localizable.xcstrings
tutorial.claw.step.11,new_key,el,Greek,"In every level, you get 10 seconds for each nut you need to collect. Good luck—you can do it!","Je krijgt in elk level 10 seconden voor elke noot die je moet verzamelen. Succes, je kunt het!",,,,Claw walkthrough step 4: explain the per-nut time allowance while the frozen timer is highlighted for five seconds.,Localizable.xcstrings
tutorial.claw.step.11,new_key,es,Spanish,"In every level, you get 10 seconds for each nut you need to collect. Good luck—you can do it!","Je krijgt in elk level 10 seconden voor elke noot die je moet verzamelen. Succes, je kunt het!",,,,Claw walkthrough step 4: explain the per-nut time allowance while the frozen timer is highlighted for five seconds.,Localizable.xcstrings
tutorial.claw.step.11,new_key,et,Estonian,"In every level, you get 10 seconds for each nut you need to collect. Good luck—you can do it!","Je krijgt in elk level 10 seconden voor elke noot die je moet verzamelen. Succes, je kunt het!",,,,Claw walkthrough step 4: explain the per-nut time allowance while the frozen timer is highlighted for five seconds.,Localizable.xcstrings
tutorial.claw.step.11,new_key,eu,Basque,"In every level, you get 10 seconds for each nut you need to collect. Good luck—you can do it!","Je krijgt in elk level 10 seconden voor elke noot die je moet verzamelen. Succes, je kunt het!",,,,Claw walkthrough step 4: explain the per-nut time allowance while the frozen timer is highlighted for five seconds.,Localizable.xcstrings
tutorial.claw.step.11,new_key,fa,Persian,"In every level, you get 10 seconds for each nut you need to collect. Good luck—you can do it!","Je krijgt in elk level 10 seconden voor elke noot die je moet verzamelen. Succes, je kunt het!",,,,Claw walkthrough step 4: explain the per-nut time allowance while the frozen timer is highlighted for five seconds.,Localizable.xcstrings
tutorial.claw.step.11,new_key,fi,Finnish,"In every level, you get 10 seconds for each nut you need to collect. Good luck—you can do it!","Je krijgt in elk level 10 seconden voor elke noot die je moet verzamelen. Succes, je kunt het!",,,,Claw walkthrough step 4: explain the per-nut time allowance while the frozen timer is highlighted for five seconds.,Localizable.xcstrings
tutorial.claw.step.11,new_key,fo,Faroese,"In every level, you get 10 seconds for each nut you need to collect. Good luck—you can do it!","Je krijgt in elk level 10 seconden voor elke noot die je moet verzamelen. Succes, je kunt het!",,,,Claw walkthrough step 4: explain the per-nut time allowance while the frozen timer is highlighted for five seconds.,Localizable.xcstrings
tutorial.claw.step.11,new_key,fr,French,"In every level, you get 10 seconds for each nut you need to collect. Good luck—you can do it!","Je krijgt in elk level 10 seconden voor elke noot die je moet verzamelen. Succes, je kunt het!",,,,Claw walkthrough step 4: explain the per-nut time allowance while the frozen timer is highlighted for five seconds.,Localizable.xcstrings
tutorial.claw.step.11,new_key,ga,Irish,"In every level, you get 10 seconds for each nut you need to collect. Good luck—you can do it!","Je krijgt in elk level 10 seconden voor elke noot die je moet verzamelen. Succes, je kunt het!",,,,Claw walkthrough step 4: explain the per-nut time allowance while the frozen timer is highlighted for five seconds.,Localizable.xcstrings
tutorial.claw.step.11,new_key,gl,Galician,"In every level, you get 10 seconds for each nut you need to collect. Good luck—you can do it!","Je krijgt in elk level 10 seconden voor elke noot die je moet verzamelen. Succes, je kunt het!",,,,Claw walkthrough step 4: explain the per-nut time allowance while the frozen timer is highlighted for five seconds.,Localizable.xcstrings
tutorial.claw.step.11,new_key,gu,Gujarati,"In every level, you get 10 seconds for each nut you need to collect. Good luck—you can do it!","Je krijgt in elk level 10 seconden voor elke noot die je moet verzamelen. Succes, je kunt het!",,,,Claw walkthrough step 4: explain the per-nut time allowance while the frozen timer is highlighted for five seconds.,Localizable.xcstrings
tutorial.claw.step.11,new_key,he,Hebrew,"In every level, you get 10 seconds for each nut you need to collect. Good luck—you can do it!","Je krijgt in elk level 10 seconden voor elke noot die je moet verzamelen. Succes, je kunt het!",,,,Claw walkthrough step 4: explain the per-nut time allowance while the frozen timer is highlighted for five seconds.,Localizable.xcstrings
tutorial.claw.step.11,new_key,hi,Hindi,"In every level, you get 10 seconds for each nut you need to collect. Good luck—you can do it!","Je krijgt in elk level 10 seconden voor elke noot die je moet verzamelen. Succes, je kunt het!",,,,Claw walkthrough step 4: explain the per-nut time allowance while the frozen timer is highlighted for five seconds.,Localizable.xcstrings
tutorial.claw.step.11,new_key,hr,Croatian,"In every level, you get 10 seconds for each nut you need to collect. Good luck—you can do it!","Je krijgt in elk level 10 seconden voor elke noot die je moet verzamelen. Succes, je kunt het!",,,,Claw walkthrough step 4: explain the per-nut time allowance while the frozen timer is highlighted for five seconds.,Localizable.xcstrings
tutorial.claw.step.11,new_key,hu,Hungarian,"In every level, you get 10 seconds for each nut you need to collect. Good luck—you can do it!","Je krijgt in elk level 10 seconden voor elke noot die je moet verzamelen. Succes, je kunt het!",,,,Claw walkthrough step 4: explain the per-nut time allowance while the frozen timer is highlighted for five seconds.,Localizable.xcstrings
tutorial.claw.step.11,new_key,hy,Armenian,"In every level, you get 10 seconds for each nut you need to collect. Good luck—you can do it!","Je krijgt in elk level 10 seconden voor elke noot die je moet verzamelen. Succes, je kunt het!",,,,Claw walkthrough step 4: explain the per-nut time allowance while the frozen timer is highlighted for five seconds.,Localizable.xcstrings
tutorial.claw.step.11,new_key,id,Indonesian,"In every level, you get 10 seconds for each nut you need to collect. Good luck—you can do it!","Je krijgt in elk level 10 seconden voor elke noot die je moet verzamelen. Succes, je kunt het!",,,,Claw walkthrough step 4: explain the per-nut time allowance while the frozen timer is highlighted for five seconds.,Localizable.xcstrings
tutorial.claw.step.11,new_key,is,Icelandic,"In every level, you get 10 seconds for each nut you need to collect. Good luck—you can do it!","Je krijgt in elk level 10 seconden voor elke noot die je moet verzamelen. Succes, je kunt het!",,,,Claw walkthrough step 4: explain the per-nut time allowance while the frozen timer is highlighted for five seconds.,Localizable.xcstrings
tutorial.claw.step.11,new_key,it,Italian,"In every level, you get 10 seconds for each nut you need to collect. Good luck—you can do it!","Je krijgt in elk level 10 seconden voor elke noot die je moet verzamelen. Succes, je kunt het!",,,,Claw walkthrough step 4: explain the per-nut time allowance while the frozen timer is highlighted for five seconds.,Localizable.xcstrings
tutorial.claw.step.11,new_key,ja,Japanese,"In every level, you get 10 seconds for each nut you need to collect. Good luck—you can do it!","Je krijgt in elk level 10 seconden voor elke noot die je moet verzamelen. Succes, je kunt het!",,,,Claw walkthrough step 4: explain the per-nut time allowance while the frozen timer is highlighted for five seconds.,Localizable.xcstrings
tutorial.claw.step.11,new_key,ka,Georgian,"In every level, you get 10 seconds for each nut you need to collect. Good luck—you can do it!","Je krijgt in elk level 10 seconden voor elke noot die je moet verzamelen. Succes, je kunt het!",,,,Claw walkthrough step 4: explain the per-nut time allowance while the frozen timer is highlighted for five seconds.,Localizable.xcstrings
tutorial.claw.step.11,new_key,kk,Kazakh,"In every level, you get 10 seconds for each nut you need to collect. Good luck—you can do it!","Je krijgt in elk level 10 seconden voor elke noot die je moet verzamelen. Succes, je kunt het!",,,,Claw walkthrough step 4: explain the per-nut time allowance while the frozen timer is highlighted for five seconds.,Localizable.xcstrings
tutorial.claw.step.11,new_key,km,Khmer,"In every level, you get 10 seconds for each nut you need to collect. Good luck—you can do it!","Je krijgt in elk level 10 seconden voor elke noot die je moet verzamelen. Succes, je kunt het!",,,,Claw walkthrough step 4: explain the per-nut time allowance while the frozen timer is highlighted for five seconds.,Localizable.xcstrings
tutorial.claw.step.11,new_key,kn,Kannada,"In every level, you get 10 seconds for each nut you need to collect. Good luck—you can do it!","Je krijgt in elk level 10 seconden voor elke noot die je moet verzamelen. Succes, je kunt het!",,,,Claw walkthrough step 4: explain the per-nut time allowance while the frozen timer is highlighted for five seconds.,Localizable.xcstrings
tutorial.claw.step.11,new_key,ko,Korean,"In every level, you get 10 seconds for each nut you need to collect. Good luck—you can do it!","Je krijgt in elk level 10 seconden voor elke noot die je moet verzamelen. Succes, je kunt het!",,,,Claw walkthrough step 4: explain the per-nut time allowance while the frozen timer is highlighted for five seconds.,Localizable.xcstrings
tutorial.claw.step.11,new_key,lo,Lao,"In every level, you get 10 seconds for each nut you need to collect. Good luck—you can do it!","Je krijgt in elk level 10 seconden voor elke noot die je moet verzamelen. Succes, je kunt het!",,,,Claw walkthrough step 4: explain the per-nut time allowance while the frozen timer is highlighted for five seconds.,Localizable.xcstrings
tutorial.claw.step.11,new_key,lt,Lithuanian,"In every level, you get 10 seconds for each nut you need to collect. Good luck—you can do it!","Je krijgt in elk level 10 seconden voor elke noot die je moet verzamelen. Succes, je kunt het!",,,,Claw walkthrough step 4: explain the per-nut time allowance while the frozen timer is highlighted for five seconds.,Localizable.xcstrings
tutorial.claw.step.11,new_key,lv,Latvian,"In every level, you get 10 seconds for each nut you need to collect. Good luck—you can do it!","Je krijgt in elk level 10 seconden voor elke noot die je moet verzamelen. Succes, je kunt het!",,,,Claw walkthrough step 4: explain the per-nut time allowance while the frozen timer is highlighted for five seconds.,Localizable.xcstrings
tutorial.claw.step.11,new_key,mk,Macedonian,"In every level, you get 10 seconds for each nut you need to collect. Good luck—you can do it!","Je krijgt in elk level 10 seconden voor elke noot die je moet verzamelen. Succes, je kunt het!",,,,Claw walkthrough step 4: explain the per-nut time allowance while the frozen timer is highlighted for five seconds.,Localizable.xcstrings
tutorial.claw.step.11,new_key,ml,Malayalam,"In every level, you get 10 seconds for each nut you need to collect. Good luck—you can do it!","Je krijgt in elk level 10 seconden voor elke noot die je moet verzamelen. Succes, je kunt het!",,,,Claw walkthrough step 4: explain the per-nut time allowance while the frozen timer is highlighted for five seconds.,Localizable.xcstrings
tutorial.claw.step.11,new_key,mn,Mongolian,"In every level, you get 10 seconds for each nut you need to collect. Good luck—you can do it!","Je krijgt in elk level 10 seconden voor elke noot die je moet verzamelen. Succes, je kunt het!",,,,Claw walkthrough step 4: explain the per-nut time allowance while the frozen timer is highlighted for five seconds.,Localizable.xcstrings
tutorial.claw.step.11,new_key,mr,Marathi,"In every level, you get 10 seconds for each nut you need to collect. Good luck—you can do it!","Je krijgt in elk level 10 seconden voor elke noot die je moet verzamelen. Succes, je kunt het!",,,,Claw walkthrough step 4: explain the per-nut time allowance while the frozen timer is highlighted for five seconds.,Localizable.xcstrings
tutorial.claw.step.11,new_key,ms,Malay,"In every level, you get 10 seconds for each nut you need to collect. Good luck—you can do it!","Je krijgt in elk level 10 seconden voor elke noot die je moet verzamelen. Succes, je kunt het!",,,,Claw walkthrough step 4: explain the per-nut time allowance while the frozen timer is highlighted for five seconds.,Localizable.xcstrings
tutorial.claw.step.11,new_key,my,Burmese,"In every level, you get 10 seconds for each nut you need to collect. Good luck—you can do it!","Je krijgt in elk level 10 seconden voor elke noot die je moet verzamelen. Succes, je kunt het!",,,,Claw walkthrough step 4: explain the per-nut time allowance while the frozen timer is highlighted for five seconds.,Localizable.xcstrings
tutorial.claw.step.11,new_key,nb,Norwegian,"In every level, you get 10 seconds for each nut you need to collect. Good luck—you can do it!","Je krijgt in elk level 10 seconden voor elke noot die je moet verzamelen. Succes, je kunt het!",,,,Claw walkthrough step 4: explain the per-nut time allowance while the frozen timer is highlighted for five seconds.,Localizable.xcstrings
tutorial.claw.step.11,new_key,ne,Nepali,"In every level, you get 10 seconds for each nut you need to collect. Good luck—you can do it!","Je krijgt in elk level 10 seconden voor elke noot die je moet verzamelen. Succes, je kunt het!",,,,Claw walkthrough step 4: explain the per-nut time allowance while the frozen timer is highlighted for five seconds.,Localizable.xcstrings
tutorial.claw.step.11,new_key,or,Odia,"In every level, you get 10 seconds for each nut you need to collect. Good luck—you can do it!","Je krijgt in elk level 10 seconden voor elke noot die je moet verzamelen. Succes, je kunt het!",,,,Claw walkthrough step 4: explain the per-nut time allowance while the frozen timer is highlighted for five seconds.,Localizable.xcstrings
tutorial.claw.step.11,new_key,pa,Punjabi,"In every level, you get 10 seconds for each nut you need to collect. Good luck—you can do it!","Je krijgt in elk level 10 seconden voor elke noot die je moet verzamelen. Succes, je kunt het!",,,,Claw walkthrough step 4: explain the per-nut time allowance while the frozen timer is highlighted for five seconds.,Localizable.xcstrings
tutorial.claw.step.11,new_key,pl,Polish,"In every level, you get 10 seconds for each nut you need to collect. Good luck—you can do it!","Je krijgt in elk level 10 seconden voor elke noot die je moet verzamelen. Succes, je kunt het!",,,,Claw walkthrough step 4: explain the per-nut time allowance while the frozen timer is highlighted for five seconds.,Localizable.xcstrings
tutorial.claw.step.11,new_key,pt,Portuguese,"In every level, you get 10 seconds for each nut you need to collect. Good luck—you can do it!","Je krijgt in elk level 10 seconden voor elke noot die je moet verzamelen. Succes, je kunt het!",,,,Claw walkthrough step 4: explain the per-nut time allowance while the frozen timer is highlighted for five seconds.,Localizable.xcstrings
tutorial.claw.step.11,new_key,ro,Romanian,"In every level, you get 10 seconds for each nut you need to collect. Good luck—you can do it!","Je krijgt in elk level 10 seconden voor elke noot die je moet verzamelen. Succes, je kunt het!",,,,Claw walkthrough step 4: explain the per-nut time allowance while the frozen timer is highlighted for five seconds.,Localizable.xcstrings
tutorial.claw.step.11,new_key,ru,Russian,"In every level, you get 10 seconds for each nut you need to collect. Good luck—you can do it!","Je krijgt in elk level 10 seconden voor elke noot die je moet verzamelen. Succes, je kunt het!",,,,Claw walkthrough step 4: explain the per-nut time allowance while the frozen timer is highlighted for five seconds.,Localizable.xcstrings
tutorial.claw.step.11,new_key,si,Sinhala,"In every level, you get 10 seconds for each nut you need to collect. Good luck—you can do it!","Je krijgt in elk level 10 seconden voor elke noot die je moet verzamelen. Succes, je kunt het!",,,,Claw walkthrough step 4: explain the per-nut time allowance while the frozen timer is highlighted for five seconds.,Localizable.xcstrings
tutorial.claw.step.11,new_key,sk,Slovak,"In every level, you get 10 seconds for each nut you need to collect. Good luck—you can do it!","Je krijgt in elk level 10 seconden voor elke noot die je moet verzamelen. Succes, je kunt het!",,,,Claw walkthrough step 4: explain the per-nut time allowance while the frozen timer is highlighted for five seconds.,Localizable.xcstrings
tutorial.claw.step.11,new_key,sl,Slovenian,"In every level, you get 10 seconds for each nut you need to collect. Good luck—you can do it!","Je krijgt in elk level 10 seconden voor elke noot die je moet verzamelen. Succes, je kunt het!",,,,Claw walkthrough step 4: explain the per-nut time allowance while the frozen timer is highlighted for five seconds.,Localizable.xcstrings
tutorial.claw.step.11,new_key,sq,Albanian,"In every level, you get 10 seconds for each nut you need to collect. Good luck—you can do it!","Je krijgt in elk level 10 seconden voor elke noot die je moet verzamelen. Succes, je kunt het!",,,,Claw walkthrough step 4: explain the per-nut time allowance while the frozen timer is highlighted for five seconds.,Localizable.xcstrings
tutorial.claw.step.11,new_key,sr,Serbian,"In every level, you get 10 seconds for each nut you need to collect. Good luck—you can do it!","Je krijgt in elk level 10 seconden voor elke noot die je moet verzamelen. Succes, je kunt het!",,,,Claw walkthrough step 4: explain the per-nut time allowance while the frozen timer is highlighted for five seconds.,Localizable.xcstrings
tutorial.claw.step.11,new_key,sv,Swedish,"In every level, you get 10 seconds for each nut you need to collect. Good luck—you can do it!","Je krijgt in elk level 10 seconden voor elke noot die je moet verzamelen. Succes, je kunt het!",,,,Claw walkthrough step 4: explain the per-nut time allowance while the frozen timer is highlighted for five seconds.,Localizable.xcstrings
tutorial.claw.step.11,new_key,sw,Swahili,"In every level, you get 10 seconds for each nut you need to collect. Good luck—you can do it!","Je krijgt in elk level 10 seconden voor elke noot die je moet verzamelen. Succes, je kunt het!",,,,Claw walkthrough step 4: explain the per-nut time allowance while the frozen timer is highlighted for five seconds.,Localizable.xcstrings
tutorial.claw.step.11,new_key,ta,Tamil,"In every level, you get 10 seconds for each nut you need to collect. Good luck—you can do it!","Je krijgt in elk level 10 seconden voor elke noot die je moet verzamelen. Succes, je kunt het!",,,,Claw walkthrough step 4: explain the per-nut time allowance while the frozen timer is highlighted for five seconds.,Localizable.xcstrings
tutorial.claw.step.11,new_key,te,Telugu,"In every level, you get 10 seconds for each nut you need to collect. Good luck—you can do it!","Je krijgt in elk level 10 seconden voor elke noot die je moet verzamelen. Succes, je kunt het!",,,,Claw walkthrough step 4: explain the per-nut time allowance while the frozen timer is highlighted for five seconds.,Localizable.xcstrings
tutorial.claw.step.11,new_key,th,Thai,"In every level, you get 10 seconds for each nut you need to collect. Good luck—you can do it!","Je krijgt in elk level 10 seconden voor elke noot die je moet verzamelen. Succes, je kunt het!",,,,Claw walkthrough step 4: explain the per-nut time allowance while the frozen timer is highlighted for five seconds.,Localizable.xcstrings
tutorial.claw.step.11,new_key,tr,Turkish,"In every level, you get 10 seconds for each nut you need to collect. Good luck—you can do it!","Je krijgt in elk level 10 seconden voor elke noot die je moet verzamelen. Succes, je kunt het!",,,,Claw walkthrough step 4: explain the per-nut time allowance while the frozen timer is highlighted for five seconds.,Localizable.xcstrings
tutorial.claw.step.11,new_key,ug,Uyghur,"In every level, you get 10 seconds for each nut you need to collect. Good luck—you can do it!","Je krijgt in elk level 10 seconden voor elke noot die je moet verzamelen. Succes, je kunt het!",,,,Claw walkthrough step 4: explain the per-nut time allowance while the frozen timer is highlighted for five seconds.,Localizable.xcstrings
tutorial.claw.step.11,new_key,uk,Ukrainian,"In every level, you get 10 seconds for each nut you need to collect. Good luck—you can do it!","Je krijgt in elk level 10 seconden voor elke noot die je moet verzamelen. Succes, je kunt het!",,,,Claw walkthrough step 4: explain the per-nut time allowance while the frozen timer is highlighted for five seconds.,Localizable.xcstrings
tutorial.claw.step.11,new_key,ur,Urdu,"In every level, you get 10 seconds for each nut you need to collect. Good luck—you can do it!","Je krijgt in elk level 10 seconden voor elke noot die je moet verzamelen. Succes, je kunt het!",,,,Claw walkthrough step 4: explain the per-nut time allowance while the frozen timer is highlighted for five seconds.,Localizable.xcstrings
tutorial.claw.step.11,new_key,uz,Uzbek,"In every level, you get 10 seconds for each nut you need to collect. Good luck—you can do it!","Je krijgt in elk level 10 seconden voor elke noot die je moet verzamelen. Succes, je kunt het!",,,,Claw walkthrough step 4: explain the per-nut time allowance while the frozen timer is highlighted for five seconds.,Localizable.xcstrings
tutorial.claw.step.11,new_key,vi,Vietnamese,"In every level, you get 10 seconds for each nut you need to collect. Good luck—you can do it!","Je krijgt in elk level 10 seconden voor elke noot die je moet verzamelen. Succes, je kunt het!",,,,Claw walkthrough step 4: explain the per-nut time allowance while the frozen timer is highlighted for five seconds.,Localizable.xcstrings
tutorial.claw.step.11,new_key,zh,Chinese,"In every level, you get 10 seconds for each nut you need to collect. Good luck—you can do it!","Je krijgt in elk level 10 seconden voor elke noot die je moet verzamelen. Succes, je kunt het!",,,,Claw walkthrough step 4: explain the per-nut time allowance while the frozen timer is highlighted for five seconds.,Localizable.xcstrings
tutorial.claw.step.11,new_key,zu,Zulu,"In every level, you get 10 seconds for each nut you need to collect. Good luck—you can do it!","Je krijgt in elk level 10 seconden voor elke noot die je moet verzamelen. Succes, je kunt het!",,,,Claw walkthrough step 4: explain the per-nut time allowance while the frozen timer is highlighted for five seconds.,Localizable.xcstrings
tutorial.claw.step.3,new_key,af,Afrikaans,Press GRAB to pick the nut that matches the sum.,Druk op PAK en pak de noot die bij de som past.,,,,Walkthrough: grab the nut that matches the sum.,Localizable.xcstrings
tutorial.claw.step.3,new_key,am,Amharic,Press GRAB to pick the nut that matches the sum.,Druk op PAK en pak de noot die bij de som past.,,,,Walkthrough: grab the nut that matches the sum.,Localizable.xcstrings
tutorial.claw.step.3,new_key,ar,Arabic,Press GRAB to pick the nut that matches the sum.,Druk op PAK en pak de noot die bij de som past.,,,,Walkthrough: grab the nut that matches the sum.,Localizable.xcstrings
tutorial.claw.step.3,new_key,as,Assamese,Press GRAB to pick the nut that matches the sum.,Druk op PAK en pak de noot die bij de som past.,,,,Walkthrough: grab the nut that matches the sum.,Localizable.xcstrings
tutorial.claw.step.3,new_key,az,Azerbaijani,Press GRAB to pick the nut that matches the sum.,Druk op PAK en pak de noot die bij de som past.,,,,Walkthrough: grab the nut that matches the sum.,Localizable.xcstrings
tutorial.claw.step.3,new_key,be,Belarusian,Press GRAB to pick the nut that matches the sum.,Druk op PAK en pak de noot die bij de som past.,,,,Walkthrough: grab the nut that matches the sum.,Localizable.xcstrings
tutorial.claw.step.3,new_key,bg,Bulgarian,Press GRAB to pick the nut that matches the sum.,Druk op PAK en pak de noot die bij de som past.,,,,Walkthrough: grab the nut that matches the sum.,Localizable.xcstrings
tutorial.claw.step.3,new_key,bn,Bengali,Press GRAB to pick the nut that matches the sum.,Druk op PAK en pak de noot die bij de som past.,,,,Walkthrough: grab the nut that matches the sum.,Localizable.xcstrings
tutorial.claw.step.3,new_key,bo,Tibetan,Press GRAB to pick the nut that matches the sum.,Druk op PAK en pak de noot die bij de som past.,,,,Walkthrough: grab the nut that matches the sum.,Localizable.xcstrings
tutorial.claw.step.3,new_key,bs,Bosnian,Press GRAB to pick the nut that matches the sum.,Druk op PAK en pak de noot die bij de som past.,,,,Walkthrough: grab the nut that matches the sum.,Localizable.xcstrings
tutorial.claw.step.3,new_key,ca,Catalan,Press GRAB to pick the nut that matches the sum.,Druk op PAK en pak de noot die bij de som past.,,,,Walkthrough: grab the nut that matches the sum.,Localizable.xcstrings
tutorial.claw.step.3,new_key,cs,Czech,Press GRAB to pick the nut that matches the sum.,Druk op PAK en pak de noot die bij de som past.,,,,Walkthrough: grab the nut that matches the sum.,Localizable.xcstrings
tutorial.claw.step.3,new_key,cy,Welsh,Press GRAB to pick the nut that matches the sum.,Druk op PAK en pak de noot die bij de som past.,,,,Walkthrough: grab the nut that matches the sum.,Localizable.xcstrings
tutorial.claw.step.3,new_key,da,Danish,Press GRAB to pick the nut that matches the sum.,Druk op PAK en pak de noot die bij de som past.,,,,Walkthrough: grab the nut that matches the sum.,Localizable.xcstrings
tutorial.claw.step.3,new_key,de,German,Press GRAB to pick the nut that matches the sum.,Druk op PAK en pak de noot die bij de som past.,,,,Walkthrough: grab the nut that matches the sum.,Localizable.xcstrings
tutorial.claw.step.3,new_key,el,Greek,Press GRAB to pick the nut that matches the sum.,Druk op PAK en pak de noot die bij de som past.,,,,Walkthrough: grab the nut that matches the sum.,Localizable.xcstrings
tutorial.claw.step.3,new_key,es,Spanish,Press GRAB to pick the nut that matches the sum.,Druk op PAK en pak de noot die bij de som past.,,,,Walkthrough: grab the nut that matches the sum.,Localizable.xcstrings
tutorial.claw.step.3,new_key,et,Estonian,Press GRAB to pick the nut that matches the sum.,Druk op PAK en pak de noot die bij de som past.,,,,Walkthrough: grab the nut that matches the sum.,Localizable.xcstrings
tutorial.claw.step.3,new_key,eu,Basque,Press GRAB to pick the nut that matches the sum.,Druk op PAK en pak de noot die bij de som past.,,,,Walkthrough: grab the nut that matches the sum.,Localizable.xcstrings
tutorial.claw.step.3,new_key,fa,Persian,Press GRAB to pick the nut that matches the sum.,Druk op PAK en pak de noot die bij de som past.,,,,Walkthrough: grab the nut that matches the sum.,Localizable.xcstrings
tutorial.claw.step.3,new_key,fi,Finnish,Press GRAB to pick the nut that matches the sum.,Druk op PAK en pak de noot die bij de som past.,,,,Walkthrough: grab the nut that matches the sum.,Localizable.xcstrings
tutorial.claw.step.3,new_key,fo,Faroese,Press GRAB to pick the nut that matches the sum.,Druk op PAK en pak de noot die bij de som past.,,,,Walkthrough: grab the nut that matches the sum.,Localizable.xcstrings
tutorial.claw.step.3,new_key,fr,French,Press GRAB to pick the nut that matches the sum.,Druk op PAK en pak de noot die bij de som past.,,,,Walkthrough: grab the nut that matches the sum.,Localizable.xcstrings
tutorial.claw.step.3,new_key,ga,Irish,Press GRAB to pick the nut that matches the sum.,Druk op PAK en pak de noot die bij de som past.,,,,Walkthrough: grab the nut that matches the sum.,Localizable.xcstrings
tutorial.claw.step.3,new_key,gl,Galician,Press GRAB to pick the nut that matches the sum.,Druk op PAK en pak de noot die bij de som past.,,,,Walkthrough: grab the nut that matches the sum.,Localizable.xcstrings
tutorial.claw.step.3,new_key,gu,Gujarati,Press GRAB to pick the nut that matches the sum.,Druk op PAK en pak de noot die bij de som past.,,,,Walkthrough: grab the nut that matches the sum.,Localizable.xcstrings
tutorial.claw.step.3,new_key,he,Hebrew,Press GRAB to pick the nut that matches the sum.,Druk op PAK en pak de noot die bij de som past.,,,,Walkthrough: grab the nut that matches the sum.,Localizable.xcstrings
tutorial.claw.step.3,new_key,hi,Hindi,Press GRAB to pick the nut that matches the sum.,Druk op PAK en pak de noot die bij de som past.,,,,Walkthrough: grab the nut that matches the sum.,Localizable.xcstrings
tutorial.claw.step.3,new_key,hr,Croatian,Press GRAB to pick the nut that matches the sum.,Druk op PAK en pak de noot die bij de som past.,,,,Walkthrough: grab the nut that matches the sum.,Localizable.xcstrings
tutorial.claw.step.3,new_key,hu,Hungarian,Press GRAB to pick the nut that matches the sum.,Druk op PAK en pak de noot die bij de som past.,,,,Walkthrough: grab the nut that matches the sum.,Localizable.xcstrings
tutorial.claw.step.3,new_key,hy,Armenian,Press GRAB to pick the nut that matches the sum.,Druk op PAK en pak de noot die bij de som past.,,,,Walkthrough: grab the nut that matches the sum.,Localizable.xcstrings
tutorial.claw.step.3,new_key,id,Indonesian,Press GRAB to pick the nut that matches the sum.,Druk op PAK en pak de noot die bij de som past.,,,,Walkthrough: grab the nut that matches the sum.,Localizable.xcstrings
tutorial.claw.step.3,new_key,is,Icelandic,Press GRAB to pick the nut that matches the sum.,Druk op PAK en pak de noot die bij de som past.,,,,Walkthrough: grab the nut that matches the sum.,Localizable.xcstrings
tutorial.claw.step.3,new_key,it,Italian,Press GRAB to pick the nut that matches the sum.,Druk op PAK en pak de noot die bij de som past.,,,,Walkthrough: grab the nut that matches the sum.,Localizable.xcstrings
tutorial.claw.step.3,new_key,ja,Japanese,Press GRAB to pick the nut that matches the sum.,Druk op PAK en pak de noot die bij de som past.,,,,Walkthrough: grab the nut that matches the sum.,Localizable.xcstrings
tutorial.claw.step.3,new_key,ka,Georgian,Press GRAB to pick the nut that matches the sum.,Druk op PAK en pak de noot die bij de som past.,,,,Walkthrough: grab the nut that matches the sum.,Localizable.xcstrings
tutorial.claw.step.3,new_key,kk,Kazakh,Press GRAB to pick the nut that matches the sum.,Druk op PAK en pak de noot die bij de som past.,,,,Walkthrough: grab the nut that matches the sum.,Localizable.xcstrings
tutorial.claw.step.3,new_key,km,Khmer,Press GRAB to pick the nut that matches the sum.,Druk op PAK en pak de noot die bij de som past.,,,,Walkthrough: grab the nut that matches the sum.,Localizable.xcstrings
tutorial.claw.step.3,new_key,kn,Kannada,Press GRAB to pick the nut that matches the sum.,Druk op PAK en pak de noot die bij de som past.,,,,Walkthrough: grab the nut that matches the sum.,Localizable.xcstrings
tutorial.claw.step.3,new_key,ko,Korean,Press GRAB to pick the nut that matches the sum.,Druk op PAK en pak de noot die bij de som past.,,,,Walkthrough: grab the nut that matches the sum.,Localizable.xcstrings
tutorial.claw.step.3,new_key,lo,Lao,Press GRAB to pick the nut that matches the sum.,Druk op PAK en pak de noot die bij de som past.,,,,Walkthrough: grab the nut that matches the sum.,Localizable.xcstrings
tutorial.claw.step.3,new_key,lt,Lithuanian,Press GRAB to pick the nut that matches the sum.,Druk op PAK en pak de noot die bij de som past.,,,,Walkthrough: grab the nut that matches the sum.,Localizable.xcstrings
tutorial.claw.step.3,new_key,lv,Latvian,Press GRAB to pick the nut that matches the sum.,Druk op PAK en pak de noot die bij de som past.,,,,Walkthrough: grab the nut that matches the sum.,Localizable.xcstrings
tutorial.claw.step.3,new_key,mk,Macedonian,Press GRAB to pick the nut that matches the sum.,Druk op PAK en pak de noot die bij de som past.,,,,Walkthrough: grab the nut that matches the sum.,Localizable.xcstrings
tutorial.claw.step.3,new_key,ml,Malayalam,Press GRAB to pick the nut that matches the sum.,Druk op PAK en pak de noot die bij de som past.,,,,Walkthrough: grab the nut that matches the sum.,Localizable.xcstrings
tutorial.claw.step.3,new_key,mn,Mongolian,Press GRAB to pick the nut that matches the sum.,Druk op PAK en pak de noot die bij de som past.,,,,Walkthrough: grab the nut that matches the sum.,Localizable.xcstrings
tutorial.claw.step.3,new_key,mr,Marathi,Press GRAB to pick the nut that matches the sum.,Druk op PAK en pak de noot die bij de som past.,,,,Walkthrough: grab the nut that matches the sum.,Localizable.xcstrings
tutorial.claw.step.3,new_key,ms,Malay,Press GRAB to pick the nut that matches the sum.,Druk op PAK en pak de noot die bij de som past.,,,,Walkthrough: grab the nut that matches the sum.,Localizable.xcstrings
tutorial.claw.step.3,new_key,my,Burmese,Press GRAB to pick the nut that matches the sum.,Druk op PAK en pak de noot die bij de som past.,,,,Walkthrough: grab the nut that matches the sum.,Localizable.xcstrings
tutorial.claw.step.3,new_key,nb,Norwegian,Press GRAB to pick the nut that matches the sum.,Druk op PAK en pak de noot die bij de som past.,,,,Walkthrough: grab the nut that matches the sum.,Localizable.xcstrings
tutorial.claw.step.3,new_key,ne,Nepali,Press GRAB to pick the nut that matches the sum.,Druk op PAK en pak de noot die bij de som past.,,,,Walkthrough: grab the nut that matches the sum.,Localizable.xcstrings
tutorial.claw.step.3,new_key,or,Odia,Press GRAB to pick the nut that matches the sum.,Druk op PAK en pak de noot die bij de som past.,,,,Walkthrough: grab the nut that matches the sum.,Localizable.xcstrings
tutorial.claw.step.3,new_key,pa,Punjabi,Press GRAB to pick the nut that matches the sum.,Druk op PAK en pak de noot die bij de som past.,,,,Walkthrough: grab the nut that matches the sum.,Localizable.xcstrings
tutorial.claw.step.3,new_key,pl,Polish,Press GRAB to pick the nut that matches the sum.,Druk op PAK en pak de noot die bij de som past.,,,,Walkthrough: grab the nut that matches the sum.,Localizable.xcstrings
tutorial.claw.step.3,new_key,pt,Portuguese,Press GRAB to pick the nut that matches the sum.,Druk op PAK en pak de noot die bij de som past.,,,,Walkthrough: grab the nut that matches the sum.,Localizable.xcstrings
tutorial.claw.step.3,new_key,ro,Romanian,Press GRAB to pick the nut that matches the sum.,Druk op PAK en pak de noot die bij de som past.,,,,Walkthrough: grab the nut that matches the sum.,Localizable.xcstrings
tutorial.claw.step.3,new_key,ru,Russian,Press GRAB to pick the nut that matches the sum.,Druk op PAK en pak de noot die bij de som past.,,,,Walkthrough: grab the nut that matches the sum.,Localizable.xcstrings
tutorial.claw.step.3,new_key,si,Sinhala,Press GRAB to pick the nut that matches the sum.,Druk op PAK en pak de noot die bij de som past.,,,,Walkthrough: grab the nut that matches the sum.,Localizable.xcstrings
tutorial.claw.step.3,new_key,sk,Slovak,Press GRAB to pick the nut that matches the sum.,Druk op PAK en pak de noot die bij de som past.,,,,Walkthrough: grab the nut that matches the sum.,Localizable.xcstrings
tutorial.claw.step.3,new_key,sl,Slovenian,Press GRAB to pick the nut that matches the sum.,Druk op PAK en pak de noot die bij de som past.,,,,Walkthrough: grab the nut that matches the sum.,Localizable.xcstrings
tutorial.claw.step.3,new_key,sq,Albanian,Press GRAB to pick the nut that matches the sum.,Druk op PAK en pak de noot die bij de som past.,,,,Walkthrough: grab the nut that matches the sum.,Localizable.xcstrings
tutorial.claw.step.3,new_key,sr,Serbian,Press GRAB to pick the nut that matches the sum.,Druk op PAK en pak de noot die bij de som past.,,,,Walkthrough: grab the nut that matches the sum.,Localizable.xcstrings
tutorial.claw.step.3,new_key,sv,Swedish,Press GRAB to pick the nut that matches the sum.,Druk op PAK en pak de noot die bij de som past.,,,,Walkthrough: grab the nut that matches the sum.,Localizable.xcstrings
tutorial.claw.step.3,new_key,sw,Swahili,Press GRAB to pick the nut that matches the sum.,Druk op PAK en pak de noot die bij de som past.,,,,Walkthrough: grab the nut that matches the sum.,Localizable.xcstrings
tutorial.claw.step.3,new_key,ta,Tamil,Press GRAB to pick the nut that matches the sum.,Druk op PAK en pak de noot die bij de som past.,,,,Walkthrough: grab the nut that matches the sum.,Localizable.xcstrings
tutorial.claw.step.3,new_key,te,Telugu,Press GRAB to pick the nut that matches the sum.,Druk op PAK en pak de noot die bij de som past.,,,,Walkthrough: grab the nut that matches the sum.,Localizable.xcstrings
tutorial.claw.step.3,new_key,th,Thai,Press GRAB to pick the nut that matches the sum.,Druk op PAK en pak de noot die bij de som past.,,,,Walkthrough: grab the nut that matches the sum.,Localizable.xcstrings
tutorial.claw.step.3,new_key,tr,Turkish,Press GRAB to pick the nut that matches the sum.,Druk op PAK en pak de noot die bij de som past.,,,,Walkthrough: grab the nut that matches the sum.,Localizable.xcstrings
tutorial.claw.step.3,new_key,ug,Uyghur,Press GRAB to pick the nut that matches the sum.,Druk op PAK en pak de noot die bij de som past.,,,,Walkthrough: grab the nut that matches the sum.,Localizable.xcstrings
tutorial.claw.step.3,new_key,uk,Ukrainian,Press GRAB to pick the nut that matches the sum.,Druk op PAK en pak de noot die bij de som past.,,,,Walkthrough: grab the nut that matches the sum.,Localizable.xcstrings
tutorial.claw.step.3,new_key,ur,Urdu,Press GRAB to pick the nut that matches the sum.,Druk op PAK en pak de noot die bij de som past.,,,,Walkthrough: grab the nut that matches the sum.,Localizable.xcstrings
tutorial.claw.step.3,new_key,uz,Uzbek,Press GRAB to pick the nut that matches the sum.,Druk op PAK en pak de noot die bij de som past.,,,,Walkthrough: grab the nut that matches the sum.,Localizable.xcstrings
tutorial.claw.step.3,new_key,vi,Vietnamese,Press GRAB to pick the nut that matches the sum.,Druk op PAK en pak de noot die bij de som past.,,,,Walkthrough: grab the nut that matches the sum.,Localizable.xcstrings
tutorial.claw.step.3,new_key,zh,Chinese,Press GRAB to pick the nut that matches the sum.,Druk op PAK en pak de noot die bij de som past.,,,,Walkthrough: grab the nut that matches the sum.,Localizable.xcstrings
tutorial.claw.step.3,new_key,zu,Zulu,Press GRAB to pick the nut that matches the sum.,Druk op PAK en pak de noot die bij de som past.,,,,Walkthrough: grab the nut that matches the sum.,Localizable.xcstrings
tutorial.notice.message,en_nl_changed,af,Afrikaans,The tutorial can start until you earn your first point. Start a new game to try it.,Je kunt de tutorial starten totdat je je eerste punt haalt. Begin een nieuw spel om hem te proberen.,Jy speel reeds hierdie vlak. Maak dit klaar of begin 'n nuwe speletjie en tik dan weer op die hoedjie vir die tutoriaal.,"You are already playing this level. Finish it or start a new game, then tap the cap again to play the tutorial.",Je bent dit level al aan het spelen. Maak het af of begin een nieuw spel en tik dan opnieuw op het hoedje om de tutorial te spelen.,Body of the note shown when the walkthrough cannot be armed because the player has already earned a point. Explains what to do instead.,Localizable.xcstrings
tutorial.notice.message,en_nl_changed,am,Amharic,The tutorial can start until you earn your first point. Start a new game to try it.,Je kunt de tutorial starten totdat je je eerste punt haalt. Begin een nieuw spel om hem te proberen.,ይህን ደረጃ እየተጫወትክ ነው። ጨርሰው ወይም አዲስ ጨዋታ ጀምር፣ ከዚያ መማሪያውን ለመጫወት ኮፍያውን እንደገና ንካ።,"You are already playing this level. Finish it or start a new game, then tap the cap again to play the tutorial.",Je bent dit level al aan het spelen. Maak het af of begin een nieuw spel en tik dan opnieuw op het hoedje om de tutorial te spelen.,Body of the note shown when the walkthrough cannot be armed because the player has already earned a point. Explains what to do instead.,Localizable.xcstrings
tutorial.notice.message,en_nl_changed,ar,Arabic,The tutorial can start until you earn your first point. Start a new game to try it.,Je kunt de tutorial starten totdat je je eerste punt haalt. Begin een nieuw spel om hem te proberen.,أنت تلعب هذا المستوى بالفعل. أنهِه أو ابدأ لعبة جديدة، ثم اضغط القبعة مجددًا لتشغيل التدريب.,"You are already playing this level. Finish it or start a new game, then tap the cap again to play the tutorial.",Je bent dit level al aan het spelen. Maak het af of begin een nieuw spel en tik dan opnieuw op het hoedje om de tutorial te spelen.,Body of the note shown when the walkthrough cannot be armed because the player has already earned a point. Explains what to do instead.,Localizable.xcstrings
tutorial.notice.message,en_nl_changed,as,Assamese,The tutorial can start until you earn your first point. Start a new game to try it.,Je kunt de tutorial starten totdat je je eerste punt haalt. Begin een nieuw spel om hem te proberen.,তুমি এই লেভেলটো ইতিমধ্যে খেলি আছা। শেষ কৰা বা নতুন খেল আৰম্ভ কৰি টুপীটো আকৌ টিপা।,"You are already playing this level. Finish it or start a new game, then tap the cap again to play the tutorial.",Je bent dit level al aan het spelen. Maak het af of begin een nieuw spel en tik dan opnieuw op het hoedje om de tutorial te spelen.,Body of the note shown when the walkthrough cannot be armed because the player has already earned a point. Explains what to do instead.,Localizable.xcstrings
tutorial.notice.message,en_nl_changed,az,Azerbaijani,The tutorial can start until you earn your first point. Start a new game to try it.,Je kunt de tutorial starten totdat je je eerste punt haalt. Begin een nieuw spel om hem te proberen.,"Bu səviyyəni artıq oynayırsan. Onu bitir və ya yeni oyun başlat, sonra təlim üçün papağa yenidən toxun.","You are already playing this level. Finish it or start a new game, then tap the cap again to play the tutorial.",Je bent dit level al aan het spelen. Maak het af of begin een nieuw spel en tik dan opnieuw op het hoedje om de tutorial te spelen.,Body of the note shown when the walkthrough cannot be armed because the player has already earned a point. Explains what to do instead.,Localizable.xcstrings
tutorial.notice.message,en_nl_changed,be,Belarusian,The tutorial can start until you earn your first point. Start a new game to try it.,Je kunt de tutorial starten totdat je je eerste punt haalt. Begin een nieuw spel om hem te proberen.,"Ты ўжо гуляеш на гэтым узроўні. Скончы яго або пачні новую гульню, а потым зноў націсні на шапачку, каб прайсці навучанне.","You are already playing this level. Finish it or start a new game, then tap the cap again to play the tutorial.",Je bent dit level al aan het spelen. Maak het af of begin een nieuw spel en tik dan opnieuw op het hoedje om de tutorial te spelen.,Body of the note shown when the walkthrough cannot be armed because the player has already earned a point. Explains what to do instead.,Localizable.xcstrings
tutorial.notice.message,en_nl_changed,bg,Bulgarian,The tutorial can start until you earn your first point. Start a new game to try it.,Je kunt de tutorial starten totdat je je eerste punt haalt. Begin een nieuw spel om hem te proberen.,"Вече играеш това ниво. Завърши го или започни нова игра, после натисни пак шапката, за да пуснеш урока.","You are already playing this level. Finish it or start a new game, then tap the cap again to play the tutorial.",Je bent dit level al aan het spelen. Maak het af of begin een nieuw spel en tik dan opnieuw op het hoedje om de tutorial te spelen.,Body of the note shown when the walkthrough cannot be armed because the player has already earned a point. Explains what to do instead.,Localizable.xcstrings
tutorial.notice.message,en_nl_changed,bn,Bengali,The tutorial can start until you earn your first point. Start a new game to try it.,Je kunt de tutorial starten totdat je je eerste punt haalt. Begin een nieuw spel om hem te proberen.,"তুমি এই লেভেলটি ইতিমধ্যে খেলছ। এটি শেষ করো বা নতুন খেলা শুরু করো, তারপর টিউটোরিয়াল খেলতে টুপিটিতে আবার চাপ দাও।","You are already playing this level. Finish it or start a new game, then tap the cap again to play the tutorial.",Je bent dit level al aan het spelen. Maak het af of begin een nieuw spel en tik dan opnieuw op het hoedje om de tutorial te spelen.,Body of the note shown when the walkthrough cannot be armed because the player has already earned a point. Explains what to do instead.,Localizable.xcstrings
tutorial.notice.message,en_nl_changed,bo,Tibetan,The tutorial can start until you earn your first point. Start a new game to try it.,Je kunt de tutorial starten totdat je je eerste punt haalt. Begin een nieuw spel om hem te proberen.,ཁྱེད་རིམ་པ་འདི་རྩེ་བཞིན་ཡོད། ཚར་བར་རྩེའམ་རྩེད་མོ་གསར་པ་འགོ་ཚུགས། དེ་ནས་སློབ་ཁྲིད་རྩེ་བར་ཞྭ་མོ་ལ་ཡང་བསྐྱར་གནོན།,"You are already playing this level. Finish it or start a new game, then tap the cap again to play the tutorial.",Je bent dit level al aan het spelen. Maak het af of begin een nieuw spel en tik dan opnieuw op het hoedje om de tutorial te spelen.,Body of the note shown when the walkthrough cannot be armed because the player has already earned a point. Explains what to do instead.,Localizable.xcstrings
tutorial.notice.message,en_nl_changed,bs,Bosnian,The tutorial can start until you earn your first point. Start a new game to try it.,Je kunt de tutorial starten totdat je je eerste punt haalt. Begin een nieuw spel om hem te proberen.,"Već igraš ovaj nivo. Završi ga ili počni novu igru, pa opet dodirni kapu za uputstvo.","You are already playing this level. Finish it or start a new game, then tap the cap again to play the tutorial.",Je bent dit level al aan het spelen. Maak het af of begin een nieuw spel en tik dan opnieuw op het hoedje om de tutorial te spelen.,Body of the note shown when the walkthrough cannot be armed because the player has already earned a point. Explains what to do instead.,Localizable.xcstrings
tutorial.notice.message,en_nl_changed,ca,Catalan,The tutorial can start until you earn your first point. Start a new game to try it.,Je kunt de tutorial starten totdat je je eerste punt haalt. Begin een nieuw spel om hem te proberen.,Ja estàs jugant aquest nivell. Acaba’l o inicia una partida nova i torna a tocar la gorra per jugar el tutorial.,"You are already playing this level. Finish it or start a new game, then tap the cap again to play the tutorial.",Je bent dit level al aan het spelen. Maak het af of begin een nieuw spel en tik dan opnieuw op het hoedje om de tutorial te spelen.,Body of the note shown when the walkthrough cannot be armed because the player has already earned a point. Explains what to do instead.,Localizable.xcstrings
tutorial.notice.message,en_nl_changed,cs,Czech,The tutorial can start until you earn your first point. Start a new game to try it.,Je kunt de tutorial starten totdat je je eerste punt haalt. Begin een nieuw spel om hem te proberen.,Tuto úroveň už hraješ. Dokonči ji nebo začni novou hru a pak znovu klepni na čepici pro návod.,"You are already playing this level. Finish it or start a new game, then tap the cap again to play the tutorial.",Je bent dit level al aan het spelen. Maak het af of begin een nieuw spel en tik dan opnieuw op het hoedje om de tutorial te spelen.,Body of the note shown when the walkthrough cannot be armed because the player has already earned a point. Explains what to do instead.,Localizable.xcstrings
tutorial.notice.message,en_nl_changed,cy,Welsh,The tutorial can start until you earn your first point. Start a new game to try it.,Je kunt de tutorial starten totdat je je eerste punt haalt. Begin een nieuw spel om hem te proberen.,"Rwyt ti eisoes yn chwarae’r lefel hon. Gorffen hi neu ddechrau gêm newydd, yna tapio’r cap eto i chwarae’r tiwtorial.","You are already playing this level. Finish it or start a new game, then tap the cap again to play the tutorial.",Je bent dit level al aan het spelen. Maak het af of begin een nieuw spel en tik dan opnieuw op het hoedje om de tutorial te spelen.,Body of the note shown when the walkthrough cannot be armed because the player has already earned a point. Explains what to do instead.,Localizable.xcstrings
tutorial.notice.message,en_nl_changed,da,Danish,The tutorial can start until you earn your first point. Start a new game to try it.,Je kunt de tutorial starten totdat je je eerste punt haalt. Begin een nieuw spel om hem te proberen.,"Du spiller allerede dette niveau. Gør det færdigt, eller start et nyt spil, og tryk så på huen igen for at spille guiden.","You are already playing this level. Finish it or start a new game, then tap the cap again to play the tutorial.",Je bent dit level al aan het spelen. Maak het af of begin een nieuw spel en tik dan opnieuw op het hoedje om de tutorial te spelen.,Body of the note shown when the walkthrough cannot be armed because the player has already earned a point. Explains what to do instead.,Localizable.xcstrings
tutorial.notice.message,en_nl_changed,de,German,The tutorial can start until you earn your first point. Start a new game to try it.,Je kunt de tutorial starten totdat je je eerste punt haalt. Begin een nieuw spel om hem te proberen.,Du spielst dieses Level schon. Beende es oder starte ein neues Spiel. Tippe dann erneut auf die Kappe für das Tutorial.,"You are already playing this level. Finish it or start a new game, then tap the cap again to play the tutorial.",Je bent dit level al aan het spelen. Maak het af of begin een nieuw spel en tik dan opnieuw op het hoedje om de tutorial te spelen.,Body of the note shown when the walkthrough cannot be armed because the player has already earned a point. Explains what to do instead.,Localizable.xcstrings
tutorial.notice.message,en_nl_changed,el,Greek,The tutorial can start until you earn your first point. Start a new game to try it.,Je kunt de tutorial starten totdat je je eerste punt haalt. Begin een nieuw spel om hem te proberen.,Παίζεις ήδη αυτό το επίπεδο. Τελείωσέ το ή ξεκίνα νέο παιχνίδι και μετά πάτησε ξανά το καπέλο για τον οδηγό.,"You are already playing this level. Finish it or start a new game, then tap the cap again to play the tutorial.",Je bent dit level al aan het spelen. Maak het af of begin een nieuw spel en tik dan opnieuw op het hoedje om de tutorial te spelen.,Body of the note shown when the walkthrough cannot be armed because the player has already earned a point. Explains what to do instead.,Localizable.xcstrings
tutorial.notice.message,en_nl_changed,es,Spanish,The tutorial can start until you earn your first point. Start a new game to try it.,Je kunt de tutorial starten totdat je je eerste punt haalt. Begin een nieuw spel om hem te proberen.,Ya estás jugando este nivel. Termínalo o empieza una partida nueva y vuelve a tocar el gorro para hacer el tutorial.,"You are already playing this level. Finish it or start a new game, then tap the cap again to play the tutorial.",Je bent dit level al aan het spelen. Maak het af of begin een nieuw spel en tik dan opnieuw op het hoedje om de tutorial te spelen.,Body of the note shown when the walkthrough cannot be armed because the player has already earned a point. Explains what to do instead.,Localizable.xcstrings
tutorial.notice.message,en_nl_changed,et,Estonian,The tutorial can start until you earn your first point. Start a new game to try it.,Je kunt de tutorial starten totdat je je eerste punt haalt. Begin een nieuw spel om hem te proberen.,"Sa juba mängid seda taset. Lõpeta see või alusta uut mängu, siis vajuta õpetuse alustamiseks uuesti mütsile.","You are already playing this level. Finish it or start a new game, then tap the cap again to play the tutorial.",Je bent dit level al aan het spelen. Maak het af of begin een nieuw spel en tik dan opnieuw op het hoedje om de tutorial te spelen.,Body of the note shown when the walkthrough cannot be armed because the player has already earned a point. Explains what to do instead.,Localizable.xcstrings
tutorial.notice.message,en_nl_changed,eu,Basque,The tutorial can start until you earn your first point. Start a new game to try it.,Je kunt de tutorial starten totdat je je eerste punt haalt. Begin een nieuw spel om hem te proberen.,Maila honetan jokatzen ari zara. Amaitu edo hasi joko berri bat; gero sakatu berriro txanoa tutoriala egiteko.,"You are already playing this level. Finish it or start a new game, then tap the cap again to play the tutorial.",Je bent dit level al aan het spelen. Maak het af of begin een nieuw spel en tik dan opnieuw op het hoedje om de tutorial te spelen.,Body of the note shown when the walkthrough cannot be armed because the player has already earned a point. Explains what to do instead.,Localizable.xcstrings
tutorial.notice.message,en_nl_changed,fa,Persian,The tutorial can start until you earn your first point. Start a new game to try it.,Je kunt de tutorial starten totdat je je eerste punt haalt. Begin een nieuw spel om hem te proberen.,این مرحله را شروع کرده‌ای. تمامش کن یا بازی تازه‌ای شروع کن، بعد دوباره روی کلاه بزن تا آموزش را بازی کنی.,"You are already playing this level. Finish it or start a new game, then tap the cap again to play the tutorial.",Je bent dit level al aan het spelen. Maak het af of begin een nieuw spel en tik dan opnieuw op het hoedje om de tutorial te spelen.,Body of the note shown when the walkthrough cannot be armed because the player has already earned a point. Explains what to do instead.,Localizable.xcstrings
tutorial.notice.message,en_nl_changed,fi,Finnish,The tutorial can start until you earn your first point. Start a new game to try it.,Je kunt de tutorial starten totdat je je eerste punt haalt. Begin een nieuw spel om hem te proberen.,Pelaat jo tätä tasoa. Pelaa se loppuun tai aloita uusi peli ja napauta sitten hattua uudelleen aloittaaksesi opastuksen.,"You are already playing this level. Finish it or start a new game, then tap the cap again to play the tutorial.",Je bent dit level al aan het spelen. Maak het af of begin een nieuw spel en tik dan opnieuw op het hoedje om de tutorial te spelen.,Body of the note shown when the walkthrough cannot be armed because the player has already earned a point. Explains what to do instead.,Localizable.xcstrings
tutorial.notice.message,en_nl_changed,fo,Faroese,The tutorial can start until you earn your first point. Start a new game to try it.,Je kunt de tutorial starten totdat je je eerste punt haalt. Begin een nieuw spel om hem te proberen.,"Tú spælir longu hetta stigið. Ger tað liðugt ella byrja eitt nýtt spæl, og trýst so á húgvuna aftur fyri at spæla vegleiðingina.","You are already playing this level. Finish it or start a new game, then tap the cap again to play the tutorial.",Je bent dit level al aan het spelen. Maak het af of begin een nieuw spel en tik dan opnieuw op het hoedje om de tutorial te spelen.,Body of the note shown when the walkthrough cannot be armed because the player has already earned a point. Explains what to do instead.,Localizable.xcstrings
tutorial.notice.message,en_nl_changed,fr,French,The tutorial can start until you earn your first point. Start a new game to try it.,Je kunt de tutorial starten totdat je je eerste punt haalt. Begin een nieuw spel om hem te proberen.,"Tu joues déjà à ce niveau. Termine-le ou lance une nouvelle partie, puis touche à nouveau le chapeau pour lancer le tutoriel.","You are already playing this level. Finish it or start a new game, then tap the cap again to play the tutorial.",Je bent dit level al aan het spelen. Maak het af of begin een nieuw spel en tik dan opnieuw op het hoedje om de tutorial te spelen.,Body of the note shown when the walkthrough cannot be armed because the player has already earned a point. Explains what to do instead.,Localizable.xcstrings
tutorial.notice.message,en_nl_changed,ga,Irish,The tutorial can start until you earn your first point. Start a new game to try it.,Je kunt de tutorial starten totdat je je eerste punt haalt. Begin een nieuw spel om hem te proberen.,"Tá an leibhéal seo á imirt agat cheana. Críochnaigh é nó tosaigh cluiche nua, ansin tapáil an hata arís chun an treoir a imirt.","You are already playing this level. Finish it or start a new game, then tap the cap again to play the tutorial.",Je bent dit level al aan het spelen. Maak het af of begin een nieuw spel en tik dan opnieuw op het hoedje om de tutorial te spelen.,Body of the note shown when the walkthrough cannot be armed because the player has already earned a point. Explains what to do instead.,Localizable.xcstrings
tutorial.notice.message,en_nl_changed,gl,Galician,The tutorial can start until you earn your first point. Start a new game to try it.,Je kunt de tutorial starten totdat je je eerste punt haalt. Begin een nieuw spel om hem te proberen.,Xa estás xogando este nivel. Remátao ou comeza unha partida nova e toca de novo o gorro para facer o tutorial.,"You are already playing this level. Finish it or start a new game, then tap the cap again to play the tutorial.",Je bent dit level al aan het spelen. Maak het af of begin een nieuw spel en tik dan opnieuw op het hoedje om de tutorial te spelen.,Body of the note shown when the walkthrough cannot be armed because the player has already earned a point. Explains what to do instead.,Localizable.xcstrings
tutorial.notice.message,en_nl_changed,gu,Gujarati,The tutorial can start until you earn your first point. Start a new game to try it.,Je kunt de tutorial starten totdat je je eerste punt haalt. Begin een nieuw spel om hem te proberen.,"તમે આ લેવલ રમી રહ્યા છો. તેને પૂરું કરો અથવા નવી રમત શરૂ કરો, પછી ટ્યુટોરિયલ માટે ટોપી ફરી ટૅપ કરો.","You are already playing this level. Finish it or start a new game, then tap the cap again to play the tutorial.",Je bent dit level al aan het spelen. Maak het af of begin een nieuw spel en tik dan opnieuw op het hoedje om de tutorial te spelen.,Body of the note shown when the walkthrough cannot be armed because the player has already earned a point. Explains what to do instead.,Localizable.xcstrings
tutorial.notice.message,en_nl_changed,he,Hebrew,The tutorial can start until you earn your first point. Start a new game to try it.,Je kunt de tutorial starten totdat je je eerste punt haalt. Begin een nieuw spel om hem te proberen.,"כבר התחלתם את השלב הזה. סיימו אותו או התחילו משחק חדש, ואז לחצו שוב על הכובע כדי לשחק בהדרכה.","You are already playing this level. Finish it or start a new game, then tap the cap again to play the tutorial.",Je bent dit level al aan het spelen. Maak het af of begin een nieuw spel en tik dan opnieuw op het hoedje om de tutorial te spelen.,Body of the note shown when the walkthrough cannot be armed because the player has already earned a point. Explains what to do instead.,Localizable.xcstrings
tutorial.notice.message,en_nl_changed,hi,Hindi,The tutorial can start until you earn your first point. Start a new game to try it.,Je kunt de tutorial starten totdat je je eerste punt haalt. Begin een nieuw spel om hem te proberen.,"तुम यह लेवल पहले से खेल रहे हो। इसे पूरा करो या नया खेल शुरू करो, फिर ट्यूटोरियल खेलने के लिए टोपी पर दोबारा टैप करो।","You are already playing this level. Finish it or start a new game, then tap the cap again to play the tutorial.",Je bent dit level al aan het spelen. Maak het af of begin een nieuw spel en tik dan opnieuw op het hoedje om de tutorial te spelen.,Body of the note shown when the walkthrough cannot be armed because the player has already earned a point. Explains what to do instead.,Localizable.xcstrings
tutorial.notice.message,en_nl_changed,hr,Croatian,The tutorial can start until you earn your first point. Start a new game to try it.,Je kunt de tutorial starten totdat je je eerste punt haalt. Begin een nieuw spel om hem te proberen.,"Već igraš ovu razinu. Dovrši je ili započni novu igru, pa opet dodirni kapu za upute.","You are already playing this level. Finish it or start a new game, then tap the cap again to play the tutorial.",Je bent dit level al aan het spelen. Maak het af of begin een nieuw spel en tik dan opnieuw op het hoedje om de tutorial te spelen.,Body of the note shown when the walkthrough cannot be armed because the player has already earned a point. Explains what to do instead.,Localizable.xcstrings
tutorial.notice.message,en_nl_changed,hu,Hungarian,The tutorial can start until you earn your first point. Start a new game to try it.,Je kunt de tutorial starten totdat je je eerste punt haalt. Begin een nieuw spel om hem te proberen.,"Már ezen a pályán játszol. Fejezd be vagy indíts új játékot, majd koppints újra a sapkára az oktatóhoz.","You are already playing this level. Finish it or start a new game, then tap the cap again to play the tutorial.",Je bent dit level al aan het spelen. Maak het af of begin een nieuw spel en tik dan opnieuw op het hoedje om de tutorial te spelen.,Body of the note shown when the walkthrough cannot be armed because the player has already earned a point. Explains what to do instead.,Localizable.xcstrings
tutorial.notice.message,en_nl_changed,hy,Armenian,The tutorial can start until you earn your first point. Start a new game to try it.,Je kunt de tutorial starten totdat je je eerste punt haalt. Begin een nieuw spel om hem te proberen.,"Դու արդեն խաղում ես այս մակարդակը։ Ավարտիր այն կամ սկսիր նոր խաղ, հետո նորից սեղմիր գլխարկին՝ ուսուցումը խաղալու համար։","You are already playing this level. Finish it or start a new game, then tap the cap again to play the tutorial.",Je bent dit level al aan het spelen. Maak het af of begin een nieuw spel en tik dan opnieuw op het hoedje om de tutorial te spelen.,Body of the note shown when the walkthrough cannot be armed because the player has already earned a point. Explains what to do instead.,Localizable.xcstrings
tutorial.notice.message,en_nl_changed,id,Indonesian,The tutorial can start until you earn your first point. Start a new game to try it.,Je kunt de tutorial starten totdat je je eerste punt haalt. Begin een nieuw spel om hem te proberen.,"Kamu sudah memainkan level ini. Selesaikan atau mulai permainan baru, lalu ketuk topinya lagi untuk memulai tutorial.","You are already playing this level. Finish it or start a new game, then tap the cap again to play the tutorial.",Je bent dit level al aan het spelen. Maak het af of begin een nieuw spel en tik dan opnieuw op het hoedje om de tutorial te spelen.,Body of the note shown when the walkthrough cannot be armed because the player has already earned a point. Explains what to do instead.,Localizable.xcstrings
tutorial.notice.message,en_nl_changed,is,Icelandic,The tutorial can start until you earn your first point. Start a new game to try it.,Je kunt de tutorial starten totdat je je eerste punt haalt. Begin een nieuw spel om hem te proberen.,Þú ert þegar að spila þetta borð. Kláraðu það eða byrjaðu nýjan leik og ýttu svo aftur á hattinn til að spila kennsluna.,"You are already playing this level. Finish it or start a new game, then tap the cap again to play the tutorial.",Je bent dit level al aan het spelen. Maak het af of begin een nieuw spel en tik dan opnieuw op het hoedje om de tutorial te spelen.,Body of the note shown when the walkthrough cannot be armed because the player has already earned a point. Explains what to do instead.,Localizable.xcstrings
tutorial.notice.message,en_nl_changed,it,Italian,The tutorial can start until you earn your first point. Start a new game to try it.,Je kunt de tutorial starten totdat je je eerste punt haalt. Begin een nieuw spel om hem te proberen.,"Stai già giocando questo livello. Finiscilo o inizia una nuova partita, poi tocca di nuovo il cappello per fare il tutorial.","You are already playing this level. Finish it or start a new game, then tap the cap again to play the tutorial.",Je bent dit level al aan het spelen. Maak het af of begin een nieuw spel en tik dan opnieuw op het hoedje om de tutorial te spelen.,Body of the note shown when the walkthrough cannot be armed because the player has already earned a point. Explains what to do instead.,Localizable.xcstrings
tutorial.notice.message,en_nl_changed,ja,Japanese,The tutorial can start until you earn your first point. Start a new game to try it.,Je kunt de tutorial starten totdat je je eerste punt haalt. Begin een nieuw spel om hem te proberen.,このレベルはもうプレイ中だよ。終わらせるか新しいゲームを始めてから、もう一度ぼうしをタップしてチュートリアルを始めよう。,"You are already playing this level. Finish it or start a new game, then tap the cap again to play the tutorial.",Je bent dit level al aan het spelen. Maak het af of begin een nieuw spel en tik dan opnieuw op het hoedje om de tutorial te spelen.,Body of the note shown when the walkthrough cannot be armed because the player has already earned a point. Explains what to do instead.,Localizable.xcstrings
tutorial.notice.message,en_nl_changed,ka,Georgian,The tutorial can start until you earn your first point. Start a new game to try it.,Je kunt de tutorial starten totdat je je eerste punt haalt. Begin een nieuw spel om hem te proberen.,"ამ დონეს უკვე თამაშობ. დაასრულე ან დაიწყე ახალი თამაში, მერე ისევ დააჭირე ქუდს გაკვეთილისთვის.","You are already playing this level. Finish it or start a new game, then tap the cap again to play the tutorial.",Je bent dit level al aan het spelen. Maak het af of begin een nieuw spel en tik dan opnieuw op het hoedje om de tutorial te spelen.,Body of the note shown when the walkthrough cannot be armed because the player has already earned a point. Explains what to do instead.,Localizable.xcstrings
tutorial.notice.message,en_nl_changed,kk,Kazakh,The tutorial can start until you earn your first point. Start a new game to try it.,Je kunt de tutorial starten totdat je je eerste punt haalt. Begin een nieuw spel om hem te proberen.,"Бұл деңгейді ойнап жатырсың. Аяқта немесе жаңа ойын баста, сосын үйрету үшін қалпақты қайта бас.","You are already playing this level. Finish it or start a new game, then tap the cap again to play the tutorial.",Je bent dit level al aan het spelen. Maak het af of begin een nieuw spel en tik dan opnieuw op het hoedje om de tutorial te spelen.,Body of the note shown when the walkthrough cannot be armed because the player has already earned a point. Explains what to do instead.,Localizable.xcstrings
tutorial.notice.message,en_nl_changed,km,Khmer,The tutorial can start until you earn your first point. Start a new game to try it.,Je kunt de tutorial starten totdat je je eerste punt haalt. Begin een nieuw spel om hem te proberen.,អ្នកកំពុងលេងលេវែលនេះ។ លេងឱ្យចប់ ឬចាប់ហ្គេមថ្មី រួចចុចមួកម្ដងទៀត ដើម្បីលេងការណែនាំ។,"You are already playing this level. Finish it or start a new game, then tap the cap again to play the tutorial.",Je bent dit level al aan het spelen. Maak het af of begin een nieuw spel en tik dan opnieuw op het hoedje om de tutorial te spelen.,Body of the note shown when the walkthrough cannot be armed because the player has already earned a point. Explains what to do instead.,Localizable.xcstrings
tutorial.notice.message,en_nl_changed,kn,Kannada,The tutorial can start until you earn your first point. Start a new game to try it.,Je kunt de tutorial starten totdat je je eerste punt haalt. Begin een nieuw spel om hem te proberen.,ನೀನು ಈ ಹಂತವನ್ನು ಈಗಾಗಲೇ ಆಡುತ್ತಿದ್ದೀಯ. ಅದನ್ನು ಮುಗಿಸು ಅಥವಾ ಹೊಸ ಆಟ ಆರಂಭಿಸು. ನಂತರ ಟ್ಯುಟೋರಿಯಲ್ ಆಡಲು ಟೋಪಿಯನ್ನು ಮತ್ತೆ ಒತ್ತು.,"You are already playing this level. Finish it or start a new game, then tap the cap again to play the tutorial.",Je bent dit level al aan het spelen. Maak het af of begin een nieuw spel en tik dan opnieuw op het hoedje om de tutorial te spelen.,Body of the note shown when the walkthrough cannot be armed because the player has already earned a point. Explains what to do instead.,Localizable.xcstrings
tutorial.notice.message,en_nl_changed,ko,Korean,The tutorial can start until you earn your first point. Start a new game to try it.,Je kunt de tutorial starten totdat je je eerste punt haalt. Begin een nieuw spel om hem te proberen.,"이 레벨을 이미 플레이 중이에요. 끝내거나 새 게임을 시작한 뒤, 모자를 다시 눌러 튜토리얼을 해 보세요.","You are already playing this level. Finish it or start a new game, then tap the cap again to play the tutorial.",Je bent dit level al aan het spelen. Maak het af of begin een nieuw spel en tik dan opnieuw op het hoedje om de tutorial te spelen.,Body of the note shown when the walkthrough cannot be armed because the player has already earned a point. Explains what to do instead.,Localizable.xcstrings
tutorial.notice.message,en_nl_changed,lo,Lao,The tutorial can start until you earn your first point. Start a new game to try it.,Je kunt de tutorial starten totdat je je eerste punt haalt. Begin een nieuw spel om hem te proberen.,ເຈົ້າກຳລັງຫຼິ້ນດ່ານນີ້ຢູ່. ຫຼິ້ນໃຫ້ຈົບ ຫຼື ເລີ່ມເກມໃໝ່ ແລ້ວກົດໝວກອີກຄັ້ງເພື່ອຫຼິ້ນບົດສອນ.,"You are already playing this level. Finish it or start a new game, then tap the cap again to play the tutorial.",Je bent dit level al aan het spelen. Maak het af of begin een nieuw spel en tik dan opnieuw op het hoedje om de tutorial te spelen.,Body of the note shown when the walkthrough cannot be armed because the player has already earned a point. Explains what to do instead.,Localizable.xcstrings
tutorial.notice.message,en_nl_changed,lt,Lithuanian,The tutorial can start until you earn your first point. Start a new game to try it.,Je kunt de tutorial starten totdat je je eerste punt haalt. Begin een nieuw spel om hem te proberen.,"Jau žaidi šį lygį. Pabaik jį arba pradėk naują žaidimą, tada vėl spustelėk kepurėlę ir paleisk pamokėlę.","You are already playing this level. Finish it or start a new game, then tap the cap again to play the tutorial.",Je bent dit level al aan het spelen. Maak het af of begin een nieuw spel en tik dan opnieuw op het hoedje om de tutorial te spelen.,Body of the note shown when the walkthrough cannot be armed because the player has already earned a point. Explains what to do instead.,Localizable.xcstrings
tutorial.notice.message,en_nl_changed,lv,Latvian,The tutorial can start until you earn your first point. Start a new game to try it.,Je kunt de tutorial starten totdat je je eerste punt haalt. Begin een nieuw spel om hem te proberen.,"Tu jau spēlē šo līmeni. Pabeidz to vai sāc jaunu spēli, tad vēlreiz pieskaries cepurei, lai spēlētu pamācību.","You are already playing this level. Finish it or start a new game, then tap the cap again to play the tutorial.",Je bent dit level al aan het spelen. Maak het af of begin een nieuw spel en tik dan opnieuw op het hoedje om de tutorial te spelen.,Body of the note shown when the walkthrough cannot be armed because the player has already earned a point. Explains what to do instead.,Localizable.xcstrings
tutorial.notice.message,en_nl_changed,mk,Macedonian,The tutorial can start until you earn your first point. Start a new game to try it.,Je kunt de tutorial starten totdat je je eerste punt haalt. Begin een nieuw spel om hem te proberen.,"Веќе го играш ова ниво. Заврши го или почни нова игра, па пак допри го шеширчето за упатството.","You are already playing this level. Finish it or start a new game, then tap the cap again to play the tutorial.",Je bent dit level al aan het spelen. Maak het af of begin een nieuw spel en tik dan opnieuw op het hoedje om de tutorial te spelen.,Body of the note shown when the walkthrough cannot be armed because the player has already earned a point. Explains what to do instead.,Localizable.xcstrings
tutorial.notice.message,en_nl_changed,ml,Malayalam,The tutorial can start until you earn your first point. Start a new game to try it.,Je kunt de tutorial starten totdat je je eerste punt haalt. Begin een nieuw spel om hem te proberen.,ഈ ലെവൽ നീ ഇതിനകം കളിക്കുകയാണ്. അത് തീർക്കൂ അല്ലെങ്കിൽ പുതിയ കളി തുടങ്ങൂ. പിന്നെ ട്യൂട്ടോറിയലിന് തൊപ്പിയിൽ വീണ്ടും ടാപ്പ് ചെയ്യൂ.,"You are already playing this level. Finish it or start a new game, then tap the cap again to play the tutorial.",Je bent dit level al aan het spelen. Maak het af of begin een nieuw spel en tik dan opnieuw op het hoedje om de tutorial te spelen.,Body of the note shown when the walkthrough cannot be armed because the player has already earned a point. Explains what to do instead.,Localizable.xcstrings
tutorial.notice.message,en_nl_changed,mn,Mongolian,The tutorial can start until you earn your first point. Start a new game to try it.,Je kunt de tutorial starten totdat je je eerste punt haalt. Begin een nieuw spel om hem te proberen.,"Чи энэ түвшинг тоглож байна. Дуусгах эсвэл шинэ тоглоом эхлүүлээд, зааврыг тоглохын тулд малгайг дахин дар.","You are already playing this level. Finish it or start a new game, then tap the cap again to play the tutorial.",Je bent dit level al aan het spelen. Maak het af of begin een nieuw spel en tik dan opnieuw op het hoedje om de tutorial te spelen.,Body of the note shown when the walkthrough cannot be armed because the player has already earned a point. Explains what to do instead.,Localizable.xcstrings
tutorial.notice.message,en_nl_changed,mr,Marathi,The tutorial can start until you earn your first point. Start a new game to try it.,Je kunt de tutorial starten totdat je je eerste punt haalt. Begin een nieuw spel om hem te proberen.,हा स्तर आधीच सुरू आहे. तो पूर्ण कर किंवा नवा खेळ सुरू कर. मग ट्युटोरियलसाठी टोपीवर पुन्हा टॅप कर.,"You are already playing this level. Finish it or start a new game, then tap the cap again to play the tutorial.",Je bent dit level al aan het spelen. Maak het af of begin een nieuw spel en tik dan opnieuw op het hoedje om de tutorial te spelen.,Body of the note shown when the walkthrough cannot be armed because the player has already earned a point. Explains what to do instead.,Localizable.xcstrings
tutorial.notice.message,en_nl_changed,ms,Malay,The tutorial can start until you earn your first point. Start a new game to try it.,Je kunt de tutorial starten totdat je je eerste punt haalt. Begin een nieuw spel om hem te proberen.,"Kamu sudah bermain tahap ini. Habiskan atau mulakan permainan baharu, kemudian tekan topi lagi untuk bermain tutorial.","You are already playing this level. Finish it or start a new game, then tap the cap again to play the tutorial.",Je bent dit level al aan het spelen. Maak het af of begin een nieuw spel en tik dan opnieuw op het hoedje om de tutorial te spelen.,Body of the note shown when the walkthrough cannot be armed because the player has already earned a point. Explains what to do instead.,Localizable.xcstrings
tutorial.notice.message,en_nl_changed,my,Burmese,The tutorial can start until you earn your first point. Start a new game to try it.,Je kunt de tutorial starten totdat je je eerste punt haalt. Begin een nieuw spel om hem te proberen.,ဒီအဆင့်ကို ကစားနေပြီးသားပါ။ ပြီးအောင်ကစားပါ၊ ဒါမှမဟုတ် ဂိမ်းအသစ်စပြီး သင်ခန်းစာကစားဖို့ ဦးထုပ်ကို ထပ်နှိပ်ပါ။,"You are already playing this level. Finish it or start a new game, then tap the cap again to play the tutorial.",Je bent dit level al aan het spelen. Maak het af of begin een nieuw spel en tik dan opnieuw op het hoedje om de tutorial te spelen.,Body of the note shown when the walkthrough cannot be armed because the player has already earned a point. Explains what to do instead.,Localizable.xcstrings
tutorial.notice.message,en_nl_changed,nb,Norwegian,The tutorial can start until you earn your first point. Start a new game to try it.,Je kunt de tutorial starten totdat je je eerste punt haalt. Begin een nieuw spel om hem te proberen.,"Du spiller allerede dette nivået. Fullfør det eller start et nytt spill, og trykk så på lua igjen for å spille veiledningen.","You are already playing this level. Finish it or start a new game, then tap the cap again to play the tutorial.",Je bent dit level al aan het spelen. Maak het af of begin een nieuw spel en tik dan opnieuw op het hoedje om de tutorial te spelen.,Body of the note shown when the walkthrough cannot be armed because the player has already earned a point. Explains what to do instead.,Localizable.xcstrings
tutorial.notice.message,en_nl_changed,ne,Nepali,The tutorial can start until you earn your first point. Start a new game to try it.,Je kunt de tutorial starten totdat je je eerste punt haalt. Begin een nieuw spel om hem te proberen.,"तिमी यो लेभल खेल्दैछौ। सकाऊ वा नयाँ खेल सुरु गर, अनि ट्युटोरियल खेल्न टोपी फेरि थिच।","You are already playing this level. Finish it or start a new game, then tap the cap again to play the tutorial.",Je bent dit level al aan het spelen. Maak het af of begin een nieuw spel en tik dan opnieuw op het hoedje om de tutorial te spelen.,Body of the note shown when the walkthrough cannot be armed because the player has already earned a point. Explains what to do instead.,Localizable.xcstrings
tutorial.notice.message,en_nl_changed,or,Odia,The tutorial can start until you earn your first point. Start a new game to try it.,Je kunt de tutorial starten totdat je je eerste punt haalt. Begin een nieuw spel om hem te proberen.,"ତୁମେ ଏହି ଲେଭେଲ୍ ଆଗରୁ ଖେଳୁଛ। ସେଟା ସାର କିମ୍ବା ନୂଆ ଖେଳ ଆରମ୍ଭ କର, ପରେ ଟ୍ୟୁଟୋରିଆଲ୍ ପାଇଁ ଟୋପିକୁ ପୁଣି ଟ୍ୟାପ୍ କର।","You are already playing this level. Finish it or start a new game, then tap the cap again to play the tutorial.",Je bent dit level al aan het spelen. Maak het af of begin een nieuw spel en tik dan opnieuw op het hoedje om de tutorial te spelen.,Body of the note shown when the walkthrough cannot be armed because the player has already earned a point. Explains what to do instead.,Localizable.xcstrings
tutorial.notice.message,en_nl_changed,pa,Punjabi,The tutorial can start until you earn your first point. Start a new game to try it.,Je kunt de tutorial starten totdat je je eerste punt haalt. Begin een nieuw spel om hem te proberen.,"ਤੁਸੀਂ ਇਹ ਲੈਵਲ ਪਹਿਲਾਂ ਹੀ ਖੇਡ ਰਹੇ ਹੋ। ਇਸਨੂੰ ਪੂਰਾ ਕਰੋ ਜਾਂ ਨਵੀਂ ਖੇਡ ਸ਼ੁਰੂ ਕਰੋ, ਫਿਰ ਟਿਊਟੋਰਿਅਲ ਲਈ ਟੋਪੀ 'ਤੇ ਮੁੜ ਟੈਪ ਕਰੋ।","You are already playing this level. Finish it or start a new game, then tap the cap again to play the tutorial.",Je bent dit level al aan het spelen. Maak het af of begin een nieuw spel en tik dan opnieuw op het hoedje om de tutorial te spelen.,Body of the note shown when the walkthrough cannot be armed because the player has already earned a point. Explains what to do instead.,Localizable.xcstrings
tutorial.notice.message,en_nl_changed,pl,Polish,The tutorial can start until you earn your first point. Start a new game to try it.,Je kunt de tutorial starten totdat je je eerste punt haalt. Begin een nieuw spel om hem te proberen.,"Już grasz na tym poziomie. Dokończ grę albo zacznij nową, a potem znów stuknij czapkę, by uruchomić samouczek.","You are already playing this level. Finish it or start a new game, then tap the cap again to play the tutorial.",Je bent dit level al aan het spelen. Maak het af of begin een nieuw spel en tik dan opnieuw op het hoedje om de tutorial te spelen.,Body of the note shown when the walkthrough cannot be armed because the player has already earned a point. Explains what to do instead.,Localizable.xcstrings
tutorial.notice.message,en_nl_changed,pt,Portuguese,The tutorial can start until you earn your first point. Start a new game to try it.,Je kunt de tutorial starten totdat je je eerste punt haalt. Begin een nieuw spel om hem te proberen.,Já estás a jogar este nível. Acaba-o ou começa um novo jogo e depois toca de novo no chapéu para fazer o tutorial.,"You are already playing this level. Finish it or start a new game, then tap the cap again to play the tutorial.",Je bent dit level al aan het spelen. Maak het af of begin een nieuw spel en tik dan opnieuw op het hoedje om de tutorial te spelen.,Body of the note shown when the walkthrough cannot be armed because the player has already earned a point. Explains what to do instead.,Localizable.xcstrings
tutorial.notice.message,en_nl_changed,ro,Romanian,The tutorial can start until you earn your first point. Start a new game to try it.,Je kunt de tutorial starten totdat je je eerste punt haalt. Begin een nieuw spel om hem te proberen.,"Deja joci acest nivel. Termină-l sau începe un joc nou, apoi apasă iar pe pălărie pentru tutorial.","You are already playing this level. Finish it or start a new game, then tap the cap again to play the tutorial.",Je bent dit level al aan het spelen. Maak het af of begin een nieuw spel en tik dan opnieuw op het hoedje om de tutorial te spelen.,Body of the note shown when the walkthrough cannot be armed because the player has already earned a point. Explains what to do instead.,Localizable.xcstrings
tutorial.notice.message,en_nl_changed,ru,Russian,The tutorial can start until you earn your first point. Start a new game to try it.,Je kunt de tutorial starten totdat je je eerste punt haalt. Begin een nieuw spel om hem te proberen.,"Ты уже играешь этот уровень. Закончи его или начни новую игру, затем снова нажми на шапочку, чтобы пройти обучение.","You are already playing this level. Finish it or start a new game, then tap the cap again to play the tutorial.",Je bent dit level al aan het spelen. Maak het af of begin een nieuw spel en tik dan opnieuw op het hoedje om de tutorial te spelen.,Body of the note shown when the walkthrough cannot be armed because the player has already earned a point. Explains what to do instead.,Localizable.xcstrings
tutorial.notice.message,en_nl_changed,si,Sinhala,The tutorial can start until you earn your first point. Start a new game to try it.,Je kunt de tutorial starten totdat je je eerste punt haalt. Begin een nieuw spel om hem te proberen.,"ඔයා මේ මට්ටම දැනටමත් සෙල්ලම් කරනවා. ඒක ඉවර කරලා හෝ අලුත් ක්‍රීඩාවක් පටන්ගෙන, පුහුණුවට තොප්පිය ආයෙත් ඔබන්න.","You are already playing this level. Finish it or start a new game, then tap the cap again to play the tutorial.",Je bent dit level al aan het spelen. Maak het af of begin een nieuw spel en tik dan opnieuw op het hoedje om de tutorial te spelen.,Body of the note shown when the walkthrough cannot be armed because the player has already earned a point. Explains what to do instead.,Localizable.xcstrings
tutorial.notice.message,en_nl_changed,sk,Slovak,The tutorial can start until you earn your first point. Start a new game to try it.,Je kunt de tutorial starten totdat je je eerste punt haalt. Begin een nieuw spel om hem te proberen.,"Túto úroveň už hráš. Dokonči ju alebo začni novú hru a potom znova ťukni na čiapku, aby si spustil návod.","You are already playing this level. Finish it or start a new game, then tap the cap again to play the tutorial.",Je bent dit level al aan het spelen. Maak het af of begin een nieuw spel en tik dan opnieuw op het hoedje om de tutorial te spelen.,Body of the note shown when the walkthrough cannot be armed because the player has already earned a point. Explains what to do instead.,Localizable.xcstrings
tutorial.notice.message,en_nl_changed,sl,Slovenian,The tutorial can start until you earn your first point. Start a new game to try it.,Je kunt de tutorial starten totdat je je eerste punt haalt. Begin een nieuw spel om hem te proberen.,"To stopnjo že igraš. Dokončaj jo ali začni novo igro, nato znova tapni kapico za vadnico.","You are already playing this level. Finish it or start a new game, then tap the cap again to play the tutorial.",Je bent dit level al aan het spelen. Maak het af of begin een nieuw spel en tik dan opnieuw op het hoedje om de tutorial te spelen.,Body of the note shown when the walkthrough cannot be armed because the player has already earned a point. Explains what to do instead.,Localizable.xcstrings
tutorial.notice.message,en_nl_changed,sq,Albanian,The tutorial can start until you earn your first point. Start a new game to try it.,Je kunt de tutorial starten totdat je je eerste punt haalt. Begin een nieuw spel om hem te proberen.,"Po luan tashmë këtë nivel. Mbaroje ose nis një lojë të re, pastaj prek sërish kapelën për udhëzimin.","You are already playing this level. Finish it or start a new game, then tap the cap again to play the tutorial.",Je bent dit level al aan het spelen. Maak het af of begin een nieuw spel en tik dan opnieuw op het hoedje om de tutorial te spelen.,Body of the note shown when the walkthrough cannot be armed because the player has already earned a point. Explains what to do instead.,Localizable.xcstrings
tutorial.notice.message,en_nl_changed,sr,Serbian,The tutorial can start until you earn your first point. Start a new game to try it.,Je kunt de tutorial starten totdat je je eerste punt haalt. Begin een nieuw spel om hem te proberen.,"Već igraš ovaj nivo. Završi ga ili počni novu igru, pa ponovo dodirni kapu da pokreneš uputstvo.","You are already playing this level. Finish it or start a new game, then tap the cap again to play the tutorial.",Je bent dit level al aan het spelen. Maak het af of begin een nieuw spel en tik dan opnieuw op het hoedje om de tutorial te spelen.,Body of the note shown when the walkthrough cannot be armed because the player has already earned a point. Explains what to do instead.,Localizable.xcstrings
tutorial.notice.message,en_nl_changed,sv,Swedish,The tutorial can start until you earn your first point. Start a new game to try it.,Je kunt de tutorial starten totdat je je eerste punt haalt. Begin een nieuw spel om hem te proberen.,Du spelar redan den här nivån. Spela klart eller starta ett nytt spel och tryck sedan på mössan igen för att köra guiden.,"You are already playing this level. Finish it or start a new game, then tap the cap again to play the tutorial.",Je bent dit level al aan het spelen. Maak het af of begin een nieuw spel en tik dan opnieuw op het hoedje om de tutorial te spelen.,Body of the note shown when the walkthrough cannot be armed because the player has already earned a point. Explains what to do instead.,Localizable.xcstrings
tutorial.notice.message,en_nl_changed,sw,Swahili,The tutorial can start until you earn your first point. Start a new game to try it.,Je kunt de tutorial starten totdat je je eerste punt haalt. Begin een nieuw spel om hem te proberen.,"Tayari unacheza kiwango hiki. Maliza au anza mchezo mpya, kisha gusa kofia tena ili kucheza mafunzo.","You are already playing this level. Finish it or start a new game, then tap the cap again to play the tutorial.",Je bent dit level al aan het spelen. Maak het af of begin een nieuw spel en tik dan opnieuw op het hoedje om de tutorial te spelen.,Body of the note shown when the walkthrough cannot be armed because the player has already earned a point. Explains what to do instead.,Localizable.xcstrings
tutorial.notice.message,en_nl_changed,ta,Tamil,The tutorial can start until you earn your first point. Start a new game to try it.,Je kunt de tutorial starten totdat je je eerste punt haalt. Begin een nieuw spel om hem te proberen.,"இந்த நிலையை நீ ஏற்கனவே விளையாடுகிறாய். அதை முடி அல்லது புதிய விளையாட்டைத் தொடங்கி, பிறகு பயிற்சிக்காக தொப்பியை மீண்டும் தட்டு.","You are already playing this level. Finish it or start a new game, then tap the cap again to play the tutorial.",Je bent dit level al aan het spelen. Maak het af of begin een nieuw spel en tik dan opnieuw op het hoedje om de tutorial te spelen.,Body of the note shown when the walkthrough cannot be armed because the player has already earned a point. Explains what to do instead.,Localizable.xcstrings
tutorial.notice.message,en_nl_changed,te,Telugu,The tutorial can start until you earn your first point. Start a new game to try it.,Je kunt de tutorial starten totdat je je eerste punt haalt. Begin een nieuw spel om hem te proberen.,"నువ్వు ఇప్పటికే ఈ లెవెల్ ఆడుతున్నావు. దాన్ని పూర్తి చేయి లేదా కొత్త ఆట మొదలుపెట్టి, ట్యుటోరియల్ కోసం టోపీని మళ్లీ నొక్కు.","You are already playing this level. Finish it or start a new game, then tap the cap again to play the tutorial.",Je bent dit level al aan het spelen. Maak het af of begin een nieuw spel en tik dan opnieuw op het hoedje om de tutorial te spelen.,Body of the note shown when the walkthrough cannot be armed because the player has already earned a point. Explains what to do instead.,Localizable.xcstrings
tutorial.notice.message,en_nl_changed,th,Thai,The tutorial can start until you earn your first point. Start a new game to try it.,Je kunt de tutorial starten totdat je je eerste punt haalt. Begin een nieuw spel om hem te proberen.,คุณกำลังเล่นด่านนี้อยู่ เล่นให้จบหรือเริ่มเกมใหม่ แล้วแตะหมวกอีกครั้งเพื่อเล่นบทสอน,"You are already playing this level. Finish it or start a new game, then tap the cap again to play the tutorial.",Je bent dit level al aan het spelen. Maak het af of begin een nieuw spel en tik dan opnieuw op het hoedje om de tutorial te spelen.,Body of the note shown when the walkthrough cannot be armed because the player has already earned a point. Explains what to do instead.,Localizable.xcstrings
tutorial.notice.message,en_nl_changed,tr,Turkish,The tutorial can start until you earn your first point. Start a new game to try it.,Je kunt de tutorial starten totdat je je eerste punt haalt. Begin een nieuw spel om hem te proberen.,Bu seviyeyi zaten oynuyorsun. Bitir ya da yeni bir oyun başlat. Sonra eğitim için şapkaya tekrar dokun.,"You are already playing this level. Finish it or start a new game, then tap the cap again to play the tutorial.",Je bent dit level al aan het spelen. Maak het af of begin een nieuw spel en tik dan opnieuw op het hoedje om de tutorial te spelen.,Body of the note shown when the walkthrough cannot be armed because the player has already earned a point. Explains what to do instead.,Localizable.xcstrings
tutorial.notice.message,en_nl_changed,ug,Uyghur,The tutorial can start until you earn your first point. Start a new game to try it.,Je kunt de tutorial starten totdat je je eerste punt haalt. Begin een nieuw spel om hem te proberen.,بۇ دەرىجىنى ئاللىبۇرۇن ئويناۋاتىسەن. تۈگەت ياكى يېڭى ئويۇن باشلا، ئاندىن قوللانما ئۈچۈن قالپاقنى يەنە باس.,"You are already playing this level. Finish it or start a new game, then tap the cap again to play the tutorial.",Je bent dit level al aan het spelen. Maak het af of begin een nieuw spel en tik dan opnieuw op het hoedje om de tutorial te spelen.,Body of the note shown when the walkthrough cannot be armed because the player has already earned a point. Explains what to do instead.,Localizable.xcstrings
tutorial.notice.message,en_nl_changed,uk,Ukrainian,The tutorial can start until you earn your first point. Start a new game to try it.,Je kunt de tutorial starten totdat je je eerste punt haalt. Begin een nieuw spel om hem te proberen.,"Ти вже граєш цей рівень. Заверши його або почни нову гру, а тоді знову натисни на шапочку, щоб пройти навчання.","You are already playing this level. Finish it or start a new game, then tap the cap again to play the tutorial.",Je bent dit level al aan het spelen. Maak het af of begin een nieuw spel en tik dan opnieuw op het hoedje om de tutorial te spelen.,Body of the note shown when the walkthrough cannot be armed because the player has already earned a point. Explains what to do instead.,Localizable.xcstrings
tutorial.notice.message,en_nl_changed,ur,Urdu,The tutorial can start until you earn your first point. Start a new game to try it.,Je kunt de tutorial starten totdat je je eerste punt haalt. Begin een nieuw spel om hem te proberen.,آپ یہ لیول پہلے ہی کھیل رہے ہیں۔ اسے مکمل کریں یا نیا کھیل شروع کریں، پھر ٹیوٹوریل کے لیے ٹوپی پر دوبارہ ٹیپ کریں۔,"You are already playing this level. Finish it or start a new game, then tap the cap again to play the tutorial.",Je bent dit level al aan het spelen. Maak het af of begin een nieuw spel en tik dan opnieuw op het hoedje om de tutorial te spelen.,Body of the note shown when the walkthrough cannot be armed because the player has already earned a point. Explains what to do instead.,Localizable.xcstrings
tutorial.notice.message,en_nl_changed,uz,Uzbek,The tutorial can start until you earn your first point. Start a new game to try it.,Je kunt de tutorial starten totdat je je eerste punt haalt. Begin een nieuw spel om hem te proberen.,"Sen bu bosqichni allaqachon o‘ynayapsan. Uni tugat yoki yangi o‘yin boshla, so‘ng o‘rgatish uchun qalpoqchani yana bos.","You are already playing this level. Finish it or start a new game, then tap the cap again to play the tutorial.",Je bent dit level al aan het spelen. Maak het af of begin een nieuw spel en tik dan opnieuw op het hoedje om de tutorial te spelen.,Body of the note shown when the walkthrough cannot be armed because the player has already earned a point. Explains what to do instead.,Localizable.xcstrings
tutorial.notice.message,en_nl_changed,vi,Vietnamese,The tutorial can start until you earn your first point. Start a new game to try it.,Je kunt de tutorial starten totdat je je eerste punt haalt. Begin een nieuw spel om hem te proberen.,"Bạn đang chơi màn này. Hãy chơi xong hoặc bắt đầu trò mới, rồi bấm lại vào mũ để xem hướng dẫn.","You are already playing this level. Finish it or start a new game, then tap the cap again to play the tutorial.",Je bent dit level al aan het spelen. Maak het af of begin een nieuw spel en tik dan opnieuw op het hoedje om de tutorial te spelen.,Body of the note shown when the walkthrough cannot be armed because the player has already earned a point. Explains what to do instead.,Localizable.xcstrings
tutorial.notice.message,en_nl_changed,zh,Chinese,The tutorial can start until you earn your first point. Start a new game to try it.,Je kunt de tutorial starten totdat je je eerste punt haalt. Begin een nieuw spel om hem te proberen.,你已经在玩这个关卡了。先完成它或开始新游戏，然后再点一次帽子开始教程。,"You are already playing this level. Finish it or start a new game, then tap the cap again to play the tutorial.",Je bent dit level al aan het spelen. Maak het af of begin een nieuw spel en tik dan opnieuw op het hoedje om de tutorial te spelen.,Body of the note shown when the walkthrough cannot be armed because the player has already earned a point. Explains what to do instead.,Localizable.xcstrings
tutorial.notice.message,en_nl_changed,zu,Zulu,The tutorial can start until you earn your first point. Start a new game to try it.,Je kunt de tutorial starten totdat je je eerste punt haalt. Begin een nieuw spel om hem te proberen.,"Usuvele udlala leli zinga. Liqede noma uqale umdlalo omusha, bese uthinta isigqoko futhi ukuze udlale ukufundiswa.","You are already playing this level. Finish it or start a new game, then tap the cap again to play the tutorial.",Je bent dit level al aan het spelen. Maak het af of begin een nieuw spel en tik dan opnieuw op het hoedje om de tutorial te spelen.,Body of the note shown when the walkthrough cannot be armed because the player has already earned a point. Explains what to do instead.,Localizable.xcstrings
tutorial.notice.title,en_nl_changed,af,Afrikaans,Before your first point,Voor je eerste punt,Net aan die begin van 'n speletjie,Only at the start of a game,Alleen bij een nieuw spel,Title of the note shown when the walkthrough cannot be armed because the player has already earned a point.,Localizable.xcstrings
tutorial.notice.title,en_nl_changed,am,Amharic,Before your first point,Voor je eerste punt,በአዲስ ጨዋታ ብቻ,Only at the start of a game,Alleen bij een nieuw spel,Title of the note shown when the walkthrough cannot be armed because the player has already earned a point.,Localizable.xcstrings
tutorial.notice.title,en_nl_changed,ar,Arabic,Before your first point,Voor je eerste punt,فقط عند بدء لعبة جديدة,Only at the start of a game,Alleen bij een nieuw spel,Title of the note shown when the walkthrough cannot be armed because the player has already earned a point.,Localizable.xcstrings
tutorial.notice.title,en_nl_changed,as,Assamese,Before your first point,Voor je eerste punt,কেৱল নতুন খেলত,Only at the start of a game,Alleen bij een nieuw spel,Title of the note shown when the walkthrough cannot be armed because the player has already earned a point.,Localizable.xcstrings
tutorial.notice.title,en_nl_changed,az,Azerbaijani,Before your first point,Voor je eerste punt,Yalnız yeni oyunda,Only at the start of a game,Alleen bij een nieuw spel,Title of the note shown when the walkthrough cannot be armed because the player has already earned a point.,Localizable.xcstrings
tutorial.notice.title,en_nl_changed,be,Belarusian,Before your first point,Voor je eerste punt,Толькі ў пачатку гульні,Only at the start of a game,Alleen bij een nieuw spel,Title of the note shown when the walkthrough cannot be armed because the player has already earned a point.,Localizable.xcstrings
tutorial.notice.title,en_nl_changed,bg,Bulgarian,Before your first point,Voor je eerste punt,Само при нова игра,Only at the start of a game,Alleen bij een nieuw spel,Title of the note shown when the walkthrough cannot be armed because the player has already earned a point.,Localizable.xcstrings
tutorial.notice.title,en_nl_changed,bn,Bengali,Before your first point,Voor je eerste punt,শুধু খেলার শুরুতে,Only at the start of a game,Alleen bij een nieuw spel,Title of the note shown when the walkthrough cannot be armed because the player has already earned a point.,Localizable.xcstrings
tutorial.notice.title,en_nl_changed,bo,Tibetan,Before your first point,Voor je eerste punt,རྩེད་མོ་གསར་པའི་འགོར་ཁོ་ན,Only at the start of a game,Alleen bij een nieuw spel,Title of the note shown when the walkthrough cannot be armed because the player has already earned a point.,Localizable.xcstrings
tutorial.notice.title,en_nl_changed,bs,Bosnian,Before your first point,Voor je eerste punt,Samo na početku igre,Only at the start of a game,Alleen bij een nieuw spel,Title of the note shown when the walkthrough cannot be armed because the player has already earned a point.,Localizable.xcstrings
tutorial.notice.title,en_nl_changed,ca,Catalan,Before your first point,Voor je eerste punt,Només a l’inici d’una partida,Only at the start of a game,Alleen bij een nieuw spel,Title of the note shown when the walkthrough cannot be armed because the player has already earned a point.,Localizable.xcstrings
tutorial.notice.title,en_nl_changed,cs,Czech,Before your first point,Voor je eerste punt,Jen na začátku hry,Only at the start of a game,Alleen bij een nieuw spel,Title of the note shown when the walkthrough cannot be armed because the player has already earned a point.,Localizable.xcstrings
tutorial.notice.title,en_nl_changed,cy,Welsh,Before your first point,Voor je eerste punt,Dim ond ar ddechrau gêm,Only at the start of a game,Alleen bij een nieuw spel,Title of the note shown when the walkthrough cannot be armed because the player has already earned a point.,Localizable.xcstrings
tutorial.notice.title,en_nl_changed,da,Danish,Before your first point,Voor je eerste punt,Kun ved et nyt spil,Only at the start of a game,Alleen bij een nieuw spel,Title of the note shown when the walkthrough cannot be armed because the player has already earned a point.,Localizable.xcstrings
tutorial.notice.title,en_nl_changed,de,German,Before your first point,Voor je eerste punt,Nur am Spielanfang,Only at the start of a game,Alleen bij een nieuw spel,Title of the note shown when the walkthrough cannot be armed because the player has already earned a point.,Localizable.xcstrings
tutorial.notice.title,en_nl_changed,el,Greek,Before your first point,Voor je eerste punt,Μόνο στην αρχή του παιχνιδιού,Only at the start of a game,Alleen bij een nieuw spel,Title of the note shown when the walkthrough cannot be armed because the player has already earned a point.,Localizable.xcstrings
tutorial.notice.title,en_nl_changed,es,Spanish,Before your first point,Voor je eerste punt,Solo al empezar una partida,Only at the start of a game,Alleen bij een nieuw spel,Title of the note shown when the walkthrough cannot be armed because the player has already earned a point.,Localizable.xcstrings
tutorial.notice.title,en_nl_changed,et,Estonian,Before your first point,Voor je eerste punt,Ainult mängu alguses,Only at the start of a game,Alleen bij een nieuw spel,Title of the note shown when the walkthrough cannot be armed because the player has already earned a point.,Localizable.xcstrings
tutorial.notice.title,en_nl_changed,eu,Basque,Before your first point,Voor je eerste punt,Jokoaren hasieran bakarrik,Only at the start of a game,Alleen bij een nieuw spel,Title of the note shown when the walkthrough cannot be armed because the player has already earned a point.,Localizable.xcstrings
tutorial.notice.title,en_nl_changed,fa,Persian,Before your first point,Voor je eerste punt,فقط اول بازی,Only at the start of a game,Alleen bij een nieuw spel,Title of the note shown when the walkthrough cannot be armed because the player has already earned a point.,Localizable.xcstrings
tutorial.notice.title,en_nl_changed,fi,Finnish,Before your first point,Voor je eerste punt,Vain uuden pelin alussa,Only at the start of a game,Alleen bij een nieuw spel,Title of the note shown when the walkthrough cannot be armed because the player has already earned a point.,Localizable.xcstrings
tutorial.notice.title,en_nl_changed,fo,Faroese,Before your first point,Voor je eerste punt,Bara í byrjanini,Only at the start of a game,Alleen bij een nieuw spel,Title of the note shown when the walkthrough cannot be armed because the player has already earned a point.,Localizable.xcstrings
tutorial.notice.title,en_nl_changed,fr,French,Before your first point,Voor je eerste punt,Seulement au début d’une partie,Only at the start of a game,Alleen bij een nieuw spel,Title of the note shown when the walkthrough cannot be armed because the player has already earned a point.,Localizable.xcstrings
tutorial.notice.title,en_nl_changed,ga,Irish,Before your first point,Voor je eerste punt,Ag tús cluiche amháin,Only at the start of a game,Alleen bij een nieuw spel,Title of the note shown when the walkthrough cannot be armed because the player has already earned a point.,Localizable.xcstrings
tutorial.notice.title,en_nl_changed,gl,Galician,Before your first point,Voor je eerste punt,Só ao comezo da partida,Only at the start of a game,Alleen bij een nieuw spel,Title of the note shown when the walkthrough cannot be armed because the player has already earned a point.,Localizable.xcstrings
tutorial.notice.title,en_nl_changed,gu,Gujarati,Before your first point,Voor je eerste punt,ફક્ત નવી રમતની શરૂઆતમાં,Only at the start of a game,Alleen bij een nieuw spel,Title of the note shown when the walkthrough cannot be armed because the player has already earned a point.,Localizable.xcstrings
tutorial.notice.title,en_nl_changed,he,Hebrew,Before your first point,Voor je eerste punt,רק בתחילת משחק,Only at the start of a game,Alleen bij een nieuw spel,Title of the note shown when the walkthrough cannot be armed because the player has already earned a point.,Localizable.xcstrings
tutorial.notice.title,en_nl_changed,hi,Hindi,Before your first point,Voor je eerste punt,सिर्फ नए खेल की शुरुआत में,Only at the start of a game,Alleen bij een nieuw spel,Title of the note shown when the walkthrough cannot be armed because the player has already earned a point.,Localizable.xcstrings
tutorial.notice.title,en_nl_changed,hr,Croatian,Before your first point,Voor je eerste punt,Samo na početku igre,Only at the start of a game,Alleen bij een nieuw spel,Title of the note shown when the walkthrough cannot be armed because the player has already earned a point.,Localizable.xcstrings
tutorial.notice.title,en_nl_changed,hu,Hungarian,Before your first point,Voor je eerste punt,Csak a játék elején,Only at the start of a game,Alleen bij een nieuw spel,Title of the note shown when the walkthrough cannot be armed because the player has already earned a point.,Localizable.xcstrings
tutorial.notice.title,en_nl_changed,hy,Armenian,Before your first point,Voor je eerste punt,Միայն նոր խաղի սկզբում,Only at the start of a game,Alleen bij een nieuw spel,Title of the note shown when the walkthrough cannot be armed because the player has already earned a point.,Localizable.xcstrings
tutorial.notice.title,en_nl_changed,id,Indonesian,Before your first point,Voor je eerste punt,Hanya di awal permainan,Only at the start of a game,Alleen bij een nieuw spel,Title of the note shown when the walkthrough cannot be armed because the player has already earned a point.,Localizable.xcstrings
tutorial.notice.title,en_nl_changed,is,Icelandic,Before your first point,Voor je eerste punt,Aðeins í byrjun leiks,Only at the start of a game,Alleen bij een nieuw spel,Title of the note shown when the walkthrough cannot be armed because the player has already earned a point.,Localizable.xcstrings
tutorial.notice.title,en_nl_changed,it,Italian,Before your first point,Voor je eerste punt,Solo a inizio partita,Only at the start of a game,Alleen bij een nieuw spel,Title of the note shown when the walkthrough cannot be armed because the player has already earned a point.,Localizable.xcstrings
tutorial.notice.title,en_nl_changed,ja,Japanese,Before your first point,Voor je eerste punt,ゲームの最初だけ,Only at the start of a game,Alleen bij een nieuw spel,Title of the note shown when the walkthrough cannot be armed because the player has already earned a point.,Localizable.xcstrings
tutorial.notice.title,en_nl_changed,ka,Georgian,Before your first point,Voor je eerste punt,მხოლოდ თამაშის დასაწყისში,Only at the start of a game,Alleen bij een nieuw spel,Title of the note shown when the walkthrough cannot be armed because the player has already earned a point.,Localizable.xcstrings
tutorial.notice.title,en_nl_changed,kk,Kazakh,Before your first point,Voor je eerste punt,Тек ойын басында,Only at the start of a game,Alleen bij een nieuw spel,Title of the note shown when the walkthrough cannot be armed because the player has already earned a point.,Localizable.xcstrings
tutorial.notice.title,en_nl_changed,km,Khmer,Before your first point,Voor je eerste punt,បានតែនៅដើមហ្គេម,Only at the start of a game,Alleen bij een nieuw spel,Title of the note shown when the walkthrough cannot be armed because the player has already earned a point.,Localizable.xcstrings
tutorial.notice.title,en_nl_changed,kn,Kannada,Before your first point,Voor je eerste punt,ಹೊಸ ಆಟದ ಆರಂಭದಲ್ಲಿ ಮಾತ್ರ,Only at the start of a game,Alleen bij een nieuw spel,Title of the note shown when the walkthrough cannot be armed because the player has already earned a point.,Localizable.xcstrings
tutorial.notice.title,en_nl_changed,ko,Korean,Before your first point,Voor je eerste punt,게임 시작할 때만,Only at the start of a game,Alleen bij een nieuw spel,Title of the note shown when the walkthrough cannot be armed because the player has already earned a point.,Localizable.xcstrings
tutorial.notice.title,en_nl_changed,lo,Lao,Before your first point,Voor je eerste punt,ໄດ້ສະເພາະຕອນເລີ່ມເກມ,Only at the start of a game,Alleen bij een nieuw spel,Title of the note shown when the walkthrough cannot be armed because the player has already earned a point.,Localizable.xcstrings
tutorial.notice.title,en_nl_changed,lt,Lithuanian,Before your first point,Voor je eerste punt,Tik naujo žaidimo pradžioje,Only at the start of a game,Alleen bij een nieuw spel,Title of the note shown when the walkthrough cannot be armed because the player has already earned a point.,Localizable.xcstrings
tutorial.notice.title,en_nl_changed,lv,Latvian,Before your first point,Voor je eerste punt,Tikai jaunas spēles sākumā,Only at the start of a game,Alleen bij een nieuw spel,Title of the note shown when the walkthrough cannot be armed because the player has already earned a point.,Localizable.xcstrings
tutorial.notice.title,en_nl_changed,mk,Macedonian,Before your first point,Voor je eerste punt,Само на почетокот,Only at the start of a game,Alleen bij een nieuw spel,Title of the note shown when the walkthrough cannot be armed because the player has already earned a point.,Localizable.xcstrings
tutorial.notice.title,en_nl_changed,ml,Malayalam,Before your first point,Voor je eerste punt,പുതിയ കളിയുടെ തുടക്കത്തിൽ മാത്രം,Only at the start of a game,Alleen bij een nieuw spel,Title of the note shown when the walkthrough cannot be armed because the player has already earned a point.,Localizable.xcstrings
tutorial.notice.title,en_nl_changed,mn,Mongolian,Before your first point,Voor je eerste punt,Зөвхөн шинэ тоглоомын эхэнд,Only at the start of a game,Alleen bij een nieuw spel,Title of the note shown when the walkthrough cannot be armed because the player has already earned a point.,Localizable.xcstrings
tutorial.notice.title,en_nl_changed,mr,Marathi,Before your first point,Voor je eerste punt,फक्त नव्या खेळाच्या सुरुवातीला,Only at the start of a game,Alleen bij een nieuw spel,Title of the note shown when the walkthrough cannot be armed because the player has already earned a point.,Localizable.xcstrings
tutorial.notice.title,en_nl_changed,ms,Malay,Before your first point,Voor je eerste punt,Hanya pada awal permainan,Only at the start of a game,Alleen bij een nieuw spel,Title of the note shown when the walkthrough cannot be armed because the player has already earned a point.,Localizable.xcstrings
tutorial.notice.title,en_nl_changed,my,Burmese,Before your first point,Voor je eerste punt,ဂိမ်းစချိန်မှာပဲ,Only at the start of a game,Alleen bij een nieuw spel,Title of the note shown when the walkthrough cannot be armed because the player has already earned a point.,Localizable.xcstrings
tutorial.notice.title,en_nl_changed,nb,Norwegian,Before your first point,Voor je eerste punt,Bare ved starten av et spill,Only at the start of a game,Alleen bij een nieuw spel,Title of the note shown when the walkthrough cannot be armed because the player has already earned a point.,Localizable.xcstrings
tutorial.notice.title,en_nl_changed,ne,Nepali,Before your first point,Voor je eerste punt,खेलको सुरुमा मात्र,Only at the start of a game,Alleen bij een nieuw spel,Title of the note shown when the walkthrough cannot be armed because the player has already earned a point.,Localizable.xcstrings
tutorial.notice.title,en_nl_changed,or,Odia,Before your first point,Voor je eerste punt,କେବଳ ନୂଆ ଖେଳରେ,Only at the start of a game,Alleen bij een nieuw spel,Title of the note shown when the walkthrough cannot be armed because the player has already earned a point.,Localizable.xcstrings
tutorial.notice.title,en_nl_changed,pa,Punjabi,Before your first point,Voor je eerste punt,ਸਿਰਫ਼ ਨਵੀਂ ਖੇਡ ਦੀ ਸ਼ੁਰੂਆਤ ਵਿੱਚ,Only at the start of a game,Alleen bij een nieuw spel,Title of the note shown when the walkthrough cannot be armed because the player has already earned a point.,Localizable.xcstrings
tutorial.notice.title,en_nl_changed,pl,Polish,Before your first point,Voor je eerste punt,Tylko na początku gry,Only at the start of a game,Alleen bij een nieuw spel,Title of the note shown when the walkthrough cannot be armed because the player has already earned a point.,Localizable.xcstrings
tutorial.notice.title,en_nl_changed,pt,Portuguese,Before your first point,Voor je eerste punt,Só no início de um jogo,Only at the start of a game,Alleen bij een nieuw spel,Title of the note shown when the walkthrough cannot be armed because the player has already earned a point.,Localizable.xcstrings
tutorial.notice.title,en_nl_changed,ro,Romanian,Before your first point,Voor je eerste punt,Doar la începutul jocului,Only at the start of a game,Alleen bij een nieuw spel,Title of the note shown when the walkthrough cannot be armed because the player has already earned a point.,Localizable.xcstrings
tutorial.notice.title,en_nl_changed,ru,Russian,Before your first point,Voor je eerste punt,Только в начале игры,Only at the start of a game,Alleen bij een nieuw spel,Title of the note shown when the walkthrough cannot be armed because the player has already earned a point.,Localizable.xcstrings
tutorial.notice.title,en_nl_changed,si,Sinhala,Before your first point,Voor je eerste punt,ක්‍රීඩාව පටන් ගන්නකොට විතරයි,Only at the start of a game,Alleen bij een nieuw spel,Title of the note shown when the walkthrough cannot be armed because the player has already earned a point.,Localizable.xcstrings
tutorial.notice.title,en_nl_changed,sk,Slovak,Before your first point,Voor je eerste punt,Len na začiatku hry,Only at the start of a game,Alleen bij een nieuw spel,Title of the note shown when the walkthrough cannot be armed because the player has already earned a point.,Localizable.xcstrings
tutorial.notice.title,en_nl_changed,sl,Slovenian,Before your first point,Voor je eerste punt,Samo ob začetku igre,Only at the start of a game,Alleen bij een nieuw spel,Title of the note shown when the walkthrough cannot be armed because the player has already earned a point.,Localizable.xcstrings
tutorial.notice.title,en_nl_changed,sq,Albanian,Before your first point,Voor je eerste punt,Vetëm në fillim të lojës,Only at the start of a game,Alleen bij een nieuw spel,Title of the note shown when the walkthrough cannot be armed because the player has already earned a point.,Localizable.xcstrings
tutorial.notice.title,en_nl_changed,sr,Serbian,Before your first point,Voor je eerste punt,Samo na početku igre,Only at the start of a game,Alleen bij een nieuw spel,Title of the note shown when the walkthrough cannot be armed because the player has already earned a point.,Localizable.xcstrings
tutorial.notice.title,en_nl_changed,sv,Swedish,Before your first point,Voor je eerste punt,Bara vid ett nytt spel,Only at the start of a game,Alleen bij een nieuw spel,Title of the note shown when the walkthrough cannot be armed because the player has already earned a point.,Localizable.xcstrings
tutorial.notice.title,en_nl_changed,sw,Swahili,Before your first point,Voor je eerste punt,Mwanzoni mwa mchezo tu,Only at the start of a game,Alleen bij een nieuw spel,Title of the note shown when the walkthrough cannot be armed because the player has already earned a point.,Localizable.xcstrings
tutorial.notice.title,en_nl_changed,ta,Tamil,Before your first point,Voor je eerste punt,புதிய விளையாட்டில் மட்டும்,Only at the start of a game,Alleen bij een nieuw spel,Title of the note shown when the walkthrough cannot be armed because the player has already earned a point.,Localizable.xcstrings
tutorial.notice.title,en_nl_changed,te,Telugu,Before your first point,Voor je eerste punt,కొత్త ఆటలో మాత్రమే,Only at the start of a game,Alleen bij een nieuw spel,Title of the note shown when the walkthrough cannot be armed because the player has already earned a point.,Localizable.xcstrings
tutorial.notice.title,en_nl_changed,th,Thai,Before your first point,Voor je eerste punt,ใช้ได้ตอนเริ่มเกมเท่านั้น,Only at the start of a game,Alleen bij een nieuw spel,Title of the note shown when the walkthrough cannot be armed because the player has already earned a point.,Localizable.xcstrings
tutorial.notice.title,en_nl_changed,tr,Turkish,Before your first point,Voor je eerste punt,Sadece oyunun başında,Only at the start of a game,Alleen bij een nieuw spel,Title of the note shown when the walkthrough cannot be armed because the player has already earned a point.,Localizable.xcstrings
tutorial.notice.title,en_nl_changed,ug,Uyghur,Before your first point,Voor je eerste punt,پەقەت يېڭى ئويۇندا,Only at the start of a game,Alleen bij een nieuw spel,Title of the note shown when the walkthrough cannot be armed because the player has already earned a point.,Localizable.xcstrings
tutorial.notice.title,en_nl_changed,uk,Ukrainian,Before your first point,Voor je eerste punt,Лише на початку гри,Only at the start of a game,Alleen bij een nieuw spel,Title of the note shown when the walkthrough cannot be armed because the player has already earned a point.,Localizable.xcstrings
tutorial.notice.title,en_nl_changed,ur,Urdu,Before your first point,Voor je eerste punt,صرف نئے کھیل کے آغاز میں,Only at the start of a game,Alleen bij een nieuw spel,Title of the note shown when the walkthrough cannot be armed because the player has already earned a point.,Localizable.xcstrings
tutorial.notice.title,en_nl_changed,uz,Uzbek,Before your first point,Voor je eerste punt,Faqat o‘yin boshida,Only at the start of a game,Alleen bij een nieuw spel,Title of the note shown when the walkthrough cannot be armed because the player has already earned a point.,Localizable.xcstrings
tutorial.notice.title,en_nl_changed,vi,Vietnamese,Before your first point,Voor je eerste punt,Chỉ khi bắt đầu trò chơi,Only at the start of a game,Alleen bij een nieuw spel,Title of the note shown when the walkthrough cannot be armed because the player has already earned a point.,Localizable.xcstrings
tutorial.notice.title,en_nl_changed,zh,Chinese,Before your first point,Voor je eerste punt,只能在新游戏开始时,Only at the start of a game,Alleen bij een nieuw spel,Title of the note shown when the walkthrough cannot be armed because the player has already earned a point.,Localizable.xcstrings
tutorial.notice.title,en_nl_changed,zu,Zulu,Before your first point,Voor je eerste punt,Ekuqaleni komdlalo kuphela,Only at the start of a game,Alleen bij een nieuw spel,Title of the note shown when the walkthrough cannot be armed because the player has already earned a point.,Localizable.xcstrings
CFBundleDisplayName,missing,af,Afrikaans,Number Reef,Rekenrif,,,,"The app's name under its icon on the home screen. Follows the device language, not the in-app language switch, so it can differ from the language the game is being played in.",InfoPlist.xcstrings
CFBundleDisplayName,missing,am,Amharic,Number Reef,Rekenrif,,,,"The app's name under its icon on the home screen. Follows the device language, not the in-app language switch, so it can differ from the language the game is being played in.",InfoPlist.xcstrings
CFBundleDisplayName,missing,ar,Arabic,Number Reef,Rekenrif,,,,"The app's name under its icon on the home screen. Follows the device language, not the in-app language switch, so it can differ from the language the game is being played in.",InfoPlist.xcstrings
CFBundleDisplayName,missing,as,Assamese,Number Reef,Rekenrif,,,,"The app's name under its icon on the home screen. Follows the device language, not the in-app language switch, so it can differ from the language the game is being played in.",InfoPlist.xcstrings
CFBundleDisplayName,missing,az,Azerbaijani,Number Reef,Rekenrif,,,,"The app's name under its icon on the home screen. Follows the device language, not the in-app language switch, so it can differ from the language the game is being played in.",InfoPlist.xcstrings
CFBundleDisplayName,missing,be,Belarusian,Number Reef,Rekenrif,,,,"The app's name under its icon on the home screen. Follows the device language, not the in-app language switch, so it can differ from the language the game is being played in.",InfoPlist.xcstrings
CFBundleDisplayName,missing,bg,Bulgarian,Number Reef,Rekenrif,,,,"The app's name under its icon on the home screen. Follows the device language, not the in-app language switch, so it can differ from the language the game is being played in.",InfoPlist.xcstrings
CFBundleDisplayName,missing,bn,Bengali,Number Reef,Rekenrif,,,,"The app's name under its icon on the home screen. Follows the device language, not the in-app language switch, so it can differ from the language the game is being played in.",InfoPlist.xcstrings
CFBundleDisplayName,missing,bo,Tibetan,Number Reef,Rekenrif,,,,"The app's name under its icon on the home screen. Follows the device language, not the in-app language switch, so it can differ from the language the game is being played in.",InfoPlist.xcstrings
CFBundleDisplayName,missing,bs,Bosnian,Number Reef,Rekenrif,,,,"The app's name under its icon on the home screen. Follows the device language, not the in-app language switch, so it can differ from the language the game is being played in.",InfoPlist.xcstrings
CFBundleDisplayName,missing,ca,Catalan,Number Reef,Rekenrif,,,,"The app's name under its icon on the home screen. Follows the device language, not the in-app language switch, so it can differ from the language the game is being played in.",InfoPlist.xcstrings
CFBundleDisplayName,missing,cs,Czech,Number Reef,Rekenrif,,,,"The app's name under its icon on the home screen. Follows the device language, not the in-app language switch, so it can differ from the language the game is being played in.",InfoPlist.xcstrings
CFBundleDisplayName,missing,cy,Welsh,Number Reef,Rekenrif,,,,"The app's name under its icon on the home screen. Follows the device language, not the in-app language switch, so it can differ from the language the game is being played in.",InfoPlist.xcstrings
CFBundleDisplayName,missing,da,Danish,Number Reef,Rekenrif,,,,"The app's name under its icon on the home screen. Follows the device language, not the in-app language switch, so it can differ from the language the game is being played in.",InfoPlist.xcstrings
CFBundleDisplayName,missing,de,German,Number Reef,Rekenrif,,,,"The app's name under its icon on the home screen. Follows the device language, not the in-app language switch, so it can differ from the language the game is being played in.",InfoPlist.xcstrings
CFBundleDisplayName,missing,el,Greek,Number Reef,Rekenrif,,,,"The app's name under its icon on the home screen. Follows the device language, not the in-app language switch, so it can differ from the language the game is being played in.",InfoPlist.xcstrings
CFBundleDisplayName,missing,es,Spanish,Number Reef,Rekenrif,,,,"The app's name under its icon on the home screen. Follows the device language, not the in-app language switch, so it can differ from the language the game is being played in.",InfoPlist.xcstrings
CFBundleDisplayName,missing,et,Estonian,Number Reef,Rekenrif,,,,"The app's name under its icon on the home screen. Follows the device language, not the in-app language switch, so it can differ from the language the game is being played in.",InfoPlist.xcstrings
CFBundleDisplayName,missing,eu,Basque,Number Reef,Rekenrif,,,,"The app's name under its icon on the home screen. Follows the device language, not the in-app language switch, so it can differ from the language the game is being played in.",InfoPlist.xcstrings
CFBundleDisplayName,missing,fa,Persian,Number Reef,Rekenrif,,,,"The app's name under its icon on the home screen. Follows the device language, not the in-app language switch, so it can differ from the language the game is being played in.",InfoPlist.xcstrings
CFBundleDisplayName,missing,fi,Finnish,Number Reef,Rekenrif,,,,"The app's name under its icon on the home screen. Follows the device language, not the in-app language switch, so it can differ from the language the game is being played in.",InfoPlist.xcstrings
CFBundleDisplayName,missing,fo,Faroese,Number Reef,Rekenrif,,,,"The app's name under its icon on the home screen. Follows the device language, not the in-app language switch, so it can differ from the language the game is being played in.",InfoPlist.xcstrings
CFBundleDisplayName,missing,fr,French,Number Reef,Rekenrif,,,,"The app's name under its icon on the home screen. Follows the device language, not the in-app language switch, so it can differ from the language the game is being played in.",InfoPlist.xcstrings
CFBundleDisplayName,missing,ga,Irish,Number Reef,Rekenrif,,,,"The app's name under its icon on the home screen. Follows the device language, not the in-app language switch, so it can differ from the language the game is being played in.",InfoPlist.xcstrings
CFBundleDisplayName,missing,gl,Galician,Number Reef,Rekenrif,,,,"The app's name under its icon on the home screen. Follows the device language, not the in-app language switch, so it can differ from the language the game is being played in.",InfoPlist.xcstrings
CFBundleDisplayName,missing,gu,Gujarati,Number Reef,Rekenrif,,,,"The app's name under its icon on the home screen. Follows the device language, not the in-app language switch, so it can differ from the language the game is being played in.",InfoPlist.xcstrings
CFBundleDisplayName,missing,he,Hebrew,Number Reef,Rekenrif,,,,"The app's name under its icon on the home screen. Follows the device language, not the in-app language switch, so it can differ from the language the game is being played in.",InfoPlist.xcstrings
CFBundleDisplayName,missing,hi,Hindi,Number Reef,Rekenrif,,,,"The app's name under its icon on the home screen. Follows the device language, not the in-app language switch, so it can differ from the language the game is being played in.",InfoPlist.xcstrings
CFBundleDisplayName,missing,hr,Croatian,Number Reef,Rekenrif,,,,"The app's name under its icon on the home screen. Follows the device language, not the in-app language switch, so it can differ from the language the game is being played in.",InfoPlist.xcstrings
CFBundleDisplayName,missing,hu,Hungarian,Number Reef,Rekenrif,,,,"The app's name under its icon on the home screen. Follows the device language, not the in-app language switch, so it can differ from the language the game is being played in.",InfoPlist.xcstrings
CFBundleDisplayName,missing,hy,Armenian,Number Reef,Rekenrif,,,,"The app's name under its icon on the home screen. Follows the device language, not the in-app language switch, so it can differ from the language the game is being played in.",InfoPlist.xcstrings
CFBundleDisplayName,missing,id,Indonesian,Number Reef,Rekenrif,,,,"The app's name under its icon on the home screen. Follows the device language, not the in-app language switch, so it can differ from the language the game is being played in.",InfoPlist.xcstrings
CFBundleDisplayName,missing,is,Icelandic,Number Reef,Rekenrif,,,,"The app's name under its icon on the home screen. Follows the device language, not the in-app language switch, so it can differ from the language the game is being played in.",InfoPlist.xcstrings
CFBundleDisplayName,missing,it,Italian,Number Reef,Rekenrif,,,,"The app's name under its icon on the home screen. Follows the device language, not the in-app language switch, so it can differ from the language the game is being played in.",InfoPlist.xcstrings
CFBundleDisplayName,missing,ja,Japanese,Number Reef,Rekenrif,,,,"The app's name under its icon on the home screen. Follows the device language, not the in-app language switch, so it can differ from the language the game is being played in.",InfoPlist.xcstrings
CFBundleDisplayName,missing,ka,Georgian,Number Reef,Rekenrif,,,,"The app's name under its icon on the home screen. Follows the device language, not the in-app language switch, so it can differ from the language the game is being played in.",InfoPlist.xcstrings
CFBundleDisplayName,missing,kk,Kazakh,Number Reef,Rekenrif,,,,"The app's name under its icon on the home screen. Follows the device language, not the in-app language switch, so it can differ from the language the game is being played in.",InfoPlist.xcstrings
CFBundleDisplayName,missing,km,Khmer,Number Reef,Rekenrif,,,,"The app's name under its icon on the home screen. Follows the device language, not the in-app language switch, so it can differ from the language the game is being played in.",InfoPlist.xcstrings
CFBundleDisplayName,missing,kn,Kannada,Number Reef,Rekenrif,,,,"The app's name under its icon on the home screen. Follows the device language, not the in-app language switch, so it can differ from the language the game is being played in.",InfoPlist.xcstrings
CFBundleDisplayName,missing,ko,Korean,Number Reef,Rekenrif,,,,"The app's name under its icon on the home screen. Follows the device language, not the in-app language switch, so it can differ from the language the game is being played in.",InfoPlist.xcstrings
CFBundleDisplayName,missing,lo,Lao,Number Reef,Rekenrif,,,,"The app's name under its icon on the home screen. Follows the device language, not the in-app language switch, so it can differ from the language the game is being played in.",InfoPlist.xcstrings
CFBundleDisplayName,missing,lt,Lithuanian,Number Reef,Rekenrif,,,,"The app's name under its icon on the home screen. Follows the device language, not the in-app language switch, so it can differ from the language the game is being played in.",InfoPlist.xcstrings
CFBundleDisplayName,missing,lv,Latvian,Number Reef,Rekenrif,,,,"The app's name under its icon on the home screen. Follows the device language, not the in-app language switch, so it can differ from the language the game is being played in.",InfoPlist.xcstrings
CFBundleDisplayName,missing,mk,Macedonian,Number Reef,Rekenrif,,,,"The app's name under its icon on the home screen. Follows the device language, not the in-app language switch, so it can differ from the language the game is being played in.",InfoPlist.xcstrings
CFBundleDisplayName,missing,ml,Malayalam,Number Reef,Rekenrif,,,,"The app's name under its icon on the home screen. Follows the device language, not the in-app language switch, so it can differ from the language the game is being played in.",InfoPlist.xcstrings
CFBundleDisplayName,missing,mn,Mongolian,Number Reef,Rekenrif,,,,"The app's name under its icon on the home screen. Follows the device language, not the in-app language switch, so it can differ from the language the game is being played in.",InfoPlist.xcstrings
CFBundleDisplayName,missing,mr,Marathi,Number Reef,Rekenrif,,,,"The app's name under its icon on the home screen. Follows the device language, not the in-app language switch, so it can differ from the language the game is being played in.",InfoPlist.xcstrings
CFBundleDisplayName,missing,ms,Malay,Number Reef,Rekenrif,,,,"The app's name under its icon on the home screen. Follows the device language, not the in-app language switch, so it can differ from the language the game is being played in.",InfoPlist.xcstrings
CFBundleDisplayName,missing,my,Burmese,Number Reef,Rekenrif,,,,"The app's name under its icon on the home screen. Follows the device language, not the in-app language switch, so it can differ from the language the game is being played in.",InfoPlist.xcstrings
CFBundleDisplayName,missing,nb,Norwegian,Number Reef,Rekenrif,,,,"The app's name under its icon on the home screen. Follows the device language, not the in-app language switch, so it can differ from the language the game is being played in.",InfoPlist.xcstrings
CFBundleDisplayName,missing,ne,Nepali,Number Reef,Rekenrif,,,,"The app's name under its icon on the home screen. Follows the device language, not the in-app language switch, so it can differ from the language the game is being played in.",InfoPlist.xcstrings
CFBundleDisplayName,missing,or,Odia,Number Reef,Rekenrif,,,,"The app's name under its icon on the home screen. Follows the device language, not the in-app language switch, so it can differ from the language the game is being played in.",InfoPlist.xcstrings
CFBundleDisplayName,missing,pa,Punjabi,Number Reef,Rekenrif,,,,"The app's name under its icon on the home screen. Follows the device language, not the in-app language switch, so it can differ from the language the game is being played in.",InfoPlist.xcstrings
CFBundleDisplayName,missing,pl,Polish,Number Reef,Rekenrif,,,,"The app's name under its icon on the home screen. Follows the device language, not the in-app language switch, so it can differ from the language the game is being played in.",InfoPlist.xcstrings
CFBundleDisplayName,missing,pt,Portuguese,Number Reef,Rekenrif,,,,"The app's name under its icon on the home screen. Follows the device language, not the in-app language switch, so it can differ from the language the game is being played in.",InfoPlist.xcstrings
CFBundleDisplayName,missing,ro,Romanian,Number Reef,Rekenrif,,,,"The app's name under its icon on the home screen. Follows the device language, not the in-app language switch, so it can differ from the language the game is being played in.",InfoPlist.xcstrings
CFBundleDisplayName,missing,ru,Russian,Number Reef,Rekenrif,,,,"The app's name under its icon on the home screen. Follows the device language, not the in-app language switch, so it can differ from the language the game is being played in.",InfoPlist.xcstrings
CFBundleDisplayName,missing,si,Sinhala,Number Reef,Rekenrif,,,,"The app's name under its icon on the home screen. Follows the device language, not the in-app language switch, so it can differ from the language the game is being played in.",InfoPlist.xcstrings
CFBundleDisplayName,missing,sk,Slovak,Number Reef,Rekenrif,,,,"The app's name under its icon on the home screen. Follows the device language, not the in-app language switch, so it can differ from the language the game is being played in.",InfoPlist.xcstrings
CFBundleDisplayName,missing,sl,Slovenian,Number Reef,Rekenrif,,,,"The app's name under its icon on the home screen. Follows the device language, not the in-app language switch, so it can differ from the language the game is being played in.",InfoPlist.xcstrings
CFBundleDisplayName,missing,sq,Albanian,Number Reef,Rekenrif,,,,"The app's name under its icon on the home screen. Follows the device language, not the in-app language switch, so it can differ from the language the game is being played in.",InfoPlist.xcstrings
CFBundleDisplayName,missing,sr,Serbian,Number Reef,Rekenrif,,,,"The app's name under its icon on the home screen. Follows the device language, not the in-app language switch, so it can differ from the language the game is being played in.",InfoPlist.xcstrings
CFBundleDisplayName,missing,sv,Swedish,Number Reef,Rekenrif,,,,"The app's name under its icon on the home screen. Follows the device language, not the in-app language switch, so it can differ from the language the game is being played in.",InfoPlist.xcstrings
CFBundleDisplayName,missing,sw,Swahili,Number Reef,Rekenrif,,,,"The app's name under its icon on the home screen. Follows the device language, not the in-app language switch, so it can differ from the language the game is being played in.",InfoPlist.xcstrings
CFBundleDisplayName,missing,ta,Tamil,Number Reef,Rekenrif,,,,"The app's name under its icon on the home screen. Follows the device language, not the in-app language switch, so it can differ from the language the game is being played in.",InfoPlist.xcstrings
CFBundleDisplayName,missing,te,Telugu,Number Reef,Rekenrif,,,,"The app's name under its icon on the home screen. Follows the device language, not the in-app language switch, so it can differ from the language the game is being played in.",InfoPlist.xcstrings
CFBundleDisplayName,missing,th,Thai,Number Reef,Rekenrif,,,,"The app's name under its icon on the home screen. Follows the device language, not the in-app language switch, so it can differ from the language the game is being played in.",InfoPlist.xcstrings
CFBundleDisplayName,missing,tr,Turkish,Number Reef,Rekenrif,,,,"The app's name under its icon on the home screen. Follows the device language, not the in-app language switch, so it can differ from the language the game is being played in.",InfoPlist.xcstrings
CFBundleDisplayName,missing,ug,Uyghur,Number Reef,Rekenrif,,,,"The app's name under its icon on the home screen. Follows the device language, not the in-app language switch, so it can differ from the language the game is being played in.",InfoPlist.xcstrings
CFBundleDisplayName,missing,uk,Ukrainian,Number Reef,Rekenrif,,,,"The app's name under its icon on the home screen. Follows the device language, not the in-app language switch, so it can differ from the language the game is being played in.",InfoPlist.xcstrings
CFBundleDisplayName,missing,ur,Urdu,Number Reef,Rekenrif,,,,"The app's name under its icon on the home screen. Follows the device language, not the in-app language switch, so it can differ from the language the game is being played in.",InfoPlist.xcstrings
CFBundleDisplayName,missing,uz,Uzbek,Number Reef,Rekenrif,,,,"The app's name under its icon on the home screen. Follows the device language, not the in-app language switch, so it can differ from the language the game is being played in.",InfoPlist.xcstrings
CFBundleDisplayName,missing,vi,Vietnamese,Number Reef,Rekenrif,,,,"The app's name under its icon on the home screen. Follows the device language, not the in-app language switch, so it can differ from the language the game is being played in.",InfoPlist.xcstrings
CFBundleDisplayName,missing,zh,Chinese,Number Reef,Rekenrif,,,,"The app's name under its icon on the home screen. Follows the device language, not the in-app language switch, so it can differ from the language the game is being played in.",InfoPlist.xcstrings
CFBundleDisplayName,missing,zu,Zulu,Number Reef,Rekenrif,,,,"The app's name under its icon on the home screen. Follows the device language, not the in-app language switch, so it can differ from the language the game is being played in.",InfoPlist.xcstrings
CFBundleName,missing,af,Afrikaans,Number Reef,Rekenrif,,,,"The short bundle name, used where the display name does not fit. Keep it under about 15 characters.",InfoPlist.xcstrings
CFBundleName,missing,am,Amharic,Number Reef,Rekenrif,,,,"The short bundle name, used where the display name does not fit. Keep it under about 15 characters.",InfoPlist.xcstrings
CFBundleName,missing,ar,Arabic,Number Reef,Rekenrif,,,,"The short bundle name, used where the display name does not fit. Keep it under about 15 characters.",InfoPlist.xcstrings
CFBundleName,missing,as,Assamese,Number Reef,Rekenrif,,,,"The short bundle name, used where the display name does not fit. Keep it under about 15 characters.",InfoPlist.xcstrings
CFBundleName,missing,az,Azerbaijani,Number Reef,Rekenrif,,,,"The short bundle name, used where the display name does not fit. Keep it under about 15 characters.",InfoPlist.xcstrings
CFBundleName,missing,be,Belarusian,Number Reef,Rekenrif,,,,"The short bundle name, used where the display name does not fit. Keep it under about 15 characters.",InfoPlist.xcstrings
CFBundleName,missing,bg,Bulgarian,Number Reef,Rekenrif,,,,"The short bundle name, used where the display name does not fit. Keep it under about 15 characters.",InfoPlist.xcstrings
CFBundleName,missing,bn,Bengali,Number Reef,Rekenrif,,,,"The short bundle name, used where the display name does not fit. Keep it under about 15 characters.",InfoPlist.xcstrings
CFBundleName,missing,bo,Tibetan,Number Reef,Rekenrif,,,,"The short bundle name, used where the display name does not fit. Keep it under about 15 characters.",InfoPlist.xcstrings
CFBundleName,missing,bs,Bosnian,Number Reef,Rekenrif,,,,"The short bundle name, used where the display name does not fit. Keep it under about 15 characters.",InfoPlist.xcstrings
CFBundleName,missing,ca,Catalan,Number Reef,Rekenrif,,,,"The short bundle name, used where the display name does not fit. Keep it under about 15 characters.",InfoPlist.xcstrings
CFBundleName,missing,cs,Czech,Number Reef,Rekenrif,,,,"The short bundle name, used where the display name does not fit. Keep it under about 15 characters.",InfoPlist.xcstrings
CFBundleName,missing,cy,Welsh,Number Reef,Rekenrif,,,,"The short bundle name, used where the display name does not fit. Keep it under about 15 characters.",InfoPlist.xcstrings
CFBundleName,missing,da,Danish,Number Reef,Rekenrif,,,,"The short bundle name, used where the display name does not fit. Keep it under about 15 characters.",InfoPlist.xcstrings
CFBundleName,missing,de,German,Number Reef,Rekenrif,,,,"The short bundle name, used where the display name does not fit. Keep it under about 15 characters.",InfoPlist.xcstrings
CFBundleName,missing,el,Greek,Number Reef,Rekenrif,,,,"The short bundle name, used where the display name does not fit. Keep it under about 15 characters.",InfoPlist.xcstrings
CFBundleName,missing,es,Spanish,Number Reef,Rekenrif,,,,"The short bundle name, used where the display name does not fit. Keep it under about 15 characters.",InfoPlist.xcstrings
CFBundleName,missing,et,Estonian,Number Reef,Rekenrif,,,,"The short bundle name, used where the display name does not fit. Keep it under about 15 characters.",InfoPlist.xcstrings
CFBundleName,missing,eu,Basque,Number Reef,Rekenrif,,,,"The short bundle name, used where the display name does not fit. Keep it under about 15 characters.",InfoPlist.xcstrings
CFBundleName,missing,fa,Persian,Number Reef,Rekenrif,,,,"The short bundle name, used where the display name does not fit. Keep it under about 15 characters.",InfoPlist.xcstrings
CFBundleName,missing,fi,Finnish,Number Reef,Rekenrif,,,,"The short bundle name, used where the display name does not fit. Keep it under about 15 characters.",InfoPlist.xcstrings
CFBundleName,missing,fo,Faroese,Number Reef,Rekenrif,,,,"The short bundle name, used where the display name does not fit. Keep it under about 15 characters.",InfoPlist.xcstrings
CFBundleName,missing,fr,French,Number Reef,Rekenrif,,,,"The short bundle name, used where the display name does not fit. Keep it under about 15 characters.",InfoPlist.xcstrings
CFBundleName,missing,ga,Irish,Number Reef,Rekenrif,,,,"The short bundle name, used where the display name does not fit. Keep it under about 15 characters.",InfoPlist.xcstrings
CFBundleName,missing,gl,Galician,Number Reef,Rekenrif,,,,"The short bundle name, used where the display name does not fit. Keep it under about 15 characters.",InfoPlist.xcstrings
CFBundleName,missing,gu,Gujarati,Number Reef,Rekenrif,,,,"The short bundle name, used where the display name does not fit. Keep it under about 15 characters.",InfoPlist.xcstrings
CFBundleName,missing,he,Hebrew,Number Reef,Rekenrif,,,,"The short bundle name, used where the display name does not fit. Keep it under about 15 characters.",InfoPlist.xcstrings
CFBundleName,missing,hi,Hindi,Number Reef,Rekenrif,,,,"The short bundle name, used where the display name does not fit. Keep it under about 15 characters.",InfoPlist.xcstrings
CFBundleName,missing,hr,Croatian,Number Reef,Rekenrif,,,,"The short bundle name, used where the display name does not fit. Keep it under about 15 characters.",InfoPlist.xcstrings
CFBundleName,missing,hu,Hungarian,Number Reef,Rekenrif,,,,"The short bundle name, used where the display name does not fit. Keep it under about 15 characters.",InfoPlist.xcstrings
CFBundleName,missing,hy,Armenian,Number Reef,Rekenrif,,,,"The short bundle name, used where the display name does not fit. Keep it under about 15 characters.",InfoPlist.xcstrings
CFBundleName,missing,id,Indonesian,Number Reef,Rekenrif,,,,"The short bundle name, used where the display name does not fit. Keep it under about 15 characters.",InfoPlist.xcstrings
CFBundleName,missing,is,Icelandic,Number Reef,Rekenrif,,,,"The short bundle name, used where the display name does not fit. Keep it under about 15 characters.",InfoPlist.xcstrings
CFBundleName,missing,it,Italian,Number Reef,Rekenrif,,,,"The short bundle name, used where the display name does not fit. Keep it under about 15 characters.",InfoPlist.xcstrings
CFBundleName,missing,ja,Japanese,Number Reef,Rekenrif,,,,"The short bundle name, used where the display name does not fit. Keep it under about 15 characters.",InfoPlist.xcstrings
CFBundleName,missing,ka,Georgian,Number Reef,Rekenrif,,,,"The short bundle name, used where the display name does not fit. Keep it under about 15 characters.",InfoPlist.xcstrings
CFBundleName,missing,kk,Kazakh,Number Reef,Rekenrif,,,,"The short bundle name, used where the display name does not fit. Keep it under about 15 characters.",InfoPlist.xcstrings
CFBundleName,missing,km,Khmer,Number Reef,Rekenrif,,,,"The short bundle name, used where the display name does not fit. Keep it under about 15 characters.",InfoPlist.xcstrings
CFBundleName,missing,kn,Kannada,Number Reef,Rekenrif,,,,"The short bundle name, used where the display name does not fit. Keep it under about 15 characters.",InfoPlist.xcstrings
CFBundleName,missing,ko,Korean,Number Reef,Rekenrif,,,,"The short bundle name, used where the display name does not fit. Keep it under about 15 characters.",InfoPlist.xcstrings
CFBundleName,missing,lo,Lao,Number Reef,Rekenrif,,,,"The short bundle name, used where the display name does not fit. Keep it under about 15 characters.",InfoPlist.xcstrings
CFBundleName,missing,lt,Lithuanian,Number Reef,Rekenrif,,,,"The short bundle name, used where the display name does not fit. Keep it under about 15 characters.",InfoPlist.xcstrings
CFBundleName,missing,lv,Latvian,Number Reef,Rekenrif,,,,"The short bundle name, used where the display name does not fit. Keep it under about 15 characters.",InfoPlist.xcstrings
CFBundleName,missing,mk,Macedonian,Number Reef,Rekenrif,,,,"The short bundle name, used where the display name does not fit. Keep it under about 15 characters.",InfoPlist.xcstrings
CFBundleName,missing,ml,Malayalam,Number Reef,Rekenrif,,,,"The short bundle name, used where the display name does not fit. Keep it under about 15 characters.",InfoPlist.xcstrings
CFBundleName,missing,mn,Mongolian,Number Reef,Rekenrif,,,,"The short bundle name, used where the display name does not fit. Keep it under about 15 characters.",InfoPlist.xcstrings
CFBundleName,missing,mr,Marathi,Number Reef,Rekenrif,,,,"The short bundle name, used where the display name does not fit. Keep it under about 15 characters.",InfoPlist.xcstrings
CFBundleName,missing,ms,Malay,Number Reef,Rekenrif,,,,"The short bundle name, used where the display name does not fit. Keep it under about 15 characters.",InfoPlist.xcstrings
CFBundleName,missing,my,Burmese,Number Reef,Rekenrif,,,,"The short bundle name, used where the display name does not fit. Keep it under about 15 characters.",InfoPlist.xcstrings
CFBundleName,missing,nb,Norwegian,Number Reef,Rekenrif,,,,"The short bundle name, used where the display name does not fit. Keep it under about 15 characters.",InfoPlist.xcstrings
CFBundleName,missing,ne,Nepali,Number Reef,Rekenrif,,,,"The short bundle name, used where the display name does not fit. Keep it under about 15 characters.",InfoPlist.xcstrings
CFBundleName,missing,or,Odia,Number Reef,Rekenrif,,,,"The short bundle name, used where the display name does not fit. Keep it under about 15 characters.",InfoPlist.xcstrings
CFBundleName,missing,pa,Punjabi,Number Reef,Rekenrif,,,,"The short bundle name, used where the display name does not fit. Keep it under about 15 characters.",InfoPlist.xcstrings
CFBundleName,missing,pl,Polish,Number Reef,Rekenrif,,,,"The short bundle name, used where the display name does not fit. Keep it under about 15 characters.",InfoPlist.xcstrings
CFBundleName,missing,pt,Portuguese,Number Reef,Rekenrif,,,,"The short bundle name, used where the display name does not fit. Keep it under about 15 characters.",InfoPlist.xcstrings
CFBundleName,missing,ro,Romanian,Number Reef,Rekenrif,,,,"The short bundle name, used where the display name does not fit. Keep it under about 15 characters.",InfoPlist.xcstrings
CFBundleName,missing,ru,Russian,Number Reef,Rekenrif,,,,"The short bundle name, used where the display name does not fit. Keep it under about 15 characters.",InfoPlist.xcstrings
CFBundleName,missing,si,Sinhala,Number Reef,Rekenrif,,,,"The short bundle name, used where the display name does not fit. Keep it under about 15 characters.",InfoPlist.xcstrings
CFBundleName,missing,sk,Slovak,Number Reef,Rekenrif,,,,"The short bundle name, used where the display name does not fit. Keep it under about 15 characters.",InfoPlist.xcstrings
CFBundleName,missing,sl,Slovenian,Number Reef,Rekenrif,,,,"The short bundle name, used where the display name does not fit. Keep it under about 15 characters.",InfoPlist.xcstrings
CFBundleName,missing,sq,Albanian,Number Reef,Rekenrif,,,,"The short bundle name, used where the display name does not fit. Keep it under about 15 characters.",InfoPlist.xcstrings
CFBundleName,missing,sr,Serbian,Number Reef,Rekenrif,,,,"The short bundle name, used where the display name does not fit. Keep it under about 15 characters.",InfoPlist.xcstrings
CFBundleName,missing,sv,Swedish,Number Reef,Rekenrif,,,,"The short bundle name, used where the display name does not fit. Keep it under about 15 characters.",InfoPlist.xcstrings
CFBundleName,missing,sw,Swahili,Number Reef,Rekenrif,,,,"The short bundle name, used where the display name does not fit. Keep it under about 15 characters.",InfoPlist.xcstrings
CFBundleName,missing,ta,Tamil,Number Reef,Rekenrif,,,,"The short bundle name, used where the display name does not fit. Keep it under about 15 characters.",InfoPlist.xcstrings
CFBundleName,missing,te,Telugu,Number Reef,Rekenrif,,,,"The short bundle name, used where the display name does not fit. Keep it under about 15 characters.",InfoPlist.xcstrings
CFBundleName,missing,th,Thai,Number Reef,Rekenrif,,,,"The short bundle name, used where the display name does not fit. Keep it under about 15 characters.",InfoPlist.xcstrings
CFBundleName,missing,tr,Turkish,Number Reef,Rekenrif,,,,"The short bundle name, used where the display name does not fit. Keep it under about 15 characters.",InfoPlist.xcstrings
CFBundleName,missing,ug,Uyghur,Number Reef,Rekenrif,,,,"The short bundle name, used where the display name does not fit. Keep it under about 15 characters.",InfoPlist.xcstrings
CFBundleName,missing,uk,Ukrainian,Number Reef,Rekenrif,,,,"The short bundle name, used where the display name does not fit. Keep it under about 15 characters.",InfoPlist.xcstrings
CFBundleName,missing,ur,Urdu,Number Reef,Rekenrif,,,,"The short bundle name, used where the display name does not fit. Keep it under about 15 characters.",InfoPlist.xcstrings
CFBundleName,missing,uz,Uzbek,Number Reef,Rekenrif,,,,"The short bundle name, used where the display name does not fit. Keep it under about 15 characters.",InfoPlist.xcstrings
CFBundleName,missing,vi,Vietnamese,Number Reef,Rekenrif,,,,"The short bundle name, used where the display name does not fit. Keep it under about 15 characters.",InfoPlist.xcstrings
CFBundleName,missing,zh,Chinese,Number Reef,Rekenrif,,,,"The short bundle name, used where the display name does not fit. Keep it under about 15 characters.",InfoPlist.xcstrings
CFBundleName,missing,zu,Zulu,Number Reef,Rekenrif,,,,"The short bundle name, used where the display name does not fit. Keep it under about 15 characters.",InfoPlist.xcstrings
